feature,n_points,mean,std,min,max
log_g_bar,3500,-7.398291,1.413196,-12.343223,-5.253742
log_g_obs,3500,-7.324712,1.412932,-12.395414,-5.165705
hinge,3500,0.119293,0.382166,0.0,2.422404
