beta_logr15,p_logr15,beta_Pmed_rms,p_Pmed_rms,R2
-6.464721870574083,0.0022058662533489715,5.6359651157156465,0.0072711920227456215,0.17640957837979188
-2.6608973673575136,0.23668216239544404,32.61024777476236,2.952771679956149e-05,0.17818411791247946
-3.3517684708838154,0.1381876341133801,5.482790941700608,0.04914946373025415,0.06345385877433762
-4.759954050658806,0.019936390480909127,9.185983627063113,0.4006680096504691,0.17972609302916487
-6.54974098529392,0.0013041303086424117,6.330420898237369,8.919872781761943e-06,0.19519561837049604
-1.9649805582145885,0.332888849986275,5.269134855378034,0.022221431344297014,0.03984653688631301
-5.040006699836046,0.005884199519437064,-1.94824895260938,0.8641688070884848,0.10906203666630487
-4.98361153016043,0.01473319690948067,6.762528413784824,0.014533603098907937,0.1150859031196263
-3.189880192233797,0.06106991273614303,4.823908704828376,0.0004061072676764677,0.06757464724792794
-5.724901806454014,0.009070239752838124,11.035158697250656,0.01901797448614006,0.15997099801808912
-6.887336917126574,7.375356014577709e-07,5.691400086252235,0.0010696070539919695,0.19589861916102524
-7.783448108577579,0.0007940769611734038,5.693671746224739,0.04693480184435953,0.1862767529812237
-5.536581231376247,0.005929783542160794,7.655658601337755,0.0005108362999060292,0.16348471914843543
-1.8369155898984442,0.326772492914456,8.085178098543784,1.041193783085299e-05,0.10129346429267916
-4.760002582246076,0.003823208177868135,5.9562976101626965,0.00014734319837206194,0.16311989091096568
-5.5125676627363855,0.0019828052940087087,6.799865779472603,4.842153090148458e-05,0.1321669689331325
-2.704814230973459,0.22037788920275003,6.665023861552264,0.0929448700501463,0.04575994320358656
-4.005768855062528,0.07528092341112855,5.863090656990387,0.0056558528977270804,0.07291864831356631
-7.264954453197132,2.2301446853749834e-06,5.151812272721825,0.007365301356974919,0.2926264470879274
-2.4840755686128477,0.2923046255614651,7.735154457723077,0.01213430725508431,0.06721464553065093
-5.9083797917543865,0.0005449970962405821,4.819807005766747,0.0005950494134651155,0.1139285145112724
-5.583614905875728,0.005090989201354787,6.634759962954979,0.00014166631840802313,0.1345234348086657
-2.316188871343683,0.3020638644813771,8.403031002829938,0.45159538270827715,0.04602791518000682
-4.217050288036195,0.045510537062987584,5.866086786723002,6.55249697055178e-05,0.09089587678868138
-2.524919165357424,0.24567162832731226,7.180439438589125,0.00058598116043659,0.07128920176491638
-3.9350364025305518,0.03733139578196413,4.816268537444724,0.00021586649179575738,0.07501607841155689
-4.752142286221614,0.02017198081408434,4.0216620982453275,0.2677055114648801,0.11306281505192328
-2.9094460974935012,0.09761148911153877,-2.187813527468528,0.8523880319534961,0.04706260927847472
-1.4989672619032395,0.46396549807060583,5.535652142370667,0.00548129229069414,0.04700199650659331
-3.7273371373474435,0.07431297996655878,4.40783319481764,0.02423038968272701,0.06494162490120114
-3.9683196237812384,0.018204604608788196,5.019210155128842,0.0003568863173575664,0.13670578620875629
-7.657960719060052,4.1941590569219337e-07,6.774811601796196,0.0021028909514681877,0.2167986939926031
-4.61291475341304,0.01696922898658805,6.354507912080765,3.6358153016394932e-12,0.18724581784446537
-6.251318820113175,0.0009527686066414025,7.726722643505563,0.23138755373238606,0.2220009727121075
-5.355947207232766,0.002676867231200923,3.660676349962965,0.33960518050830946,0.15386169051056808
-2.8063693104318186,0.07256214149762007,6.94476465808307,3.916789344340845e-09,0.14436104655859328
-5.39901232698971,0.012527473924946655,4.6409953181129175,0.0004835075736166365,0.13472246148158806
0.6520628079105466,0.7628482745298526,-0.23503682726638425,0.9418275238208289,0.0016252932664866382
-4.9266430993971015,0.00536203212677007,4.295742103500089,0.08385686981739429,0.1001817359189473
-4.326636532806656,0.04452601829885952,4.07206747434928,0.09206836330524659,0.0663420580367341
-4.307841840766918,0.03804537503861653,3.1257218756023732,0.24366292598747807,0.06811083267498208
-3.4222317508083284,0.07443254981873136,5.945797309410729,0.4490391071270119,0.07746620422982609
-3.574467066185844,0.05282259374230047,3.2877652319081605,0.14166121909164492,0.06465088653107243
-8.86562150709617,1.962257990794204e-09,5.275069426004382,0.0007964557459124242,0.285958318951713
-3.333252659356266,0.15779116661612425,4.302590064533565,0.03208186001063386,0.04904850076305434
-5.120276701960764,0.004684550110980745,3.3999132068802047,0.5333761116289089,0.13653194640280952
-5.175676819405067,0.016196921237741312,4.826753468138611,0.09476040914458476,0.08688495275798036
-3.492514951697426,0.22732420499262673,6.864070131921233,0.000301000377438408,0.08011054146205587
-5.238869052103995,0.008389907717320226,4.630210993882598,0.09967454008852275,0.1320846755172821
-2.9796819563645056,0.12091494064809084,6.929470822719197,0.374108428429096,0.044255212077515704
-2.24764180969651,0.36034318660790154,1.0105332044236437,0.7855309390631543,0.02351714367289326
-4.527070414154266,0.001845445682947987,6.3509786742183785,4.948733658908434e-05,0.1509615266908173
-5.00844640406257,0.006982475339927297,6.1590040408239055,0.039937629425625454,0.1414224979692842
-1.1176252939870304,0.5218719944736508,6.051389298805583,6.074295160466847e-06,0.06686295780448004
-2.905140420999789,0.07593946258796277,6.247123950526168,0.21492764726511915,0.08685823054065056
-6.180434472306258,0.00018482476416237703,6.806107260328761,0.0017283294175120044,0.18954661731358557
-8.001890681105953,1.2344176814328115e-06,4.472143576787929,0.016639832745303788,0.25785301896485624
-5.408172120129749,0.002412804855575836,4.53295269086496,0.009168515257238602,0.14680913549636343
-1.9294867265768954,0.27769387099450016,4.2257625734844915,0.004931458042248611,0.04646814648277742
-4.455485982106691,0.03872758892607628,6.211363196290882,0.007527258788878616,0.10187721321254528
-4.318521158825574,0.026611736813983634,5.157873955395372,0.00046676627495408237,0.13661299976636165
-5.087513485766085,0.008080490746169329,5.752532148867655,0.00020928965670081637,0.16814941448197362
-3.7109853207183963,0.0925355518727966,7.188493390279704,0.012732573514354225,0.1036962093210575
-4.2316946395056645,0.01891383900076989,6.367207052621727,2.6121109642036376e-07,0.19262409687014803
-5.061917623937393,0.01130542524002244,3.3674014559044942,0.03045499246777487,0.10111564402320339
-3.0264667774589236,0.1325043363734155,5.088077695458886,0.13189609800716198,0.05311891780659728
-1.994083752440122,0.3248884214625388,8.16777178430098,0.2232448137485391,0.07967171972528175
-4.597893219223531,0.01819307960398633,7.534824050714745,0.5912968267718668,0.09588853918944928
-6.644527133245348,0.000265734708957953,7.181092126764933,0.011403089599251905,0.14973981129196057
-2.1615670873161332,0.3633440504322927,5.0779517064437565,0.0017220112163670168,0.035189948740943056
-3.6649411747993246,0.033027314900331554,-4.979018469424499,0.5627255782205327,0.05605846181419727
-1.1567211048282369,0.5538495888932664,1.3294220235155847,0.8807943024229727,0.0070886952441838735
-5.677883249738737,0.00038517856257205076,7.213820312018531,9.424293206868688e-06,0.23877048070836526
-6.016753762068976,0.003221854576785372,2.4548014544315886,0.790504963108352,0.09184411865531406
-2.7478897529303663,0.11075447440299319,3.596030516506973,0.016401012172085977,0.04072973523837542
-2.892382199158602,0.14065911059275954,3.67982976012576,0.037400494671995174,0.04232899990812744
0.1970998229673667,0.9335154473476379,4.135670721745525,0.19432305513535308,0.008455199772673283
-4.131819168010626,0.04533871989093655,5.391477786378396,0.00018199986081389558,0.06979011163349147
-3.725531329338524,0.12488483754038496,6.646496974553881,1.0394699305319946e-08,0.1226113363196254
-0.05419605335472967,0.9829091374189015,5.264543886576442,0.2218694209695864,0.01384946069752957
-3.592653769294435,0.038688113278475655,9.234063538727607,0.40285770185362624,0.08887045960894646
-4.807915294408942,0.001088331704186525,3.5982457003582997,0.21736302633510174,0.14695351087127695
-4.7906648111521255,0.005447250366542956,6.018388863075619,0.04497215467508815,0.11476288848670113
-2.1756060585836097,0.2344517280289582,5.253514054459945,0.009084588331537918,0.03796347773874387
-4.766327728808588,0.00993592249206139,4.957640493144223,0.0005327012875203399,0.07526885174240738
-4.351487449201194,0.00887823444912558,5.6228198328125165,1.0871377981507948e-06,0.1282715804056137
-5.099379704026077,0.0035592485407267087,5.716638492288154,0.013028824608983795,0.12400732851122132
-1.9612204620310663,0.3339195363155827,4.414719663214747,0.010482134894024107,0.04619887758218022
-1.628561831842453,0.35419217466064656,3.8088278621010887,0.0010902440139620622,0.04174995752919153
-4.4191401388083476,0.03747025954294395,3.858397042668993,0.07671824859696738,0.07220006461931483
-6.097493613599783,0.005793632604277039,3.8257456372487586,0.05597875513818994,0.1349254361123834
-4.408059698802064,0.0015706005980486127,2.9192929821435065,0.3240029267189273,0.14324447214433522
-6.619895113105297,7.590436348113241e-07,7.354771492571791,2.9479660728420253e-05,0.19753333478004198
-0.05920731217284657,0.9767465489902928,5.043138441510984,0.6155119958527193,0.005371787533547279
-1.0259607600235034,0.5741841920577059,6.931007543902113,0.0005786609748995013,0.07853175036799454
-2.620901842695327,0.22023141722305206,4.884440553949204,0.364223505318928,0.054910910763631304
-0.974086386631502,0.5846626229905629,5.171379389381614,0.001036878545826242,0.03331748505371812
-3.4364687239453686,0.08290867639417578,5.297020111106981,0.20489396474501664,0.05280064099544335
-6.811990048508928,0.00022779507657289132,5.277956841315167,0.000750013653489967,0.18792802404929565
-7.200167431672702,1.8078413573989175e-05,5.615493895976392,0.320944171865327,0.21435061518616938
-3.7933997859262,0.029533788365421542,4.989646671815659,0.011862763351906879,0.06063373830197816
-1.7484566979469927,0.37372670572188005,6.344639245368753,0.00016208484019849357,0.06837785123275364
-4.127876610914651,0.04014933438727644,4.919854442248803,0.004344794332138429,0.10953027866177334
-4.255039374421663,0.1652363335012269,3.5110301739379723,0.2168792284877148,0.03312714021963592
-6.264070633068467,0.000403504572231118,6.479871756529521,5.263680129232188e-08,0.1910235648718781
-6.660374850328636,2.8377926886793182e-06,6.167981238902314,0.0017581231622974397,0.1484968759265276
-1.2423933287454443,0.5417600080194527,7.259429327701477,9.783817503726377e-05,0.08192568731314709
-5.459604623145899,0.001085394376225743,4.933366147285317,0.002949896122174465,0.14536745596167777
-3.0986690392263934,0.14252498846307818,5.722076285811936,1.5412380203888246e-06,0.08876788775438194
-6.628494675417789,6.820187309289592e-07,6.479570155532389,7.732900376771924e-06,0.34936435188848936
-6.821404149280112,0.00024819063677325887,8.69124014044772,0.20506553639969471,0.16329334128167972
-5.950819828887659,0.00018343301834502045,6.219084328252848,0.10207232152899713,0.11726751217015308
-3.774445361517681,0.04209500948030324,5.722466384335893,0.0020487644595265342,0.10410829051280612
-2.41133242252123,0.22755915118559955,4.286916283269338,0.06137026490887045,0.04236029512649375
-5.682001419214637,8.458218854556737e-05,7.242949690468536,0.35226086678059176,0.22450322501364484
-3.244202209654127,0.13626504320210742,7.274894133908797,0.36347120457230286,0.10601090208465691
-2.7545115389189494,0.24871808870839274,3.2302908884713974,0.06670101543741215,0.03710796555514018
-5.650741560731835,0.0010019698088747195,5.283802852464501,9.159236652182134e-06,0.14193997501447708
-5.659264446952768,0.008218445855438933,9.392645626608871,0.21183647481120693,0.15876253410073116
-3.2131169768366488,0.06746337134595982,4.266828553550402,0.04779792977412743,0.08055810326339197
-3.2643474032459006,0.09353784593858518,5.9844405506364176,1.8821605368222138e-10,0.13286444202801362
-4.007747813529854,0.034329421808460145,1.0550695591731645,0.9010343101629608,0.0627118958214784
-2.4203629351291305,0.1267706824504429,6.229686457834259,0.02605031628988104,0.08064818937791673
-6.144443899020668,1.5635867792522268e-05,5.464875859221263,3.0837338138618323e-06,0.2032050573812284
-5.410089384717704,0.010909323126023402,6.764847446649956,3.5651201503849754e-08,0.14770213693304657
-2.843091113020199,0.1149412302514756,5.692987187596978,0.0018036598730227142,0.09285889719474627
-7.232250018122663,6.875778342869342e-05,3.7843059359308446,0.4424077720300741,0.13818576842064478
-2.672296946675855,0.09586068828593544,8.850522839169757,0.008014051277093114,0.1275995437461762
-4.910315338972124,0.007966467741438528,4.504433409247297,0.049616778097278214,0.1253484137340769
-4.845381246887822,0.016209640370818276,3.4216397632523887,0.19264185259367905,0.09836909881273237
-2.5864456860144585,0.1694677277696487,4.25589595165952,0.028402545210222632,0.040008959834790025
-6.652115466899803,1.826767411395533e-05,-5.118948244951036,0.3843014786778415,0.2345311666567682
-3.4526473006645,0.07164728572431228,4.0540724304297235,0.008496695593438365,0.07308597837959685
-0.01973664419688235,0.9902470476299337,5.787183306670641,0.03510014759593853,0.027950839851268006
-6.468069248410863,0.0008881540192731262,6.883042329507655,0.31555718896769724,0.20565019483264424
-3.7457971402173955,0.09773335965476726,3.8559415566917647,0.0018580897650163249,0.07222491667177311
-2.184978024211282,0.30806598265478047,5.957549849188126,0.5476378715727346,0.030455243214042138
-5.888525978421511,0.0019032657259932166,4.810021604139561,0.024369366668870084,0.14900356869756148
-5.8094521932012295,0.00811028894101089,4.736909417252812,0.03384085863843778,0.1351829809778864
-2.80871147131534,0.23754208501990515,5.578842304810075,0.00023282375531277804,0.053804230338799885
-3.950547452003794,0.07311926735272618,5.9480643849236055,0.02469960075496915,0.07111548622773212
-6.579921235740496,7.676520515307624e-05,6.249467659842996,0.009335030130786803,0.24459907912291723
-6.309936601195698,0.00043927241013167454,4.657846382654935,0.0001704104833840435,0.20652116819956368
-4.940741563695211,0.001171311172143146,3.751194870338948,0.41984642821227713,0.1647279596707686
-4.094374159461041,0.07632552460224552,10.897025271491929,0.26599129596613846,0.16798215167056152
-1.0247175595663973,0.6734963871225745,5.077172479019028,0.00445634355618229,0.027240835951856113
-2.7938232786955064,0.1197173355524681,5.9158356651982125,1.8574602021975726e-06,0.097366525935901
-3.988493939685553,0.07963208773896574,5.95620334720493,0.06125645087677785,0.0737132128774588
-2.398178373315483,0.18884593627787882,5.682664544643778,0.00017174158635557666,0.07114373441136668
-5.199722678208372,0.017359539575276355,6.2434608375421154,0.0011756604469983338,0.11813432246045408
-8.12972638027254,9.175285376925973e-15,3.6859863277582354,0.5038768140010709,0.30365692952785084
-7.481290706127562,3.800594593374436e-05,5.704569196157432,0.006487836713931612,0.18740105493163506
-3.2823015542036393,0.07429200601115168,3.132676045145228,0.4573982454091924,0.05290945412920156
-4.2047976294199705,0.03567435725746931,-8.06926223866769,0.24193078241734556,0.049386994883235835
-3.468033768313613,0.11171770530902071,5.609856303468204,0.03971113250010258,0.0548647958452263
-7.649849949844988,0.0001017973010869022,3.4089366463895017,0.009608247030765071,0.17764663039803252
-3.912437127054547,0.07555444993438533,10.064337973311655,0.3138767276131892,0.08973061808038119
-4.394277021060886,0.015290249413198818,6.924973002717839,0.27222753452471493,0.14127271599081204
-4.356897494832352,0.017542502967951085,8.681956847248063,0.00854762659847035,0.08290976718628151
-3.510676489714924,0.048161852114722195,6.701647212271401,2.48174099957364e-07,0.10688527406001169
-0.6784912263080091,0.7556825127132735,10.36330100665574,0.3430232433413486,0.024118214854635944
-6.586048922118662,0.0002813475729311168,3.08007715903273,0.5096250962251656,0.15183213401473483
-6.085125804650823,0.0002111084882887773,3.2474286006046005,0.33793600431992454,0.17255565753544966
-4.849980368073833,0.031985545463675595,7.084198470658727,7.187505981981872e-05,0.11441017459875491
-5.4420326216524,0.0002373826289775266,5.767964113510364,0.05490123557547166,0.15746199554605733
-4.455458621106411,0.05224715889427729,-0.2803145314562361,0.9755343672676513,0.06725618871268524
-2.399638420408961,0.38645388354309573,4.932381338332523,0.048065081798855214,0.03644754518558213
-2.415533000605125,0.2157479277430676,4.955206799183039,0.074596040398188,0.04475818827165823
-1.8786152941360035,0.3409637936381448,3.175345500687763,0.4632403544973035,0.02425806044540746
-6.606070758525143,0.0009649992413865994,7.023025830346544,0.0002171197913959222,0.16617374232752669
-4.175695687884873,0.02007017789969524,7.318799285863722,0.005559042780770628,0.1302956462149767
-5.102250636630876,0.023113618648372598,4.52340831375405,0.0662186140228822,0.1071408289546204
-5.256132562957557,4.136842008148784e-06,6.789939232293041,6.098867824988812e-11,0.26633331588482945
-6.861438751541654,6.998565753298768e-05,6.381059836205829,0.4095012741718851,0.18164409465493903
-2.477346077511944,0.1520594137631378,3.106589404244181,0.07652606246136831,0.04792407896772455
-2.878467105054493,0.05139708406423492,5.439479301777326,6.915443305656074e-10,0.12341327739899532
-0.3407255408217952,0.874961862561157,-5.2240389674208565,0.6250237655422342,0.0035840711122583357
-3.0026075772737775,0.26101389915668993,7.1443179322531645,0.005286615641899982,0.06175627367789027
-7.994546618208546,4.557180702361832e-09,8.349370781892954,0.029408588400138373,0.3110282167473317
-5.716183404618819,0.001558828163574679,6.395831253487365,0.0003204262834898992,0.17876508619803622
-3.69690403144999,0.01801049449936467,1.6601934518542982,0.8236642586417132,0.10175158094067993
-2.781629445283762,0.14339746667477676,5.106861730716812,4.419565722383181e-06,0.06307079251909442
-3.446009737846486,0.06533929042252337,4.956453092587431,0.0002543810084242382,0.05845262387331174
-3.767361797650504,0.06085679837998434,6.653398332937431,9.567312568766107e-07,0.08921338559760927
-6.1217151784410095,0.004132750476391782,4.4046668263604944,0.010358597611935572,0.13654169419849504
-7.196322025233254,0.0011033289559422763,5.743483153193522,0.003582996280334584,0.21984554852695326
-3.7816634319703373,0.02153461579074501,5.65232112566297,4.670732057483747e-05,0.10580503549122577
-2.0591373063320852,0.33745407938449135,5.070154791955226,0.003359216442430384,0.038604463025033064
-3.1650485321553505,0.20438609326669943,3.85873127137386,0.16455566623678253,0.03604495379174344
-7.966361399492238,7.579427668418056e-10,5.805679552609989,0.05020130944437567,0.27592438636440675
-2.8006126548922174,0.16224018570854237,3.8226422105605202,0.08906338416984738,0.038023241202085445
-3.7578911846494267,0.06768230522082312,7.3528797374699835,0.03429506850663643,0.09380977217378306
-0.8783032708186964,0.671487174911944,6.713474767746292,0.44427590099178604,0.014337941476596727
-2.4839961589405477,0.2616002266237999,0.5498662861846264,0.9500426277873858,0.025188413259121023
-2.483507683192314,0.27303723475335606,9.446723171670985,0.38819915268167726,0.06915945277176427
-8.080616130410778,2.457873546832034e-06,7.1206919111462295,0.01751514227116219,0.29694797621007907
-4.39215925176505,0.030967471875768197,3.0841109949296674,0.3054510845200201,0.08957241123470538
-5.406438985317846,0.046633364860169446,4.41059927934272,0.05592468276842437,0.0806928141130745
-6.4565080188516175,0.004547007352800593,15.984050559697694,0.06158428604732629,0.20257046159360548
-5.252518450586851,0.015247018120533279,11.00682807513347,0.096745140727358,0.15819569171075132
-3.4723927282349414,0.04720967734201626,2.352329496068633,0.6537031410885424,0.05938572729494518
-4.925000151721712,0.08153437414876244,13.312910702693056,0.6086619446120937,0.12179123100191203
-5.721051281656435,0.0013959292586585782,7.944141056306352,0.11877855889030145,0.1531136908441414
-1.7337514485321972,0.39892997233965755,4.440087128862264,0.03525097017772069,0.040299921943888206
-3.8580019382797826,0.016890235721607527,5.787537004177206,9.540502137715704e-05,0.1328812414048004
-5.954370657520114,0.0015783561845058788,6.410474456196757,0.3395918736488742,0.1509962334793601
-1.615004521858324,0.3885724155162755,6.9317926236225755,0.07756602764853981,0.041027802476251596
-6.411897227012317,0.0039870562007548295,6.087293679677526,0.0005109849748578427,0.13818935065067361
-1.8532091611768884,0.31825065512697603,6.0888484447707025,0.0010911597169133032,0.03840146243631959
-3.3468856609203104,0.1309481229556019,3.0196870358722947,0.395648999426097,0.04521817724370314
-2.76541313558844,0.13670543769237659,13.836725140691897,0.1056723191013328,0.11542201772268723
-5.1782977934361,0.0177579448375265,7.052796622306853,0.023784752935627745,0.11295697003511618
-3.7988159883537174,0.038568756379141166,4.760033937229984,0.16423615416859383,0.06198998474850381
-4.731515971623618,0.006610294640789744,5.512412621756555,0.00038468478290447307,0.13712293195840963
-7.202538225005788,0.00017556343391061677,5.653984379291835,0.0009295939089929742,0.15634818662026717
-1.442293799812739,0.3892948879707038,5.597766542833179,3.351174650369873e-05,0.06294525836820197
-4.660829927181093,0.034455484059443445,3.117083606273124,0.38458881670927214,0.10012824520948349
-3.293149277062636,0.06793638046904348,5.307299598680581,0.11950064339577976,0.07108982203100545
-5.867357534961165,0.001249477074194817,7.33217801400838,0.006765593091891735,0.12669826340547052
-5.287120670231014,0.0012275092478175925,12.317664313879535,0.11916694783965562,0.24431293523488828
-3.3524501322575344,0.114284609607627,5.351528329448046,0.016617106370269343,0.057750019525381835
-3.4143581595478696,0.10339381739047727,4.238104554483579,7.804410017410056e-05,0.06656067414059696
-2.445775483545647,0.2660648436023656,-0.7189360182671338,0.8231820768604259,0.028151452642931618
-4.711168389509623,0.028644542134296676,6.566961359017217,1.686774857112699e-07,0.0911180430195151
-5.258475991320502,0.013683110770987352,4.4763217727775455,0.08617883452623136,0.10771753771993298
-3.019817095569892,0.12475060403142384,5.475221576207249,0.001526072242868001,0.06055249744661073
-2.6622256008268654,0.08915003714041199,7.566311552629778,0.0008218931855236277,0.08977399384293372
-3.2431912821526927,0.1290566612336447,3.88588763645738,0.0007691059281736712,0.06454895392808979
-6.606560840080667,4.6522888592870366e-05,3.303623063120998,0.18847752707786536,0.18650447080323185
-6.962751891308093,0.0008244504737947971,3.622426990781042,0.01850845656312722,0.14172164934569265
-2.3490113359135516,0.27481255337443444,6.114564499693792,0.0003033953089379322,0.05084301191500484
-1.9767368817875552,0.3050752850571422,6.340487861848849,2.0510947714758103e-05,0.06356320757586231
-2.9030628764695576,0.1976733808436778,5.545469096931654,8.984500334334901e-05,0.06336288454356143
-1.8372684474748848,0.31031309119921,1.883929106141336,0.6181583726751928,0.020513887186504598
-1.4178157159366263,0.48081936481007526,5.188616776983355,0.01539167478443057,0.03234625047908524
-3.248018865203475,0.07402654116929287,6.347658901241785,5.044502291191384e-06,0.11618501873143194
-0.8095212989947963,0.6640965115325737,3.1364528862192964,0.07388015166389081,0.012329682148584986
-0.319951312621846,0.8981673635333381,7.775063472471401,0.05716980083654609,0.04899213633001376
-6.476163764292262,1.7600325000810627e-05,7.358712711759102,1.726569405226998e-07,0.24957128736181544
-1.9225621716822232,0.3896376687495361,6.132238126999064,0.003925397976027646,0.057805334122900676
-7.820221857002339,0.0002674397775088479,2.429378176116003,0.6441760866981836,0.2004298531688421
-3.720661515592131,0.04164696779826831,6.660519838856899,0.012249307861019914,0.11308643571491361
-2.073687355825901,0.2768820243894702,7.841584007878848,0.00029602513773839675,0.0673230719761696
-4.972471090540778,0.021874232640489658,6.990969086009144,0.4215000208900985,0.12238452102410147
-4.5584732231859615,0.026343083254450044,3.0243249772841287,0.7458699359682347,0.07855781330171785
-3.6707397905303742,0.010054747449899582,5.611502385074649,0.0082150558060924,0.08943268130435089
-4.487914612568993,0.041058310443956865,5.182314051499993,0.060300636440482114,0.09073075845760925
-3.1519785611511204,0.18014815915459081,5.313267451008137,0.17567964133189473,0.04022686847580803
-2.0840196051771462,0.22237964474999572,4.113162014124843,0.017357041080077608,0.06802772654182443
-3.0565115613749296,0.2277572824078241,10.728717913641795,0.47529409440766024,0.1067683738589349
-4.678587949525331,0.0032374637644815695,4.151988621615109,0.3661569165244982,0.14184724096595935
-1.3323822097429585,0.5505097896178239,4.1781036739576765,0.00015083163441686226,0.044324444967151044
-2.159629039247772,0.29768698195510024,15.883116055406564,0.10755803250128235,0.09506924059924504
-2.172147397310655,0.3271006768373764,3.3032578005156257,0.645597002279797,0.026450905170559813
-4.425703373993867,0.014325708311968296,5.763696047975842,0.19905353851740415,0.09567265903578359
-5.545140325339377,0.007575350960246272,6.475502308536294,0.02557675822008796,0.16167222126588665
-1.5994648445990989,0.47343462158985317,3.8208757234904236,0.0807810584493657,0.024190177681373548
-1.2901121352515494,0.5662173983281693,3.8845373103063374,0.0016821841673636895,0.03160220832757821
-7.613543508094592,7.058777152250263e-07,5.988779387764998,0.005430403381764166,0.20709513940175894
-3.106338267481242,0.07698710961408738,4.920566693586058,0.0007450853703676244,0.07141077670398766
-3.4504693182031203,0.06713324152074224,6.950203336239797,1.4524586874055185e-07,0.09432206862803805
-5.204944391057506,0.0010578948883861303,4.675575973346793,3.375391006315951e-05,0.1536599867590348
-4.4460711674003575,0.0411707018270985,6.045608456664757,0.0013271042016817847,0.08866552424995944
-6.308281078477834,0.002149571218097393,6.703197821230442,2.1808034484294446e-07,0.23767932234007727
-4.546284468952342,0.02997752748285826,5.475691851894771,0.003108748151056325,0.06500393986168973
-1.7794966124162725,0.38766379924992145,1.3730274361474664,0.771746805178086,0.018893605748067865
-2.8273864334305583,0.24651163884098815,1.4549727401789063,0.847398285865692,0.029275664535918233
-2.4030021661913947,0.21566323169245627,5.4245632883753405,0.011192952130472902,0.04902074155507774
-3.136435735181798,0.16911579391662745,5.8232104872891295,0.01483969097016776,0.051433240842641004
-7.475819907063073,0.0002580108315787734,5.311592687543628,0.09848300493024018,0.17934225849052743
-3.271679502520477,0.11277513349321852,4.320827379855694,0.17385029231169946,0.06237338780530799
-4.450500521755531,0.026044298595055387,4.231275143730971,0.027136013765195265,0.08677638782710972
-0.9395258985501939,0.6797318876205776,4.127260666715904,0.00806906814143439,0.015523122743286932
-1.5222078450423666,0.4908572746926343,3.637373940659501,0.16125548195015404,0.012081209906899648
-4.7041494156183195,0.04037662624687654,8.607233836456654,0.02232429539007493,0.12940023637573372
-3.676991354937518,0.20488748649199273,7.396480953347518,0.5870310490141268,0.06707806585391152
-5.481973880893982,0.0023364019812516013,10.979015202587956,0.48897888718501337,0.18857195160509144
-2.995342223782554,0.048993176209353076,6.731723542579589,2.3789788090014206e-05,0.12182684030551394
-5.4459710172396445,0.03806013448188403,6.702217491519141,0.00019646123049285819,0.10653109034013408
-2.8749280313767724,0.18159662649202857,3.575945942291739,0.008354104243289496,0.044379472447791835
-4.171366732342688,0.03713783291265507,7.468951258225132,0.1539023003570851,0.10589206167434484
-3.4844701734323205,0.11805986203534649,4.622711168578972,0.16719541377699332,0.0603656608338321
-3.74699150962037,0.05999130115331349,-7.113740134401984,0.32217426581059716,0.07523750529923279
-0.24314100181130038,0.9180809680248677,8.024065184322284,0.2736705803586824,0.04008950750436391
-5.752536078950614,0.043872269009619894,1.7667434915789935,0.7330513947563824,0.08665959404283952
-1.7444127349448837,0.346207408852093,7.550655266372478,0.4890303442520334,0.0370531538158172
-7.616393849051021,2.266429859617827e-06,7.8223734573829775,0.0032356307142132165,0.2617087251833574
-0.05515282580778135,0.9710038233501107,9.650741648861464,0.2387585917827264,0.07552546001330651
-3.359318590587764,0.07117836350041683,5.092849591974087,0.18179041118964112,0.08968313084330248
-4.045563053586718,0.03503231732570054,4.7637226847420555,0.0067535789406495406,0.06023651488798931
-5.081069400726288,0.011618667041080869,4.169720932803913,0.0012963789787056473,0.08834349844902256
-5.627515361817608,0.015907384154101294,1.0400493595289777,0.7655534468834855,0.11172096499290551
-4.30932537542159,0.0063425971523800645,5.623132307741959,0.17819708221625663,0.10695137586085457
-4.275462855399279,0.03074267869528699,7.646867092949717,1.5091565879687984e-07,0.12959545714157228
-3.850761951455383,0.038100647237983086,2.6792199085008885,0.7351121813705936,0.07495391271389384
-8.27989697825175,1.1714633333359493e-09,5.788518977278498,1.1112221318429405e-05,0.29089829279778745
-3.7938132552719033,0.05571682462741303,12.890962175549449,0.1524766989842209,0.1642517333593998
-3.340995530060222,0.1272581776935689,3.453554796813809,0.002126469795227398,0.04809851214498062
-2.9591081530195757,0.20874069132064377,8.981265483548023,0.4408846994049158,0.1293611871699608
-0.6384458333813833,0.7816581313173467,10.283850497317523,0.2892397687562439,0.026570350986322655
-1.5822674199959685,0.46610956016128213,5.683930688224628,0.01028942127508295,0.039125180717218266
-0.1922372603272406,0.9338218456762682,6.658203228437714,0.005257475058146695,0.04015064756179032
-3.4705003946921047,0.031686828662134466,4.9260249314089855,0.018531694181449978,0.08629957345232853
-4.6434103211586795,0.022170892443858756,5.33258406782663,0.005494407682670221,0.09299707623861564
-4.873407308845811,0.034408969979137546,4.8051589469172615,0.00017363266059227628,0.11141546272983294
-5.501380623855373,0.00020531646733562477,2.9984731064704326,0.2717891578569178,0.1532324951618781
-4.1718405176733855,0.051914329361079516,3.6433232571396026,0.16025803369948322,0.08954399561123183
-5.0538914456001525,0.030601147380877384,0.4788808826960284,0.9592614684095444,0.07193237148202203
-4.294571542775336,0.012807283243741722,4.327299857689362,0.004432257733330721,0.1139408746648014
-3.907853181232506,0.05415818851518074,6.047864118577349,0.0062744567630789415,0.09284285263660719
-5.424040122899651,0.0009157286979769208,5.136882889492081,4.723643743444673e-07,0.19221512769229576
-4.41432380677521,0.08023452201927539,8.454360561489617,0.4665134591595431,0.1041876138528427
-3.0674379288434594,0.21985077680168563,9.946721253521964,0.5223073405817678,0.10795609243343507
-5.659437843321788,0.006680744639645081,5.221712381322693,0.1041278510828203,0.10082626298234176
-4.792529965252123,0.007429290957929184,8.258978751457343,0.0919486947774088,0.10792689759688867
-4.005683312309957,0.04688037389798881,14.66862595346449,0.18735071516844404,0.09601900473362512
-2.791755233429605,0.06740998771134832,6.47453784022062,0.007485280677936385,0.08607133903003628
-4.160277129088618,0.03886060948818298,4.959972900817037,0.0021537709834620745,0.08929955447664517
-2.88096840992845,0.18601285397521372,5.088135261011292,3.0257264911867307e-06,0.06567828224320871
-1.7137921354146242,0.44475773042402056,4.249493684183144,0.07568806779319774,0.02122134904011652
-2.4551030457664518,0.15672321185169819,1.3554757366065,0.8618991638565459,0.03897831822958897
-2.1897562086816267,0.3381778040432759,4.548339171245407,0.00043624447735491733,0.06618535859955399
-4.757615469511049,0.02339005029855318,11.245979258082656,0.25970753623966625,0.12078877654078168
-5.037757066030418,0.046240790631583185,7.172805879619948,0.05960399061794434,0.10502656347462114
-2.014430771350655,0.19030648494943236,4.12885392160977,0.06362969905940973,0.03371097753927743
-2.715896084019398,0.16553337434676907,7.926184921211336,0.3441091881606153,0.05435198165281685
-3.4476318847182235,0.07114919453730058,5.50877230529738,0.3968912180116768,0.07051743460715121
-3.339382594180373,0.019528079425752645,7.71212821377929,0.000779116736393305,0.1344756552378341
-5.0514332617778175,0.00154514007229073,5.35068082901137,0.00012600282945784505,0.15154707049794902
-6.4301017641136085,0.00019487455660665922,6.199753691964931,0.34400206351645857,0.20259837015751214
-1.096274935842617,0.44577367172623183,6.750574140793337,5.415263411110654e-07,0.06343227207218871
-4.036617393451144,0.01969976710869747,1.7936551055135619,0.8006584729900664,0.0717265298765124
-3.89614287617169,0.062074995044697705,4.933154113137047,0.004632940099863744,0.06784015100118812
-4.728690485277805,0.0493447256583382,9.879423991329205,0.32914048174204025,0.13885942764775716
-2.5849497039842317,0.14213812739577406,5.2114577547145,2.0959262062533746e-05,0.08385174768377546
-2.9384195837446625,0.15870894024658921,3.5793640423098694,0.18778023111850384,0.04401342735496927
-4.774658785831817,0.024568593801780444,3.0706372602411918,0.21030592295851191,0.09585298824007205
-7.858074838137367,5.0027780239750806e-05,4.9389664256017936,0.0006158654016834193,0.26164562545307124
-7.30015384138661,1.3428748137592319e-10,4.908016181386906,0.00043849318558689544,0.23667347865663102
-3.083107905772089,0.09562708932435841,5.375095728783503,4.0102587728738774e-06,0.10929809469050433
-3.3523191129362604,0.14252928701870757,7.2100044323656425,0.44021217449037187,0.05776138810203146
-6.448971504626504,6.591816571706826e-05,5.767564593821673,8.620811445541524e-05,0.19850849144147842
-6.450672311666127,0.003842804349185166,8.590779884435676,0.5218173044528834,0.19373067560959212
-3.5176227503257853,0.008457945222413669,4.906604441440036,0.12607390123473886,0.07590667461362632
-4.344506376644157,0.04143365772278614,6.201278369870778,0.4186812390214937,0.08223317680204378
-2.568737049076257,0.22393800928288954,5.588918990644934,0.004565690371982214,0.046243208277229275
-3.90227638990782,0.024955286497662932,5.717901147542237,0.001684110049988677,0.07727696130775685
-7.113313251511066,1.1987528478258152e-06,8.307565726822311,0.13751966114256198,0.28493340350134233
-5.230842474002831,0.0018394678274518685,3.99025041168751,0.30400242967765345,0.11866816992802709
-3.331491433521332,0.06894878693944101,13.625399399826778,0.1409486930568786,0.11307811794819433
-5.243543048275667,0.0011394818360853983,5.3432605640642175,0.002275318127725279,0.1576728042919201
-3.7522035317995086,0.04164822627897798,4.602075610157848,0.001808047474886123,0.09230578445783288
-3.259210689455999,0.10503944666590069,7.508187020642297,0.28923352080679887,0.06927941357579048
-2.1238692259961494,0.29426516765074384,5.375524995186508,0.24876008219563428,0.034403845591160276
-3.1350609422980034,0.041069559685016375,5.436232480569913,0.003357232111496177,0.06733566724010998
-6.327644632084768,0.010338635865167872,7.548236748523998,0.51404565658162,0.19307616107442505
-0.6196486924209175,0.7604216255153118,2.9435724617708288,0.3445387997382324,0.009990639822768266
-4.251046912100159,0.05600238699284459,2.9835763749762556,0.750322057473547,0.07632045467916482
-3.0321603591122,0.1350603457483877,-1.9107168777009782,0.828713274170024,0.037059915516097774
-0.07360348086940362,0.9760401925566125,4.794376196910425,0.6394840433396851,0.009969374609545278
-3.088843809894578,0.11489978513189576,5.826594093980962,0.000381088353561325,0.0685894943508194
-4.966029057127824,0.005466410787971656,-4.3958873928420985,0.5951327114061832,0.10298109586270654
-3.1095809859993335,0.12206388910316575,7.071605763055651,0.3304616068022823,0.06562117387266053
-5.785021085180753,3.0343484416636097e-05,5.885001076081591,8.758422794988784e-05,0.25189376613626846
-3.4100999393967144,0.08084642612202238,4.891443464664303,0.00036361055368688654,0.08366695571335259
-3.4468565356739895,0.05307233650438619,7.574908575135105,0.0053717218699687415,0.10029514391030026
-5.965893716220473,0.002162718733390079,4.948449671517877,0.04355984351306858,0.21151704447853892
-3.3450501617184014,0.12604305975319766,4.2601503923701936,0.04033054515686112,0.061891076896876784
-4.945655050458393,0.013442322273797436,5.056742281767985,0.6210995690721057,0.09551672495774943
-0.6126141469185732,0.7810991161139926,5.735760003376051,0.012209901767793008,0.027544147521849305
-3.913059218115548,0.07413006310023718,3.6290051537181993,0.008846793387728367,0.06039530918348113
-5.092835682266686,0.031195413903708242,1.2097442170811419,0.888528175799702,0.08222266066945616
-4.256947841648276,0.019161074551928527,3.3370730910594206,0.5743275184610783,0.10696483614766705
-2.3884771168693244,0.1181632477026448,5.35860635797021,0.0005057244157586396,0.09295013159035648
-3.5082020073847735,0.06987159806837827,6.1659251848201055,0.012006269253642437,0.08026447531800152
-5.518010549602107,0.001108150544268729,2.6245041606259476,0.7114271715271425,0.149531432247904
-6.595044500745111,0.0004122609783030704,8.01923552468838,1.7204836098278363e-10,0.18801002508645914
-4.114077532265846,0.05511357337582027,9.099003772837314,0.29993260713638825,0.13764975512730582
-3.7717517821244644,0.1256431146565029,3.376203888647769,0.06335519116328066,0.05696147379192085
-6.093162999241768,0.0015209927710949697,4.991646335563531,0.0011013639025997148,0.18574608938801407
-0.6265812170288086,0.8040384231345366,4.499439438993689,0.013359830286559187,0.028178341770137894
-3.5441734973351466,0.19688490103957001,2.778429170544773,0.07854880441027177,0.03348572453909393
-4.91161481076717,0.0035357202195068025,6.975088200864985,2.1832244471059824e-05,0.20133152965671108
-4.226949084318625,0.028416612420859678,4.832124934540595,0.025885596122535128,0.07584178361921468
-3.9788604537346073,0.008438834181024193,18.92189436638573,0.04791944412667669,0.20869120469969604
-5.082372772518009,0.002937329285338124,4.921950585844479,1.4011386472051647e-07,0.20766326179830885
-2.8714378270534286,0.1416680720014378,4.181146350293059,0.08007103454856566,0.050820434137289316
-4.31230842035669,0.05020856019203011,0.7257761320050224,0.934424625801146,0.07608983609490272
-7.5658281759369945,3.065636098945714e-11,5.556256643732473,0.000535741441916287,0.3794748652543597
-9.249995028239004,9.684688204919962e-08,-14.339188492827285,0.04762254039858143,0.2126906302605588
-3.1147379968924396,0.058640452652050305,5.172859104696908,0.002063345763704552,0.09371332162511825
-1.1683740956078452,0.5794834672302791,11.809093690376805,0.36055402502173417,0.039405822800083534
-6.268139730275113,1.5062962866975817e-05,6.16261935537646,0.4367168146161342,0.19377672973398596
-3.414316121514423,0.09736951844549617,5.742588826487363,0.0009542272146606186,0.06583628180508883
-2.4327821762974335,0.26155261337342706,4.734675361304816,0.009964122217728839,0.045324965395479144
-6.391615898383978,2.5624933345988377e-06,5.817453424901545,0.062255717113787946,0.21425179944706496
-3.6070746646938003,0.06349186332799987,4.839178228297677,0.016542982255292032,0.07181528911813051
-6.909491019781509,6.848242206341213e-05,1.2139936084476306,0.8977765270657416,0.1586394085773214
-3.078797100225568,0.040614611513092896,10.185723296873539,0.03636714224986963,0.18792521735129442
-0.24924259563697274,0.917118623253496,4.9448842568358735,0.04436324928580045,0.017292394780514808
-4.780999668346979,0.005640174404097679,7.0879799708374405,0.039040812126182184,0.1142560360707533
0.3322672258813154,0.8816368190916141,5.304261295400537,0.00040275492067662214,0.027132339761246738
-3.7349451488372227,0.06126633241808571,5.913425085171457,3.8947631706382134e-09,0.13043527822262613
-3.186331315565664,0.17515982565268273,3.0236618513265867,0.04513986627222095,0.04594890813686947
-2.0763322976981717,0.42143573122880196,17.516926679295338,0.16285965687076565,0.08470662931503181
-3.6839313273764245,0.0886398560577478,5.122710813679382,0.05914037971955504,0.07016546426703008
-4.593651958828444,0.005049698080981199,5.682917793797148,0.00025993419455231346,0.11339624722702879
-0.9204297711184298,0.7421300261144479,7.272674642936935,0.0027801477139621925,0.05583736993694477
-3.7424377140941716,0.10175160689446014,1.930767382096584,0.3912378560732921,0.05313294770013566
-2.9333782471703573,0.11182303985703507,0.0677875184322415,0.99542422529489,0.04128992883608462
-4.513156909664564,0.03195469269937663,7.793482127290249,0.35607076820596917,0.11980335945401555
-1.2135970393210425,0.48589884837045105,5.063240207086928,0.22167270736499423,0.02796582274725601
-5.159969491827101,0.024616786279180458,7.181321053795861,0.0017249543708589968,0.10270206682168759
-1.009512802821486,0.6036678258434414,0.6433060166332741,0.8032752532594738,0.0047272365551394024
-5.668213298029901,0.00013612852451949713,4.893510138933372,0.004345563507648906,0.13986114963497998
-5.324713763827142,0.023044065317311138,8.582650693723306,0.38068355572620405,0.13139469237544754
-4.965442351086648,0.00605923289610132,4.999708829320071,0.006218179392991733,0.15227471786756142
-2.191033218632822,0.28253392339128913,1.9810722486533503,0.6052610580810192,0.02747177333274875
-5.093898234125171,0.00022945760915148627,4.755634360334348,0.17023179473971195,0.1276511261005
-4.631871771201163,0.00011410395663381294,6.565319991413654,3.356447021601781e-07,0.3167814406048842
-1.6816595932650609,0.4392432091792542,1.7500017576359366,0.2975871062354746,0.013830410422113637
-2.123076904622372,0.3000950376365469,4.697700183353349,0.0021183925545225596,0.04905107847119694
0.3923466283961783,0.8669171703926648,5.189495925634006,0.008600013867293813,0.02883569112621942
-2.962661445328381,0.12511996994674118,4.449244950335523,0.05269039210297502,0.048314148905388654
-2.4466022976629582,0.24945519763648938,6.237374704793634,0.5763605134262909,0.03185941352145083
-5.114011586853549,0.06560025129936002,17.86941033938001,0.1069018310563348,0.127139688135689
-3.6956790675722098,0.07163761195316398,4.124959067261556,0.11428638991576426,0.05725896065691949
-8.017323164305251,7.585197671539524e-05,3.393009036463089,0.07564698488814357,0.17240835939401855
-7.963818435778449,0.0008841930713887292,3.8633248294028806,0.007792805204554051,0.15957435605786274
-2.526459815918624,0.23925387291992128,7.817706636730144,0.45331339468545007,0.05396619501223543
-0.35331703872419695,0.8613056345132535,15.079746270143346,0.17515162322791344,0.03518450948381957
-4.799355136245494,0.014942429061824886,15.11552076505879,0.11958091671358288,0.13757425657175737
-4.696968864296832,0.05719651310147954,5.396811415586368,0.00037206408682881564,0.10047456744155747
-2.930943436378888,0.19113651132631237,1.7808709849032687,0.513248231307428,0.03120608356800647
-4.10289135896166,0.027084103181920796,5.58862061656624,4.733657750330586e-08,0.13918167182153318
-5.045387894530911,0.040184705754225364,6.852086803917403,0.0009311720768896596,0.1117659683670581
-2.5389569019120617,0.10335288660208186,7.05879865522418,2.5447153367200216e-11,0.137466715341104
-7.403503385806234,1.8711030336800242e-06,4.99946588128814,0.2539635391697582,0.1791941450312523
-5.63818446831499,0.0010408626517043019,6.962631918324106,0.00010421474447624109,0.17219005185959224
-6.3097629735757526,0.002155299639401847,-0.8242144383381448,0.8716061839507717,0.11828287793585535
-4.604193537590952,0.011889102303920932,4.96674648044544,0.050973798997698834,0.1387809452756067
-4.353761016955339,0.008525267209388506,6.542043197487481,0.0038195899632568393,0.12123375752920773
-6.316224604311131,0.0001508083757322187,5.706090128376293,0.006331670545063459,0.14430656022615806
-5.876030344291431,0.002052179875782039,-3.4142233143685705,0.630635562828486,0.11624550739999995
-4.049703569083276,0.03402896201267916,4.721486277181672,0.0030838309022830105,0.10542214732837474
-1.4853581035984802,0.39663387334280564,8.738076936219949,0.4083106788788281,0.053963438965453636
-3.4122924828871346,0.12592645171299746,6.213289326091749,0.0010414794656991308,0.10135638281413983
-6.17967216769139,8.746279911289853e-06,6.30663500523095,0.010322803020008197,0.22133957234168256
-4.4694008261954705,0.026660529865914533,9.497576748155367,0.09761788772264508,0.1666775491691176
-9.126466511839315,1.3584821938466268e-10,6.003948856106128,0.015193974596141262,0.31226520454979123
-5.429760585780536,0.0016033659732021088,7.338309645257558,0.008544686957213147,0.1231245536454717
-3.2147914162483033,0.13170722265704735,6.1782747303312195,7.587253994747742e-05,0.08802291188509925
-3.2778052432559868,0.08398350105961253,6.554892601094326,1.1475831992428381e-07,0.11502296109867427
-6.226890647272964,0.006570717668474012,5.125112809788628,0.019315918770947856,0.12102652674478309
-4.940572460775014,0.00530785312306819,8.85108716657449,0.19570554330599144,0.10845989103185538
-5.616437563644241,0.0018480600545128462,4.637864591217155,0.2738851903028824,0.10763589489791126
-1.1931844000739644,0.5741719365834957,4.244824473979143,0.4133317593226671,0.010593420553428268
-3.5278689842567497,0.0055811597655140086,5.479700896899042,0.0007304409468516005,0.1321367233512557
-2.755907952001813,0.21154194107808788,4.403286216915812,0.6624905808193597,0.031736513816585044
-0.4721115842840041,0.7902259023519388,6.324559677707536,0.12101300451850819,0.0388427000556234
-6.620370560960952,0.00026022510799768967,8.288041660863382,0.016588402723624298,0.20878267423086527
-6.0394192706021785,0.0016456198183707035,9.310378220180842,0.3224593895339338,0.2509944809218909
-3.5510826994692843,0.056346668419479995,16.701653928203505,0.16051353564146353,0.14528693800304615
-6.182101095957205,0.00036737758968960113,8.246008638154501,0.16343672576048562,0.19633985727188508
-3.2916653497725603,0.11107531535418487,5.43838357401478,9.85659696109518e-06,0.07724543361833958
-5.207366261789982,0.005954124154193728,7.876540600093239,0.004684832198191058,0.09422084546025633
-2.842270842095828,0.2778646581774805,11.833518845970143,0.4176834619267602,0.038027355090639925
-6.0013963136486295,0.0012634224319595616,5.4316394541097885,0.0843900024953331,0.12631918097104855
-3.565155338923398,0.14472468251883652,7.753123507866514,0.0022916091980260383,0.12224960939423968
-4.959197103405455,0.004189149646777442,-6.905952869961996,0.494713772809683,0.09355473937968495
-5.568231622652616,0.00856853692995486,3.2750442047960715,0.6571152018719297,0.09476996169625718
-5.221517122038362,0.001443158103225373,6.902358678711385,0.0004156652331788464,0.16487007734541548
-4.005096477388039,0.015483799215312967,5.1050898309112185,0.009440532381729767,0.10337791198109725
-4.565147675916715,0.0015319117821349323,1.6740274897652991,0.8226213415063328,0.07690606169912262
-4.843718104061323,0.04018933464630173,4.218307102541207,0.22954952675597184,0.1158914234615045
-4.071903727849979,0.16005453774827827,3.0214135059390004,0.8311068953331706,0.048509668662655825
-3.71191195541523,0.04557913028327088,3.326466846674628,0.007310219774582253,0.058440195375195514
-6.327434362606903,0.0036827781090040587,4.261154839425703,0.15944766835137647,0.15005984212932466
-5.931441998736452,0.009604011470689514,5.450543983333276,0.006020716125251074,0.11217672035885884
-5.246036786295101,0.0015605070988319984,7.288761666621771,4.030472622426632e-21,0.1985954429002198
-3.330524516806033,0.06358876098516396,4.325501890910675,0.003378911105753272,0.0768730924458273
-2.541490323811836,0.08630980276646096,4.0131917225735805,0.012568339957679935,0.0656560654204753
-3.3271525654951564,0.03686438889652787,3.566859197635704,0.09632322486322507,0.08716783571924247
-3.1763993813683773,0.07048932267430362,11.159513420406052,0.3706747028454884,0.09442769250685468
-8.20166051408412,4.964371706849057e-06,6.9010523034341436,1.2772499308953733e-05,0.17491964237168334
-5.722347923982487,0.004518955076765702,4.72537001795778,0.011917171462755791,0.1799787053937989
-4.545007942802491,0.02639250085676241,9.597756953909993,0.27143146551012565,0.19357691720217718
-4.106750468214695,0.09757752488539029,3.4415377394115136,0.11219009848672418,0.05461427077722447
-6.936798049171003,0.0005286271309308407,7.216433390461447,0.024272424230673568,0.175533786501045
-1.8728675431574648,0.41385005637005534,0.8306823153431829,0.9444879188043173,0.018911695206210166
-3.989564572612641,0.01152235144366561,4.209863430288227,0.3177054589751025,0.12902256784625588
-4.723988639202589,0.012107831292967082,2.477051510486303,0.7297346387920055,0.11180699111815906
-7.575526755321724,1.1404580551447422e-06,5.814576952250816,0.0042519095564802194,0.2535695119820487
-4.573246251201068,0.01364436892884691,5.283795907153152,0.03154616020096823,0.12069789141517784
-1.8544165899165777,0.34972713988146853,5.539034098155922,0.316346487712327,0.032282589419513785
-2.512447051968945,0.23150738708776097,3.849629159093648,0.019991194234296277,0.03154375440223112
-4.722247273560223,0.01347305620748348,4.537663168749948,0.012935968305314172,0.11550975985221035
-1.717534287335548,0.4256434712161985,4.909455710839439,0.29041561333062893,0.022693472465871833
-7.598356119390051,0.0011159270943638345,5.579527984002989,0.005452436411214378,0.1339166113611977
-5.612040470710107,0.0013322299540340047,5.011408973162834,0.00012156266583833581,0.17622546113547954
-2.4806884306153933,0.2175605980308466,0.5861418285929525,0.952622689794726,0.039532832936481466
-3.681310484874347,0.12148808724942102,11.298215635715534,0.25225810152914185,0.10850682207306983
-3.309887266555364,0.08014603901761588,4.400873084944981,0.1806401613746894,0.05858439646238334
-1.2776333499499184,0.49707818931917747,3.0020667517884436,0.15284947265906687,0.01583819579557677
-3.1674727645760865,0.10060844259420662,5.453537472299806,0.0009339637221081697,0.07339794143242884
-1.515973937733228,0.4242608064501865,3.2063309383468512,0.14211045209208206,0.02173764806229217
-3.44474485775933,0.11733283297646434,2.8358215585975115,0.604798735791926,0.0540521092957027
-6.397235198374291,0.007489894757687549,4.322904147156794,0.0029627457545479837,0.15183921866787442
-4.410894436181318,0.007245064601311399,5.127163875181986,0.0002496660508066176,0.08246598720949805
-5.158768588399209,0.016573916126179394,4.331856149293757,0.4529098964058186,0.09636116565792019
-3.4677349193671314,0.20429962381919764,18.39727023663407,0.16297088053396025,0.0873901988614526
-2.040429442594463,0.3681961419883726,1.628139501958343,0.8839090065626848,0.01635890696568476
-8.314515216032296,5.2872386577143416e-05,9.280687350899454,0.00893925340577511,0.23656675924401538
-2.945163791742607,0.262259864838156,26.45138474441846,0.025460120096396203,0.12199221511756442
-6.009546359668817,0.0022216585526886484,3.4786386633166013,0.00676099353909367,0.15588203312932836
-4.831687257402715,0.0007689980424164718,4.086774920521538,0.008641812112131142,0.11463014029095675
-7.956792050574935,0.002805691286081936,7.597828974579401,0.011277371539796795,0.1650550422278796
-4.311540261821502,0.062130954192630566,4.043540967681311,0.05323581088683781,0.053421723181957814
-1.9163821793366174,0.4335415619598634,7.63939741267362,0.536036184893225,0.05992919379930195
-2.14350920590716,0.29409180890448106,5.121377766535394,0.0007246147145144226,0.05270167515641855
-7.732675439365415,1.216463801036109e-05,4.963013102741474,5.454901515074559e-05,0.24598250322573367
-4.91687062679349,0.002568107557034503,7.143943100519242,0.013194198079962605,0.1393009809757132
-2.6871112282992184,0.18045427265283576,4.624351702091207,0.026643326903955416,0.03944397005598177
-1.2287453241073412,0.5365742451293358,3.3248405770437985,0.3536196330562055,0.0082288353237987
-4.91466310710652,0.014322110968453318,3.992078764419494,0.33312920547753855,0.12760091320371003
-6.349329613286489,0.0010055436086472418,4.635865000661315,0.007619828755245876,0.16635834208871292
-7.274583491388565,1.270191999486905e-13,6.581891432888737,0.00030507879573670723,0.3054432401464685
-2.357548879418364,0.30453148922938966,4.070032151940894,0.09046791827925425,0.02453592506829083
-3.1449672470196877,0.11629492253187432,5.982808939586312,4.015292501187735e-08,0.09959492097502143
-2.532791133539989,0.08156596794675794,6.455852996153311,0.0017751797185785781,0.06934676738119794
-2.7211266478957588,0.1927205561545171,4.653174996212601,0.4053554811060245,0.06096277723011789
-3.56165091285708,0.15908149332774613,0.027659134310763944,0.9967106171504236,0.039795187173769286
-1.5149997963106043,0.4295202936368745,3.210290788432417,0.6626778040407779,0.026025904211988027
-3.255606886806648,0.10664148610221709,5.994785636574372,6.812793623830059e-08,0.10777145973005042
-2.4003668446229525,0.20717677416847402,5.5556394270390745,0.0004594823448378692,0.060133398090115975
-1.9210049383978245,0.2731278496364221,5.620425616600145,0.0002817818683951321,0.04915497016861359
-3.7959544806679832,0.035145714630451165,5.8870058323375,0.5615960859407196,0.09439208501464791
-5.177376124517475,0.005095498813749175,3.3520521617712675,0.0768056906473886,0.09352610464285405
-5.066831740857657,0.06735250155968998,9.9450813278558,0.4208843834598799,0.12294621519392857
-3.4399549770456828,0.04928117508878563,4.401679232781522,0.0002146208018216928,0.09557835755296518
-3.8697750451440753,0.10021597268325681,5.951962738948167,0.05519131286262069,0.060217451979949765
-3.018175646283205,0.12598365600777542,4.855980099446368,0.0008750261221465265,0.057318782888730824
-4.100403162728697,0.04033677794119314,1.4610291747780297,0.8851438228779643,0.0696073000484384
-6.352867817983258,7.959574994238159e-05,5.782635071928792,0.22863925705074295,0.14609968185199973
-2.6049060929433145,0.16090272859088717,6.722002389727679,0.1289173491778683,0.07799725515262679
-5.445323929765937,0.03198817760968162,4.955983572837871,0.0041980632887159775,0.0947949866112261
-4.710828549872726,0.004664731056886057,7.357373526897581,1.4435066881327436e-14,0.178726103719836
-6.096964154771577,0.000952169921016045,1.5669178038121914,0.6092386921729445,0.13728602206232754
-2.438832798448087,0.23443954002971212,8.618376388175562,0.5092049690843093,0.08629622033931872
-6.475984293546197,3.9046915291015863e-05,6.208187057933454,1.7408160365750363e-09,0.27949105355749115
-3.6129479142103653,0.10603262488521455,4.242043849603471,0.000884743775097893,0.07640647788905475
-1.5429260469317634,0.580558116918259,12.14770871088278,0.2817899316497916,0.04197347328503176
-5.172710431921904,0.0024280348314556486,4.701716378963249,5.666591970351931e-05,0.13849134225701065
-6.547242974463652,0.0018809710578766591,7.528809508301474,0.1541065370337161,0.1491793927241929
-5.622978224649285,0.0001950667747247078,6.2651525018302685,5.104101719073607e-05,0.15780189169666703
-2.9520910938037983,0.23738343367595816,4.6381467957825135,0.0010228618998443723,0.052730875878837624
-3.856108776810607,0.0411914710382644,4.491107337371125,0.033525613161884155,0.07864720341047782
-6.62719856061619,0.002360065669090716,4.930558687480668,0.00011664210496111467,0.13475944074468993
-6.402450923921577,2.0649069550800928e-07,2.923339163310128,0.6533681479283608,0.2907109636062952
-1.4962401372939578,0.6121505440979362,10.84117925898623,0.6723389961708781,0.0698905691968591
-1.1773193886325004,0.5788497665253148,20.60925697708186,0.13798037934150087,0.04423601103959418
-4.638060788301441,0.0025060831457621416,6.451741131577483,0.00040566151499543446,0.16453295512094102
-4.72878312107143,0.054782857916828985,4.588129974487431,0.03769439168208591,0.09854330270370748
-4.6639292045319785,0.025422191451055315,-0.02419676253732668,0.9982990390407368,0.0813657825964017
-2.0083594325277683,0.5249065596325551,19.35926262813768,0.04178901155482886,0.05543044808854625
0.12671470538221086,0.9447108151774759,4.59722736927774,0.02084927826416864,0.026578366599514736
-1.4810967808983926,0.5130732726862783,4.202920962874367,0.4503548593711669,0.017497832638316613
-2.5640869613285004,0.18271696508246804,1.9835252488933104,0.5874501985810271,0.03910458628196267
-7.50085207823121,2.9426951399009113e-07,9.315008884872555,5.382304600087086e-06,0.2850071397118642
-4.28993489649944,0.028617447252359828,6.139607173513417,5.1375547149323965e-05,0.11038347384513225
0.049248828498571165,0.9724975310624242,8.04701145679535,3.7531843973383083e-14,0.10376663473414982
-3.9005934940004607,0.006861092728727473,4.307010470301402,0.2938161838729667,0.12709060049733412
-5.2940321757827045,0.0036686952607849583,4.186699754137105,0.04517023438483788,0.13919624759529836
-5.802100718692221,0.0003957769290871695,19.03143239217957,0.0953661096108086,0.18133998338145085
-3.9102054516009,0.03175655471924362,5.2078477147727265,5.1643274931123386e-05,0.08237083861906258
-6.60567413003737,1.793183648891386e-05,6.111873165069958,1.0918679902025222e-06,0.19650995534323057
-3.785510331943763,0.10054344727463699,23.452459598902585,0.03527098400745411,0.17941148652817174
-1.8814053540842994,0.22489973140314867,6.057895700500832,1.4426053851953651e-07,0.07173115607519298
-3.7046533066743543,0.033838725973264,4.357132254750789,0.004465575390328417,0.1019185666734731
-4.4709169047983215,0.007313282575494414,6.59414039192591,1.811078670269219e-06,0.14555231521355783
-4.796462155803244,0.016394279407672612,6.096242308069972,3.0473388127155016e-14,0.14088902040850937
-3.8002192897700917,0.055583022601583154,6.062333307513717,0.05513226988852012,0.07908864359808843
-6.405045799416085,0.004043448872746839,5.6977331356200525,0.32199047816403525,0.1455308029072916
-5.591791419227209,0.004088932345667355,3.218596943254939,0.038659493733273265,0.11009841257286113
-3.122222382576991,0.08188646051584536,6.4906918581758255,1.2348248642600662e-06,0.11281850077562539
-4.511537008033489,0.008720643621766938,8.631861772463045,0.4311139809251515,0.12432598717181731
-3.5341981826933786,0.018786863890901277,8.027248988054868,0.007865860897066874,0.14494541163433172
-2.3160287883002875,0.2104560767453536,7.255890135827724,1.6183332694637756e-05,0.09365880640012991
-2.4205958612635268,0.21251456812970548,6.597872952716568,5.2372558063020436e-05,0.05288633075841265
-6.992916019519163,0.00015283817212959893,3.9210316732068433,0.04984854675023828,0.18513523442964974
-3.7045447638979487,0.13097399830200968,1.6352410421735852,0.6250471537584261,0.04056943654271361
-2.858358246104502,0.11441495611449141,6.352342807303404,0.0011591987500298533,0.06613946600060239
-3.578838043429059,0.019237130025975706,6.129693093886744,0.00032417611478551293,0.09005976401374738
-4.431102127614055,0.0228514346979139,6.340318825821832,0.0009545938054884659,0.13687179372154745
-3.4617055051519947,0.08948492104938648,5.439139979753956,0.4811038111488546,0.0711078141249204
-5.0947112393856155,0.0026520535020062006,11.772486614253754,0.22610333772931857,0.1917150017743302
-1.8611007507452821,0.46814562165838447,17.189799766274614,0.06202664228971667,0.11651817597317549
-2.9211310013395257,0.2317030219183811,5.936074609390913,2.153991282986335e-05,0.0549020386257123
-3.3975590430267926,0.12518333391320605,6.619752466093678,0.011818612942563521,0.0765774546110991
-1.5964341660857198,0.3285993057177863,7.851316245899967,9.563108247671813e-05,0.11438999461573829
-4.196883865380606,0.033245797409501746,6.642936001267323,0.0005911641488262447,0.10184654698759488
-6.355186138831897,3.166180035628357e-08,5.636503287945055,0.01744511746887389,0.21003475139125205
-6.279031416884804,0.0007030622042334652,3.1953143128173203,0.47757468470680964,0.12042507483165599
-6.083048581934208,0.0015813741985901486,-4.39178434205275,0.6444761706185984,0.13227161516835095
-1.1052936273990581,0.6498120687062479,8.848323393661799,0.4260597322868295,0.025872802344129253
-4.486837556379948,0.004362971293653353,4.312005572545621,0.15562840807193162,0.12224940569181653
-5.572279928747521,0.0006845477295750529,5.679563543512798,0.22468992611286753,0.18427340531794267
0.494876118594042,0.8100129879035759,4.358982219836262,0.00459169676486872,0.024108262863273944
-0.8693187790494722,0.7385527232369784,10.508682564217736,0.5660159129748916,0.06884379228141435
-5.395494050419662,0.00502426694922579,4.095534997318984,0.013477900619322334,0.13814790383513986
-6.96236988250604,8.963946171779746e-07,3.877520758691508,0.4644082719356173,0.22725557094309512
-5.88668909703001,0.00052501217013474,5.410202383037248,0.00023004180242521251,0.13848748151176637
-3.2089475467055357,0.04991366842493168,6.778518835459262,1.1747395580187936e-09,0.14791627526460904
-6.137288950444102,0.0006010735395929359,4.86593099438169,0.5374434166335991,0.15825384490142447
-4.913042532241041,0.04202305046624465,11.611191069866356,0.48362455161684026,0.1724784426369771
-4.436086342963718,0.005808086053476303,6.805297163359583,0.0025090458546605248,0.14340224810613
-4.727503432327945,0.041856764763517025,6.842392350567512,0.43065810660383685,0.1162949804976815
-4.698304684260353,0.0014816070767010555,5.682760583432577,0.025564307022624442,0.2002662687258957
-3.877313033099325,0.0739510374538739,-4.5739070894313,0.5604465797706302,0.05264188125480107
-3.3495243949069193,0.15765599077472292,8.648461067421323,0.39589206864541615,0.0409420819893056
-2.1859403975272573,0.41711133260894595,8.70822975171064,0.3600091011558406,0.05312442815424212
-4.1288530024615495,0.02022484124415451,3.7616033332452345,0.16304089614718953,0.10524140805014259
-4.033434675551598,0.005763408157674411,5.333565512809389,0.0030339512833912033,0.12697667094836296
-2.9447129255366042,0.13120844728087483,5.681066135293254,0.010680332058611476,0.06640548401410773
-3.067876802113266,0.10324883720168855,4.9986725498483775,0.019051045185697946,0.05615760269193637
-6.629783587409082,5.98595070799563e-05,4.35398533975619,0.01814601025600039,0.15924152454663354
-1.880520094733098,0.37407568766435295,7.666007873957908,0.5244216532338822,0.04567460284551694
-3.8173649603792166,0.03113251607013919,4.813779781565265,0.00045978984599309713,0.08311627664704369
-2.0718779269326055,0.28304499410895056,7.4409801983240245,0.039018665424873755,0.06987350408950854
-4.0162591411662945,0.10070367880873095,4.166048509095414,0.006611453423114504,0.06980454967534522
-2.7133438003910055,0.1391432032576967,6.118494216278388,6.496121227580734e-05,0.07177323406968095
-4.056965576817418,0.03348926182957702,3.656418761449886,0.30328053636189023,0.07356944172641433
-2.856408896271691,0.11767911195262978,5.056229230277394,0.00016844068900552937,0.08085600524012881
-8.270391766502604,0.0035357219330248027,3.3381811216376134,0.04790580250215138,0.19797758017097533
-5.426619147727713,0.002880759173798214,6.663888401724752,1.3469271617140157e-05,0.1948709334873352
-2.833775396704256,0.20150179508168609,4.655541049425306,0.02076157989445835,0.05189623754527273
-1.404079455834939,0.5050773983829714,3.4321960568623475,0.23867531145549392,0.018081049920184777
-1.9704895767220076,0.3740611346752265,5.523862017690304,0.005162644442785873,0.034869929713374104
-4.581839982073278,0.0640851362688636,4.412723480736821,0.006567201254270671,0.08550840017328276
-10.767014991498955,6.382388214235735e-09,6.548604866187043,0.4732306351275294,0.2723769578513764
-4.09142051815684,0.04886761707108342,-0.5144465285573715,0.9549993166049654,0.06250869374272139
-3.6126566941513167,0.08722490277613884,3.1072743665227027,0.1631300526661814,0.07372058708574436
-4.951238799559856,0.009519917801828096,3.914524049856542,0.542906029462509,0.09463104299789027
-2.926723447943659,0.25024378760930566,5.91156790042557,0.11029107297062772,0.0326041805780487
-3.8746173495735974,0.039554602806304726,4.889607535482798,0.0004074788817701162,0.09084937424742656
-3.230068629668682,0.11523871911697459,5.585997440816019,0.1769250193802986,0.06420080958485486
-6.527634674677785,6.829475720088544e-05,7.484991207284743,0.06363457421277774,0.19798966076138158
-6.559422869457291,7.276240060973692e-05,5.428984488394213,8.549535701062947e-08,0.18225219302950324
-4.506959914274916,0.03821699794075699,3.8285818146588033,0.0019079108024088512,0.10259409426916677
-5.567272932433559,0.004637679192727779,7.4224544643142645,0.005173418119740644,0.1466463083969466
-5.505235336431153,0.013719634880677362,9.32695664713014,0.00015578019250347643,0.11988720568369693
-1.3729523017004226,0.4397211162524489,5.195589568766282,5.006667724968062e-05,0.058717244196584084
-3.014730783636959,0.10944786059154515,6.283354308736112,1.578795746925813e-05,0.08741430308034426
-2.668880804909131,0.1574021271111703,3.4368163180262234,0.023407975251419362,0.047633018631373925
-4.616543189481941,0.01748773650405598,4.171627495338794,0.015356756114217085,0.0874643992895886
-3.617428396280595,0.1087396003564591,5.4000892558011895,3.6292297132909033e-06,0.08591077906668265
-5.923070132304397,0.00017509396076242757,5.9682505324303,5.598665294920231e-07,0.2376478763181299
-2.2066671574989827,0.3409779160827414,-0.6172612890364882,0.9516750091984336,0.017220537136682257
-0.9910557686261778,0.599461660633605,3.243402795889569,0.4199157970606012,0.00888691943725628
-2.3242850984562735,0.32578777292803307,6.661218642443679,0.39567839902317914,0.04670253595892626
-3.9991724361062886,0.16882979439398138,27.140464886534534,0.04502201508757222,0.14680506029919105
-4.859006945541057,0.014834357223495409,4.575520542074559,4.785189078318935e-07,0.1346368780204733
-2.1595764848638197,0.30198994036826354,7.282084919377063,0.011192015688242416,0.05820530803181578
-3.6374028255630013,0.02658300323744802,5.509862597762579,3.751687582635899e-06,0.08616760966062975
-7.938808582753006,0.006915927777193896,5.604078732751707,0.23687274110503265,0.14111432164652116
-4.035319569500065,0.028243642372159684,4.741650264264157,4.0300269275286236e-05,0.10372446332747054
-4.294112539189189,0.02725934588015817,-1.1906978295925725,0.9217405498992174,0.09426503232536598
-6.315500145831419,0.0004224318770912561,6.449285389025546,0.003517715664066919,0.204150799067367
-4.859020689615602,0.007887380084094828,8.343419066745017,0.5243560321956848,0.16340867586156094
-2.832460630457924,0.20599773731715232,5.1973843284968595,0.0018228035654529922,0.061708690211486394
-4.717629916824259,0.037780123882615264,5.905913122247506,0.001181266486918836,0.12304999901308367
-2.2736013400425157,0.14849329582306484,5.3353774371983205,2.849972649978262e-05,0.06885772175762805
-4.8651740001654185,0.03368322951775915,5.059638793170187,0.22029003074178177,0.09169366548817448
-8.293192057616897,8.519463055152207e-05,0.874121757146983,0.9364097658871643,0.1936193543586312
-0.4753253480270489,0.8185010649117601,3.4218883647035847,0.10778453447172158,0.010216096827009635
-4.976552391591419,0.020157657782315878,3.0975844106660917,0.00906339361226176,0.1065391917851467
0.5498751376731185,0.8035217351227228,8.284061964715194,0.5722576690277785,0.029465049882166805
-2.7793511496079013,0.2141545499289459,6.244819655790068,0.11793421080331065,0.052002188305101615
-3.7489852150360936,0.15782119422658702,10.436395142558826,0.4526517765098381,0.09504374559446815
-5.073594062001923,0.0015159058206410689,5.0205893882293475,0.0407583729219087,0.1573086186856817
-2.9465692133170727,0.08884246647529222,10.06982810535894,0.2250423585889949,0.07919538201336951
-4.175115049473651,0.034357279583005315,7.856658282582071,0.005129521503313975,0.08792950594994808
1.0857990940292224,0.6576143844711748,-4.776982719559454,0.6448500595054885,0.00955178971417936
-2.9971218087811113,0.21513109570966737,6.4253139493162585,0.7388042068704999,0.055481612180362405
-3.233657961273718,0.0821798679435147,5.35975161217527,0.009359522430002116,0.060569687666865546
-4.579701922886815,0.007879357710508308,6.679666258014027,6.018751298875165e-07,0.1372749273875219
-4.408029440740211,0.03789888287923445,3.66201110909759,0.6421209229049318,0.08998494130723278
-3.7066457899570198,0.08622702080671882,5.855963294798578,3.1916673714146364e-06,0.09686797670637648
-5.10822219361849,0.0027130497964990854,6.2273958213433875,0.0017801380110109325,0.12303236006957752
-3.100631728609619,0.07300638114677613,5.998801746689656,0.0001886301388722672,0.08776718233147507
-5.180451209796726,0.0014014365612457298,8.671209294989785,0.2261654429924289,0.1749356768209971
-5.4817188899388265,0.0010407208726873347,4.27855302211132,0.03312509298513423,0.1633061231582481
-0.9360200882158185,0.6410491829709184,2.2874432986069513,0.5760216000009201,0.009492116979616827
-1.1416161980437385,0.5976448870061895,6.099416759657869,0.6054051376562013,0.013273510378117193
-2.7932736131316607,0.11394517956465534,5.404434468805602,0.00480042835122258,0.07570431616801865
-2.5988115234989806,0.34363199187578997,6.949094180708294,0.010825408405586231,0.06065982069338438
-3.2430743653232557,0.12206619257319103,5.363811974289389,0.0002791892971655358,0.08587082404335733
-6.994080565272689,2.58071393839978e-06,6.688599598611142,7.610830956678666e-07,0.28357880346070974
-4.690077477090494,0.012378151076403414,5.583313744088196,0.0037812198605173966,0.09620219831155818
-1.273010499692322,0.6087793860035411,3.423505476131977,0.19896027637263414,0.010824470497414862
-4.904737791997345,0.013627849954938308,6.786593712682449,0.18341657021374214,0.11820118995381057
-4.0865109637320955,0.08029220401291035,5.139860254592944,2.259136237722038e-05,0.08978542738037232
-3.4379510259283212,0.11454341641994177,5.7224692868150875,0.00244992927708587,0.07390430023086081
-3.4875544118133806,0.11729594723527592,6.272488809520843,0.002684940241120505,0.09770646093079549
-4.15103083270788,0.04461681401509186,5.498348800074687,8.037247395948479e-05,0.09520176923715218
-3.2797265804955305,0.060820767985636265,5.589471458209926,0.004649118564916365,0.0835163798499331
-2.704869309316946,0.1923221569330712,8.186661119962285,0.1059536210546242,0.05732265720102059
-5.5580205700253025,0.004960487596225777,8.528428715195801,1.6801474597807764e-05,0.15451553194872214
-4.997663076441331,0.0034256951809573696,4.273316973115526,0.42071383996040845,0.1895563568571168
-2.803000312841501,0.2005808855416662,5.1446658355176895,0.01877753568465324,0.04283946992276688
-2.199597175799041,0.35135458075104653,5.667390889135894,0.008571651829881075,0.044221278835733124
-5.169984042045823,0.022099820006111295,7.943296418424893,0.03568491060063088,0.11349730678721837
-4.113941281941576,0.058845170245639046,8.134386020893603,0.4650103210077239,0.09483182318414374
-2.1710940753082153,0.24447616898114055,5.559725865197176,0.004496480513496495,0.05237344357591156
-0.17176079196254007,0.9225380606950755,3.6147884269971904,0.5571718325173799,0.006360120276731496
-5.401293013920717,0.017767564047187406,4.72083466236993,0.0002697005690824899,0.10990946047691175
-2.0293337302308307,0.3629002906735208,4.882427716110906,0.055810078285783965,0.027639255552919018
-3.390302373300677,0.036429349736173205,3.361259960229718,0.012917008203929046,0.06765189390302828
-3.0146293157959074,0.1024207829007837,7.159727123924917,0.022465838860055803,0.07654007059718959
-3.150787446988946,0.16878205578979222,6.00564560082965,0.005586430801216234,0.04772453984065805
-3.7066159754716668,0.10189011935419845,8.101848290758209,0.3945985665024335,0.08352882664542605
-4.316891251417799,0.054762998472024246,6.853520058138868,0.23070213193785816,0.09407837688783727
-5.11856387370052,0.0012497036965759625,5.351583725986406,0.014646891395804208,0.1281120910694633
-5.006232741925091,0.03590404128888766,4.080894529386846,0.04681346117659382,0.08588008662068736
-3.5915905002558604,0.054758529958241986,5.529983266007718,0.4589956150993165,0.09905291902087776
1.4546612446486074,0.5534535155680564,7.370219661252358,0.6424622308551504,0.02967543407245188
-6.309129301269603,0.00011473390198033531,4.266290449227879,0.15822093558132178,0.15903393082174444
-1.2603969449839354,0.44803160554873533,2.86312542317722,0.7547935255757284,0.013846553057664024
-0.9222508924199085,0.6538059766168949,3.822216152289299,0.0018811202286472437,0.03805878560683218
-5.477662650029267,0.00012775465571529854,4.2202015294365856,0.0034810124576802512,0.12818162303287117
-4.3845481127271055,0.021575774292257502,3.779576614541502,0.3499787981864527,0.07689426855446213
-3.6579136204130847,0.0844042362790895,2.1453265739658622,0.565340132091887,0.04966989055164317
-3.6386860652949,0.10855763704912774,5.1283732636060195,8.819492341315676e-05,0.06598544716296384
-6.7750225329500315,7.374784218827944e-05,6.6837100054386385,0.39836297089289985,0.1791971514936539
-4.579159946054384,0.013647691023205635,2.1856051970540515,0.7444892438595228,0.11478281413494429
-4.1618466865511135,0.0639556854858185,4.946972644483047,0.1457879240731415,0.06774744650817854
-4.046503797176488,0.06606665533560842,6.689045557297865,0.019535952329063896,0.0511020853411005
-6.261187862290299,0.0034219864719242095,4.232778502599421,0.013302329203964808,0.08799806978921243
-4.523662386366914,0.0511438044663443,4.921538408499316,0.05631210283381791,0.09245082138065086
-5.558886257081405,0.026934997054964334,1.574629288136962,0.8672155974534491,0.09224636820397492
-3.3530799297345415,0.06553848121670376,6.231716426170336,0.0006834136567022734,0.06702993310134875
-4.41917963676176,0.025288879935069446,5.828342123513411,3.7926582667898126e-06,0.11644808143013419
-2.39554536393103,0.09369912090354597,4.179082215708872,0.4803005301249277,0.07151355801958181
-3.981935707797465,0.029079020180923655,4.409096387899263,0.016415510673325962,0.08557025508435723
-2.1605155610806497,0.26440184862184535,1.3524562927867885,0.8565991718814163,0.027003179417044554
-1.7156144636363917,0.4192376315505648,7.424486157816127,0.004298261607616737,0.04571925176783198
-3.662756393582966,0.03821204626011625,3.982387806845977,0.004645675218156066,0.06450904456294781
-4.1522164757143365,0.020629736280219822,2.7627472271036395,0.6779314850491547,0.09282223566517311
-4.829604595637143,0.002798109360517565,4.791693905316923,0.004147711278447741,0.1455403344002354
-3.362922039670248,0.4008449938898476,34.402330074210234,0.006021095306664584,0.1712015759711062
-3.2506497373880707,0.07852756644261077,5.771621683540997,5.996684499899914e-05,0.0913223638527707
-8.101786160892294,1.2381376436819804e-08,13.496318495000974,0.17683786666338586,0.2722969021042333
-1.9636868208784484,0.18169980375377748,8.12313931634422,0.002182944376983782,0.10407802492557983
-4.4128147649052485,0.08254528190399911,5.416808003547625,0.0002679564455452467,0.06683823901990327
-6.036484019842427,6.584672327300193e-06,7.678945104755508,0.13007957269619627,0.22480761944596173
-4.643091348488103,0.026790623040058886,6.100874242847922,0.00018886767883700268,0.09844565662857163
-4.242715142684127,0.04109958117801192,7.628735321709031,0.012212998276681333,0.11744240326427258
-3.6437714641657473,0.06113158540161781,4.730711018964582,0.0003257113508567445,0.06785576347747413
-4.296420751433667,0.053363307777460935,7.176922701450459,0.33917395918992266,0.09659337824276759
-4.9659818525330754,0.014752837062199368,7.165656800271871,0.25748921261232394,0.15920748879330127
-1.4297458509845837,0.40515803397531824,5.1536469561077185,0.013657981739944904,0.03393763548957174
-4.158374951769255,0.07034122778721076,3.320990497840382,0.03702379870862923,0.05111275442850405
-8.020495858068577,6.8906206084389e-06,6.961644640678187,0.055212228467786416,0.23338635174986344
-7.299651083629256,0.0033794906619659445,-2.7395563659293916,0.7487437877434876,0.12073118088159907
-2.60870344947169,0.27968811713348884,6.242750114740975,0.10207530375773588,0.03679852192685651
-3.1323424734013563,0.10543814349916371,6.676943769559543,0.26374201334292613,0.06346684057670171
-1.300139692455484,0.6220784744484236,6.013817263709235,5.156884356201662e-05,0.03803635999013877
-1.8303389079667145,0.383707084418063,6.264760518543487,5.120283904066691e-05,0.054153203023525665
-3.54360012616719,0.14056302809379168,7.053439663105672,0.0005479216757007531,0.08806535119380499
-2.40529150666283,0.1842266983651717,4.242092961709942,0.051646594186251664,0.03829402597316167
-7.564790091984759,8.871278410336717e-07,4.505478923035269,0.17458274722795653,0.18011462480695617
-3.2607672971299655,0.10544290253231584,2.725737210112719,0.15439339703349908,0.048075847562385476
-6.674352308560454,6.667421211023588e-05,4.4885126992217375,0.003629519698734223,0.20297548251423325
-7.344989644248603,0.0003868094122959185,2.1568774590451127,0.8773151639302639,0.22350202184770174
-0.28534645117116375,0.8930070422532623,4.529120498734542,0.025664181619579424,0.02333649746509736
-4.409786163414496,0.03131020304505913,6.322292066493924,3.7423659950541795e-10,0.155460572065934
-3.319726363740606,0.16833778450103665,5.819015181293927,0.003470354646034544,0.06187398813811329
-3.19384730370107,0.0652324378167217,4.504794041033967,0.06358938415395764,0.06832037656826673
-2.318441447968986,0.18556361845799096,15.169872526545294,0.28871285175225325,0.09052091116883709
-2.141571094507675,0.33114368362351454,16.939043791248206,0.1049960308797089,0.11305753376811811
-5.372977252677271,0.04534790848715801,7.3940971726618905,0.187771097686655,0.14514257408253994
-3.050830971086716,0.2133894424944499,7.666711700332026,0.018952148750163128,0.09857188762760705
-4.037545026168726,0.062494754183620535,7.210253306294198,3.217597486417795e-05,0.10556691830433884
-3.363575703396608,0.052159482113019316,5.165970398669728,0.003826653247344412,0.09446006701894105
-4.644203795573991,0.024384030134949785,7.214911146738056,0.022772365585337982,0.12494859787431656
-2.8872278627556116,0.1568737082089142,2.443278625728191,0.3168599924608567,0.034898684803900015
2.1711468397318265,0.4364987087259895,35.885694172698955,0.0016405443684898396,0.08816789891273735
-6.231500661156291,0.0007051154445502714,5.167142054009509,2.0464933510994338e-05,0.10793020421872856
-1.1455330984741179,0.562570640419501,4.254260049519103,0.02069473319998854,0.029944767898224423
-4.494398818427292,0.048281580851409385,4.642183890274036,0.07688881438431747,0.07999758802598778
-5.669186139560341,0.10278104289178229,19.262977906153942,0.02918776706307818,0.14422003654446336
-4.361826306371433,0.0716055561203904,10.791525774954282,0.5399318812111875,0.13917343680020666
-1.4824664938883965,0.42133004232930016,7.338566784864127,0.1214178511815617,0.0499812811490169
-4.618406222525204,0.02398536246005747,4.623947249815393,0.0011485564071847287,0.09295691888924118
-2.4329031417380733,0.267174178533659,4.786288184896893,0.06987156608992619,0.035506736484770096
-6.572955097959406,0.002521240602425547,3.3538185566010057,0.1835160435264538,0.14502206116625727
-5.2541029966192125,0.04012230452695188,6.188657852156906,2.7507961010520127e-05,0.12766204453181818
-2.7609982421954538,0.1458460720525713,4.777905670209514,0.17077771624798,0.051235601441797396
-5.625847023589411,0.00025327634215034536,3.6322679468768864,0.49675023426768095,0.11352608303708522
-6.269258747505223,0.0001139140492129371,4.926704229578231,0.0077050404480922775,0.2097148772770303
-6.438093660630887,0.04144101277962528,2.924894326554196,0.4991480003601759,0.08471036905580065
-5.272578294633954,0.012902993990382992,7.868590718374381,0.00011693641627503347,0.13888972708833747
-3.6381831194891814,0.05864817247108656,3.296335568119719,0.13056384975503252,0.04998450475149674
-4.546352047052353,0.01649869606288785,3.6996320012335033,0.045595133174271954,0.0898921396565403
-1.0840614211342827,0.6097316545418345,3.696843743941317,0.07507143125066174,0.019118161951122148
-4.9931836524400905,0.025397274911930254,18.36361400629934,0.07386732992751693,0.1292817436511532
-6.9708906088372045,8.285797810870003e-06,6.732840933274903,0.025621402530805797,0.20415008863058282
-1.6100671037488514,0.43328446607095605,4.677715386572865,0.00491495699930725,0.04125249781113394
-0.21148985280446084,0.9174475657180711,7.510228545770262,0.038998607286924586,0.05660651064000699
-5.5847803031721925,0.039303501664646204,4.563476721963877,9.055375254464655e-06,0.12586422512235074
-2.971645879220645,0.2993174659020824,9.721014402488064,0.5495259723050512,0.07820388853001292
-5.820158381053056,0.001819245255897023,6.629161170192139,3.0372701102389733e-07,0.18786362936970857
-4.101995664487387,0.002035475393383985,6.931665308099776,0.0006282236708225525,0.13807354862833865
-2.546237328080515,0.2579476585079068,5.460097007518848,0.0005221236894172138,0.04906375748104608
-1.1470448990307356,0.628580505082181,1.577419753946718,0.44744054488746077,0.007565547992312571
-6.90975248610853,0.013848043022672776,8.110344246877593,0.37999484890338564,0.1454509213947116
-2.453087186542731,0.26873574478671947,6.22454786373405,0.23265666341039515,0.04344454644789708
-5.826657217906633,0.0008763738218914565,7.287310950502016,0.00733441542438149,0.18952793359122677
-3.098729934191415,0.10160235225279941,4.757317712075125,0.15256590229839073,0.0807638105537577
-4.576409128407921,0.004163737209553756,5.779025144367566,0.02282285454415477,0.1278466063582221
-3.432477166848694,0.043062638302504314,5.540271008363233,0.031408712995839846,0.0650437460729213
-9.484275338694221,8.996245045223711e-09,6.814871292218225,0.0014839510333969526,0.2857381719332801
-7.3721974433201245,3.2364981040044475e-06,3.803034054756097,0.19857426068758655,0.2152490560218252
-4.83549973545707,0.006342798041068207,6.015090286406927,0.018510676486562624,0.08705618349917255
-2.9691998625961182,0.2751364658646813,4.783192772456772,0.0010806484253896474,0.04225260661830066
-1.8678096911042834,0.49484617779967865,19.13346287545336,0.11986631268641021,0.05968422693574793
-7.387208781413754,1.6359882546090584e-05,5.9890817688546205,6.44768309749376e-09,0.2683937911244293
-2.7651532709003166,0.24960647425088078,9.926811542395235,0.40121974309001107,0.07466309021014828
-5.571668122468659,0.0008020790470020721,6.427156313078052,0.11515556128791016,0.1664921031778549
-0.7827250834031877,0.7625726378516507,8.719356769601747,0.3349099766771778,0.040797774064524894
0.3969422440730834,0.8476904505379319,1.8206786874970453,0.4767704936523818,0.0050839352856499875
-7.671688119628746,0.005390609541180244,4.456580672816325,0.0021517906922437304,0.1471035539066976
-2.9204721332514545,0.2259338855237888,5.443481379769463,0.04572973212802971,0.0465658075803318
-3.083621505908182,0.09461965635121407,5.282131431732668,0.0001146607201870289,0.07581522826219267
-4.528591271386309,0.0007271357958621297,5.6090866581046885,0.00014459678652833355,0.1475743470474915
-5.059426197205202,0.05036858541668183,7.0577422429631085,0.2869286886113599,0.09213211293453649
-2.206593179105232,0.29062850421545927,4.977265312083408,0.015744617931867665,0.04129138027554957
-5.6554549531563305,0.0006970497023205886,5.608797608224029,0.003144305389279494,0.1866335023541722
-4.8834418456960496,0.00945220854269539,5.438618003994973,1.7072591690372298e-05,0.1582481622013956
-3.3868044661949233,0.12077321605923773,4.28892160291359,0.0693227405503171,0.049489934506065536
-4.4985173059487265,0.001629392149950616,5.467955005335098,4.121011392737979e-06,0.13366711033490175
-5.790921258931011,0.0019700216903293577,5.7406658671571025,0.001320613988282246,0.14050330143680845
-2.7202561528868126,0.2001333383106897,16.239409280773273,0.12757955910903435,0.08196650185035148
-4.263960018194372,0.0480997668789315,4.0405454322587815,0.09717581732771895,0.08172817267058918
-2.483876859165767,0.18713096406158858,5.4571002248556235,0.0009578930484058736,0.05566073249991865
-1.5308791765039511,0.4977735634383872,27.11334735055663,0.0037561345286371978,0.15912910171743588
-1.5459224692792424,0.43991870346003503,6.1650802446747806,0.3558132273313319,0.024743037430121406
-0.5496332465153683,0.7236810101305184,5.365619110516877,0.039874322928900696,0.03331724519903956
-6.15772658009335,0.0004268948566017236,5.974557908535417,0.0010109301032666968,0.17776828298311698
-1.9274982929339342,0.37059897594418933,4.584234968026188,0.01285814496011683,0.03073027752913482
-8.346588108545836,2.2543149285448217e-08,3.215318942687398,0.29922265677703286,0.22250518863426527
-2.6468788418144342,0.26597111348355773,12.761688917514961,0.26424425954431385,0.06684190350922925
-5.462000312429848,0.007277365895752168,6.7033322544369325,0.12970827834330506,0.1499972352840444
-3.215727981878803,0.22534652981094816,25.38949335246186,0.03532204681816778,0.11846003252797344
-5.328926204389343,4.366174501086735e-05,6.637118718051862,4.0615290150572864e-06,0.16677608030622548
-4.20824790334609,0.032650224544888015,5.450171057559087,4.2812941852622315e-07,0.13246122640657132
-5.043082039331351,0.004306749996669369,5.4366867331957955,0.0165602805690835,0.1684131429432001
-4.108358889669097,0.01760017428752927,4.919656013160684,3.234646836307721e-07,0.13064440233844288
-4.969769680107976,0.025841519381188973,4.18124585553237,0.014125250794008497,0.08279449318698073
-0.4669539902447217,0.898297995721915,8.376399566020044,0.7433347360181384,0.027913238861310363
-7.951794543120934,4.348926797563199e-08,2.1523043769679977,0.8148488059879749,0.26557864166525413
-5.563822824770214,0.0006740702393039103,3.4315270642019517,0.6572696275234216,0.16394979103275076
-3.9428570492075083,0.04413080389199446,-0.4628238766125503,0.9588530651169289,0.09469662878942187
-1.7427318184640035,0.44880135748253336,3.325858137510672,0.3454352402946328,0.013607192899872333
-2.148843649884274,0.3108946556653258,2.1250947972457657,0.33488704657678725,0.022976336690157417
-2.4771420263028743,0.1843839721430376,5.4346663615969835,2.052589630754578e-05,0.05264995374946102
-3.288587710747423,0.13921986099972258,4.6458596559547845,0.0004997585871487036,0.06739003182531289
-7.05130658497498,2.4830020014711745e-06,4.0358857838542095,0.5717919968066495,0.17599030949705274
-1.1475383715304788,0.5813047389437634,-0.46487151031086527,0.8612492409168295,0.005278370771967245
-4.198317685173303,0.010266396944136932,6.964653428056591,2.5521971109034754e-07,0.16472148516315155
-3.857725405647192,0.030817345017617546,3.655961304889033,0.05455258807981652,0.08004236826316713
-2.859531760473049,0.15820737550025543,7.225781773141926,1.3680210753289908e-07,0.14737196805095332
-3.587645815141087,0.06797612382650133,4.037466856118692,0.7112057789412578,0.09053206203710529
-6.275470284827339,0.0005207964003881359,6.098429837451137,0.48635021436289283,0.1467536997051312
-6.154692922422947,7.961525905683242e-06,2.935692291665469,0.07328003996653522,0.18027884804265526
-5.142586004031366,0.023302403878531018,5.395112867662739,3.1364152749786575e-06,0.11948745786803283
-4.014173153454009,0.01913936720968752,8.706235594375777,0.38020753627380155,0.12598591771607903
-8.096215850662333,3.553264652245231e-06,5.743858911119093,1.9154340121111237e-05,0.27203436332642805
-4.084149506256579,0.034992307844013935,7.887609749061185,0.0027758968280858047,0.1087737749436265
-5.539822401892277,0.004524424874600885,3.8868323943749457,0.26790649386301757,0.10797596281217647
-1.7662847997287268,0.3678885269434631,8.193959334344203,0.506646442347525,0.05849530367920519
-4.8479133988777035,0.002264741576434537,4.4413274355436885,0.00018664636962582146,0.14544340428956382
1.0912367950384705,0.7352031525299096,6.862588887595429,0.7169515043100931,0.018770383613288866
-4.063662980426878,0.09143220990394813,5.8323582373940726,0.07722534522112758,0.0681149404808572
-3.095507149168941,0.2002555618471401,10.57541427364482,0.030506123422316848,0.1446228819154275
-2.9923591370747387,0.11551244218225386,7.797579186457932,2.2954041188611743e-08,0.1417287649738097
-6.166648873848707,5.813850961884544e-05,3.7692850103467883,0.531862268110548,0.1828152915139868
-3.099668501540498,0.12175899103009587,4.691304535819522,0.5568828752675097,0.053977783729342144
-3.159251199403469,0.17469886459017325,6.996219530801073,0.013110113518907784,0.06299059180563793
0.5352020451649101,0.7812650101130486,5.523860601745183,1.1138454509488964e-05,0.060219424626944296
-1.8665319858502476,0.43464273746706006,3.638979239616007,0.29762242450136245,0.017021543613787715
-3.193157981993164,0.06885565060981441,3.4376761322134635,0.43157128045122983,0.07473541013132867
-4.36201417580761,0.014145566978457773,4.47766933425586,5.2776412291855717e-05,0.08081239507929405
-4.682279513943256,0.029467715064828585,15.521927758815101,0.1494320429781404,0.134358506334339
-2.4880721984504754,0.18237926064711774,4.679031256137101,0.36205964432135596,0.04758927014675496
-3.963188948042601,0.040364501471839884,7.816365223432157,0.5015033379449659,0.11396788395826629
-6.985826785553561,4.991286396132202e-09,7.181474652178524,5.861232058573319e-09,0.35143835905933063
-4.526594658563137,0.050665664578181537,8.328494751947597,0.026836884669092967,0.136593259677665
-4.975664522260852,0.004036167623564667,1.8621650165538226,0.5643506819331967,0.11742267594788502
-3.5477759903507646,0.06167613605967366,10.261040525559237,0.03020463367491613,0.10820073740742342
-3.202480593398452,0.20658470372281124,20.784926004535965,0.1252613380806908,0.12874343175083713
-0.4886538195905337,0.7775996337674552,6.874859790638037,0.4193389863831958,0.023449988462103666
-1.9527277729326908,0.4511040692375823,10.816173068897742,0.33173566573786895,0.08675134104582938
-8.339944355916755,2.3365482746463464e-05,6.251450829861757,0.021524171449884225,0.18674154257110587
-1.2048202587308858,0.5368760633069519,3.1832571995106087,0.631600387585441,0.014866882375424328
-4.1187728153987715,0.04679022107764819,3.612210473100482,0.6811069356054156,0.06120282245220954
-1.4421117471877467,0.4822891294341073,5.214984835881312,0.00010918696801647193,0.06243135548950096
-3.3891321065114095,0.07242397748020604,3.6082842907215005,0.09053232532647873,0.059065522105468116
-5.654148060106426,0.0006651778805130871,6.728765618214939,0.01394309291911438,0.13470157582824416
-4.051644741065575,0.07144131956980337,5.909480076664255,0.011820921429439933,0.09608939929038696
-5.709135421259937,0.0013074264338598922,2.148822159192797,0.7149953500141614,0.15198604406679594
-4.644655812905667,0.03766256345255548,7.817343730335019,0.3220665562857715,0.11950966584744949
-6.80128845788217,0.00010489482597681224,4.497618588868031,0.028258626256694883,0.18197461030629403
-4.4502551207674665,0.020752808788168212,6.877785485540111,6.737895448491132e-10,0.14548826202622567
-2.9285644391412333,0.23757760720026821,4.53001513995501,0.011105495084882115,0.04097612723502475
-5.974079744165228,0.005917305436389956,10.896089131542045,0.3861043845445492,0.11499049234519532
-6.365351705197451,0.001166975536738907,11.512555624859903,0.012939988479532255,0.20179533806905137
-8.009702456863307,7.226548153910307e-08,3.1560370303071634,0.5299436646165231,0.2670721189487403
-1.699931544562573,0.3587032150286864,7.230620963143303,7.544762539265123e-06,0.10912717020501272
-3.9411023314488722,0.052345897166972445,6.0383657151435814,4.071654510408556e-05,0.09998727684050002
-4.160238251373944,0.03373108539872535,5.416919992817221,2.160998458269919e-05,0.10737403149602931
-0.37991525583354135,0.8300240305496986,0.7272355438075458,0.7267141132182187,0.001139655905024295
-2.982728704922684,0.22827210248023388,7.281205084972415,0.0005591352586313606,0.09885513653636424
-2.3452680163208175,0.2529785882645903,3.7949008815562046,0.06965373539173858,0.0324469795665292
-4.087124183269547,0.03843873787715648,4.251309083357848,0.09456991189793049,0.07411590534393975
-3.322304536622156,0.04361615165993353,5.110915436971604,9.877197126900146e-05,0.12729757665802255
-3.9629137735320783,0.03596212855791268,4.118725100268633,0.0019333719768965694,0.09156607303341846
-4.597913729929723,0.016638931348935453,4.61610680421215,0.00010982504802800808,0.11323664744727624
-4.2909766376123155,0.05429063389293535,3.036226794819536,0.21354906846076116,0.06180922355210783
-3.9803282558135966,0.030129452791287082,5.009822904048834,0.007872528442305746,0.10815759993900276
-4.115312795324597,0.08979771843303877,3.70813883983264,0.010596513378333956,0.06490979754423565
-1.4475819729383148,0.4011630058834158,5.176998394547442,0.00029188356791767106,0.048594339413535526
-4.783994405567016,0.009567602739458635,5.011096665700823,0.00012373152011181397,0.13415515449035942
-4.285142326105222,0.03633244596606859,1.738927766534549,0.5534720892200942,0.06258265403992014
-0.9758514859952805,0.5552234261408138,3.0963817513641794,0.11255921321477072,0.01747378496737617
-2.5222823847674976,0.14885412522815977,9.477526537689064,0.42552299101970936,0.12148953682155128
-3.6956840198771284,0.2662803567560347,-6.81486604729804,0.46714930577340186,0.02708243789750886
-3.6957861430380365,0.04457914419140409,5.180234862734598,9.783870808254837e-05,0.1097423498675969
-1.5627675164017594,0.4280247152571144,2.390942751855683,0.47009850982889345,0.014625167280399531
-3.676389462787189,0.009244915177173007,7.757248257639906,4.5905081347702536e-05,0.1715802818186204
-7.30907381681155,5.152441410539377e-06,7.6135683553292095,8.720280771987198e-07,0.2417177312896992
-1.9999757128858118,0.2649069826737388,4.743467454009431,0.029777980036706304,0.048264401540091484
-4.0679259242296,0.03330390834497892,6.458340419658969,5.8622676383285655e-08,0.16957642243558602
-3.2907097305758386,0.07348013950843992,19.965202618123502,0.04799451699653478,0.16489217120467559
-3.840209496239173,0.07931501687633696,6.219917425399926,0.0009965783712876514,0.07471646344054284
-5.4847482363937035,0.008215387325927852,15.528070611541727,0.04756251118077098,0.17753633126902046
-2.254393807921585,0.20557772527118112,4.060063302567621,0.4518270496338187,0.05303740121310219
-5.280467827365521,0.008849399010453696,5.433226314491453,0.0067982147922744695,0.08815880817735389
-4.07604372647777,0.02447691598355831,5.878109048804835,0.03653276245450408,0.11835543934069581
-6.118067879980938,0.00424339404227123,4.723993538905945,0.10402287933422026,0.10904266289439868
-6.162054044487208,0.00030493068024558834,5.647154594168816,9.501676058831746e-06,0.21094719364224146
-3.6701376761713447,0.10440685401464203,3.6835988624867566,0.2876816434008006,0.04491070212962123
-0.7045159745022425,0.701064678048826,0.8178863917128024,0.6800150299003173,0.0034795005600170015
-4.222840345051073,0.053274942304645884,-2.075662711639135,0.8022736881687659,0.06677656645052521
1.376006991798332,0.3910421101894943,2.246170921224512,0.6061635491424786,0.02076952969190382
-2.476861557756569,0.18194424026836054,4.545182199567074,0.5012844046906801,0.04871041315340219
-4.5571755845191095,0.01130755227777804,5.262727034057203,1.475353919545306e-05,0.12512105562525566
-3.731933553248793,0.09044869209256426,4.102651087364161,0.0014323014506784026,0.061605999584818716
-3.515378068768213,0.0317036548460995,8.359210879438542,0.002432943748592181,0.11119434003847184
-5.938611366491395,0.0007860656981215142,3.8169403051792963,0.021188098263134787,0.12390152777164376
-4.041165518516684,0.03894122314561569,29.05195345069135,0.0002571874242780985,0.29088542780509774
-4.392599391315589,0.09412186864671897,4.357531466543613,0.00029414079531440935,0.08744739953173675
-4.465570103633199,0.03051740223580264,6.331544085165387,0.0054031774033044665,0.11260429067388134
-6.944549539014334,0.0005017159662797703,4.740659994098408,0.25193606884362363,0.18418839070238313
-0.8360216962281685,0.6897784464796307,6.415954621607539,0.025912094160998805,0.039919229169376846
-4.178328114216093,0.011434961616442627,5.854532719012199,0.05025144838902864,0.11354847642921007
-4.510920506559722,0.027320873246862942,4.666014508763191,0.011071975120453296,0.11579518667155386
-4.096601339409799,0.05599699964182123,6.975083972428831,0.0002919683174243302,0.12356826128700638
-3.754424942075191,0.07983869195412806,4.525772370976243,0.05165347187454081,0.06659276075617904
-4.873641261533135,0.010626224351198012,5.880326967764476,3.607701535418295e-05,0.09318552980237371
-4.207484072134986,0.03567800632567171,2.234181463099018,0.445763032808434,0.06989062174968164
-3.0656507935920394,0.14322283634207333,2.8903007888495034,0.08926206915227662,0.036115412581352646
-2.0932103836048457,0.19480690900947328,13.905040259843334,0.22842123260487857,0.06404345090862629
-4.5881805764342,0.00874788817221679,4.373461071048107,0.2570476851317792,0.09611413621522058
-2.603513098564818,0.1541373848937206,4.509284217442863,0.02463807183230029,0.04117564222266423
-5.171438136629247,0.0006205322304841072,3.8014184704364613,0.06363947955650631,0.1765295832163064
-2.47282532370143,0.16729728139114008,5.288609228696655,0.0011320829467801033,0.0704657388912211
-3.8241557566015003,0.05296192531585689,8.173244916629578,0.22439290522780464,0.09615209947594994
-5.247052076170349,0.018048319597566847,-3.594253322257828,0.6731715990471208,0.0891604259480493
-1.9763595253809483,0.30014055789974303,4.243416028542398,0.00017149731333899478,0.05869699552557062
-2.2207257500088846,0.3207987522770921,6.847254960038109,0.5813142417790871,0.033981097705819474
-1.3553727620838911,0.6172377129630153,9.87602734290223,0.38858382547140935,0.09160357231807559
-7.529444997132353,5.929364825743633e-09,8.199101908713503,0.002598290104496063,0.3081579362372404
-3.850577215206602,0.08128319832781167,4.136457922551321,0.031089673140502004,0.07705365837831557
-6.2511585415780715,3.325767068803432e-06,5.318090469199987,5.937484413530967e-06,0.21416700838262825
-4.094418700749518,0.010704334681502475,6.931665956208639,0.02721993085440614,0.15889932493222725
-1.6756817943281843,0.3530490507318149,5.685578391052698,0.0009501199753781046,0.05113512712687707
-4.100643750496183,0.01799668986359439,9.004940904793585,0.008128238709642494,0.1619857283379974
-5.204252274937079,5.587733336142554e-06,6.5300211236491785,0.010283458238944188,0.24193270112339216
-1.7525136634134693,0.41613624392734283,5.056257183245143,1.9660861655823428e-05,0.04904087517690192
-2.536619865681732,0.19670467634580902,0.4869692359719284,0.9590227684282164,0.03144485784604556
0.9435305786558846,0.652708607845712,6.889386566924781,0.004456110278761933,0.03773691693927339
-5.981017103842187,4.493321687200012e-05,9.169812112741004,0.2344540678209487,0.21013678876818276
-4.252826195655352,0.020361808691582082,7.225220858325965,0.02702282067205313,0.10180789744345398
-5.548031538437707,0.029599510919122256,4.970729239960373,0.0028013197813247207,0.11561745436043958
-3.5226890007721128,0.049486164040950464,-1.2306938472193343,0.8984013010093106,0.052198617346651544
-5.62798334926156,0.009362665277874535,4.257691959820123,0.013087533906200668,0.09494156190539882
-2.5549267638247497,0.3550528254135904,8.810454833750192,0.4140642054156357,0.0401964483196382
-2.6781893797587597,0.19625203227745958,6.1087701195115605,0.0017621814725550951,0.0555744116930591
-4.185116096606387,0.024708241907679424,7.784356938748217,0.379028732882599,0.10015238414242278
-3.1306180082801456,0.056433066786267416,3.969836790843822,0.06102932964464688,0.05915311626232178
-0.6777558655066099,0.7127201986345952,4.5211102511661725,0.025659159930845315,0.02772947196272124
0.8110276604704117,0.7077996982881376,-1.8052641561581764,0.4991223283421161,0.004239575093173409
-4.895003727085586,0.0011417019780389163,7.489504885072418,1.2728883548579112e-05,0.2019948203430877
-3.908538782434775,0.002000567531529818,-2.3201804019181043,0.8191338292923,0.13156160736366085
-3.831304821849536,0.04453546574664635,7.295297698171784,0.002615007122560658,0.10407954535836073
-4.3750995169756415,0.005996117372928145,-5.3113799602291785,0.5839393961973643,0.0965519375398658
-2.3208766938909346,0.3363534848852654,10.096719830691729,0.09751509493006953,0.08924980759623413
-4.318301428649852,0.07239604873292797,7.752465652901723,0.5853038738971983,0.08659484864289335
-6.462469602572418,0.00016441308096622548,7.470407410503733,0.016314098378781176,0.17701256751123684
-3.6310705341717293,0.1565450302493906,22.80585602883922,0.04129067140553957,0.18787768311549513
-4.38628905281355,0.07658715946169625,11.791541982036827,0.23225608741054093,0.153490944914624
-5.701921640416728,0.003182115659650868,4.656228640140561,0.009743106694441738,0.11585626251256764
-3.6771428768539445,0.03813146121715708,18.754054152189273,0.08331688651179203,0.15903237684511995
-0.0001467322096268411,0.9999450430221608,0.06508490384677967,0.9886722380032874,2.002457223593268e-06
-2.36460664990286,0.17763665502935333,0.046224963360679244,0.9957280649785956,0.045731534178267474
-4.400140617291771,0.04368524129807966,6.486051127200123,0.024161036079811748,0.08532568327230661
-2.314874604571407,0.15805912085136364,6.529227464310801,9.972938542870066e-09,0.1203198787549884
-4.680911478464716,0.009066956629390093,2.503688877881233,0.37246706229195614,0.10736988847883122
-3.9212756023485604,0.01723699970258654,4.957566328697652,0.015156369209682783,0.10275320818021105
-0.43732452670660715,0.8205038729780869,4.565784997173208,0.009358352175336707,0.029784954780481265
-4.08713313742076,0.02180788764030837,4.968631291228027,0.0015492080523555152,0.09953782912228415
-6.146033439893745,0.0001743147867670302,4.84862771735112,4.483678771307197e-08,0.20479729328932028
-3.8681995152991964,0.04173692970568122,6.847503403835232,0.0001333076182184992,0.11738964009469577
-1.1773327376104508,0.4999283229254051,1.288349367588411,0.652083386122385,0.013378655941768125
-6.515050651173022,6.813312261250395e-05,6.522483247418517,6.629520672422129e-06,0.22783825885082176
-2.525733080025611,0.24103967315855968,7.656172275034913,2.998267279238484e-07,0.13413946101318264
-2.8466127648576145,0.16329584113151108,4.394534520130992,0.0010555745839936773,0.04897587905668366
-6.316593569086567,0.00033113198085619414,3.959437726270221,0.0003528964751990574,0.19349994444009
-1.5405082449528278,0.493833567827211,7.332163570337424,0.352924714952745,0.03454136936167129
-2.0816620722052366,0.26361364052769587,2.266195218287716,0.48551274657284127,0.029325158314428168
-4.50944350916625,0.023924033777695624,3.2068156370997003,0.037030237738772384,0.06970009907106278
-5.268681672386927,0.004330014472076224,4.0677862867079755,0.49689486027683993,0.14882453470322432
-5.353746082980062,0.0006472251266993188,5.4072681774347835,6.48855788000011e-08,0.1497839022172921
-0.3039131959249967,0.8845351741323827,5.157531110507667,0.24667428967803096,0.015415264657056893
-2.097123710105109,0.30129299522545794,5.652249838429682,6.420635307643545e-06,0.0730016746361064
-4.0006766469446395,0.05172011567114348,5.204500795578799,0.30128257751207443,0.05836212872426727
-2.137423216427333,0.47941540353529855,20.08149603104529,0.18819550163002718,0.07591550460268648
-5.579613826698443,0.0640540620192799,6.074813063783511,6.505478588724645e-07,0.11662919422717233
-6.313120398052888,1.8502130846836648e-05,5.818051967245633,0.00048572088098649337,0.1887108688938678
-4.3757708157518245,0.002883415542268443,5.558298591861501,6.201957374796667e-11,0.18326381561294636
-6.778192745450518,9.946325255873843e-05,3.703206933452478,0.013694831476694352,0.1917025383391311
-4.394519058140526,0.04071016168235424,2.8715006834783563,0.18740346261850804,0.07260946844360328
-3.414187984458859,0.17526604330008322,4.216103598444925,0.12071923700442827,0.03726881934434245
-2.464708808781991,0.1840935915841052,6.70432860744776,0.0029918086393773114,0.08636079761627591
-5.759777830920307,0.00012899793308793016,6.401493599477383,9.286150267967007e-08,0.17565469725543603
-4.8327597893906065,0.01520509174541039,5.8554456377199235,4.461597048460409e-09,0.12345489251522113
-3.0482854074067216,0.10465642333666592,6.390728887778625,0.08601890024039809,0.05997668630158981
-5.600593991883715,0.03139561955590115,7.648533125485485,0.010204394021188985,0.08722800107262885
-3.4287875835156747,0.047174795411979144,3.2443156865520497,0.3006647129911082,0.05059191535193219
-4.600968925943673,0.011090975980157293,4.7496092919178095,0.0070380912094620334,0.09563228246558086
-5.097802847900787,0.0040754458496432755,5.569681249293359,0.00041148497685691246,0.14471928902312903
-2.458139411202424,0.16700597159467923,6.1223453281467055,0.0013136488235515834,0.08623984074533275
-4.762590125776547,0.04151095250292109,6.592925505360775,3.504950078643037e-05,0.1283650097510055
-5.882962121404325,0.0031464681546278547,4.938128730315066,0.0003345035174488932,0.11374020661261008
-1.6597432346492569,0.4909323718782186,2.951767954941951,0.6148065465844827,0.017641099601518273
-2.832827887456869,0.1399045013779,7.962461301980985,7.217752530294535e-08,0.12981888355030946
-8.030561822176647,8.165771539264259e-08,6.832770382479684,0.004877415648684969,0.30205533663417417
-2.7447144320865116,0.14707858323435505,5.763868772604634,0.07593874661342558,0.03526828266933091
-2.3186363135537396,0.2438325832868916,15.64442489418356,0.24467203593033338,0.0610061991428279
-5.054593884032455,0.0016559510272428145,6.667919605501184,1.5845193788368524e-16,0.22171269211975264
-4.537737046024855,0.005720351560705434,4.411734783385711,0.22473783316951423,0.12226194114991307
-3.5495676117196058,0.09628202964474707,5.764849743803972,0.5156642341194979,0.08208843407487476
-3.7846400472441966,0.04575369519707236,6.075834080205555,1.8714975489858095e-07,0.09835207259070844
-6.083644883296779,0.0014748060454009128,5.009231126241521,2.867862750460191e-05,0.19538038662649826
-1.9623229865785474,0.33212615762689246,6.742595968269505,1.0156966701045062e-05,0.08354752997090864
-3.200668102993729,0.10721175515838181,7.943010607831598,0.4567181603073739,0.11938486982831154
-3.8823520918841954,0.04173988857647177,7.2258771368953,0.5471414940189245,0.08500752288353408
-2.3895364440857576,0.15050162848755905,5.851711493891897,0.003403746888793616,0.06905135456956935
-6.362215964359581,0.0006462819515545025,5.95654969611378,0.00012334419609837365,0.18464927244707374
-2.8024973192899845,0.08250516888653592,7.344549423346855,0.00036084854737446085,0.09728300981898863
-2.930366823445737,0.1719939396318374,5.669820917718639,0.0020473471004727665,0.05787998727633992
0.9923552421405751,0.6269725919390217,4.02280382316302,0.14948896200624423,0.035836023894226576
-5.62445186002315,0.009941086057773206,4.441651217259448,0.014992420594461535,0.10973685218151363
-2.8685144401536014,0.15873544388723881,27.695259933787725,0.0002939148800292097,0.19639382237922032
-6.905731906669818,0.0008427221468405081,4.1812248418009235,0.0023702508223878913,0.21350752590476774
-7.726045387187985,5.150135070032161e-05,5.856226225662772,0.16578325085791756,0.15634951523121066
-6.835334674760027,7.643307960508539e-05,8.809800309080472,0.000287700431878907,0.20578581219974212
-4.041931763049591,0.03428090382146916,4.123538388039125,0.5649158298836728,0.09364188911194993
-2.609257334634829,0.22315633197780105,6.8933826186857114,0.40680433320817055,0.04061598958819124
-8.45886704923124,1.0314138454133266e-05,5.269196609568716,0.1345025959615412,0.2281600001053269
-6.204549493608759,0.00010763656453435462,4.652034567712958,0.0013256507374793324,0.14855376640206241
-4.048068340857494,0.0074369527924166645,8.05981098515136,0.0033057593599707686,0.1541367329035841
-2.51143514540266,0.1994195864490782,6.005531621855277,0.0002017865799649175,0.0955490672539897
-1.2190674217017448,0.48441152678324995,4.517664673355758,0.49710509680461235,0.019364139026452398
-4.129991198133963,0.022343872461377343,8.664299453702311,0.3062678758031604,0.10728314066318778
-2.1242493869066816,0.3401787210825499,2.255941486031882,0.44817599002380704,0.021179132461555672
-4.580767799308568,0.015310667095297829,4.454190252366782,0.013447363890142708,0.12188155376775323
-2.037349909346271,0.2452680857006586,4.69066732137007,0.0024148477609253114,0.04609295024404647
-4.647838308004567,0.07678960003629826,5.500023769434098,9.247594362855036e-06,0.09404175193844155
-2.979230057923976,0.1901063531982924,21.522519982456306,0.027463295287192727,0.09555879341906548
-3.5297454992677344,0.024860798113844063,5.3621602446660095,0.006155964653995074,0.08480477640665751
-3.743460722928172,0.02495229016660686,4.48702298328133,0.0008832577317650998,0.10435723918421858
-3.5285822912168285,0.0935519298014575,8.707748738889519,0.6533423322621709,0.09865483718579238
-4.091335383080888,0.021018401080245337,5.819124520204131,0.12146123757821299,0.10245101897601039
0.8099433551167246,0.7677781197039366,17.74895949199359,0.19840794767401326,0.03364753087577077
-7.13816377904064,6.91142886523741e-08,5.625665377900274,0.2099205640103997,0.2744921775055915
-3.0129824869252655,0.18947376336995847,6.387803528791724,0.031003163865243214,0.07471249283317971
-5.581855110131955,0.00894507520902267,4.6972846825916506,0.0009161564778092476,0.12202824361303655
-7.730496996362418,2.5764332792904785e-05,8.914555594420682,6.802558813645242e-05,0.1750133985791631
-6.1930810205099975,0.0004949461962779222,5.8198970337851605,0.1249718039200846,0.14128875935119567
-7.120850042063226,0.0004711233225476531,4.7006912452344665,0.007968646181797791,0.18528027912225864
-4.76833740632846,0.04291351211204399,7.504126086479941,0.2685772618520059,0.09247058095069782
-4.308241510507801,0.1624797345640311,7.27188782827252,0.0036228660259680586,0.08587689412382771
-3.7708263131850863,0.039656288034043426,6.268966418442365,0.1253578457346116,0.09220721032122048
-6.740570001722877,2.3302234324681154e-05,5.302263373181851,0.004361603521163804,0.16556734027002884
-2.3783228937573475,0.33870296156900526,5.047551781432116,0.0017214476725875255,0.0414885713083214
-7.512762819055674,1.3944760094237099e-05,8.036799459758983,0.45019446911378225,0.20398002957942218
-2.764313082843718,0.12323867133873026,1.3866243187027025,0.809567068034257,0.05226386323151477
-3.830566017779324,0.06465865123883732,-2.600027470391642,0.6899289210653081,0.05922139375973734
-2.803763640867084,0.15382136939600405,6.226784261472983,1.67141567639097e-09,0.1348141135532196
-4.614255903608012,0.009654828002522108,5.130665912736295,2.04707636414691e-05,0.16099794374298415
-5.908939390473849,4.247902314363214e-05,7.715689436989336,0.004205740471300718,0.20172382537979483
-3.6347341123285384,0.021636313744911557,8.647579718471514,0.00589093919492923,0.11239456900345524
-2.1076040485796668,0.2561102138297656,2.4196919988447005,0.5179121763960015,0.023948782108634936
-6.999363335006216,0.00011391176044963248,4.445985812410978,0.24388821812049266,0.17113430663470375
-2.1850182540580807,0.165228112326676,0.13351745712796556,0.9871170081167022,0.03325538662623462
1.4769585306114656,0.38758849923029925,8.728012859854763,0.020482771266685674,0.08302119800372687
-3.7112388481759684,0.08309469654854322,7.863356925452206,0.4072515078959501,0.11588937448613412
-2.9371760065200863,0.18109973152976933,6.0348995847554425,0.0011553525327301865,0.04971985687520275
-3.3410436986176384,0.067998109920038,6.129955710894803,0.21806507089331528,0.0839405021975933
-2.7148115456100768,0.17695964618467397,3.271517881892818,0.14121181975172,0.037460349572952856
-3.178762973355486,0.090756149399018,3.738687879917681,0.22593169647147604,0.045375468985149436
-5.917616584245497,0.00013773928231939158,5.718770004180117,1.0181760678616575e-08,0.16802923835342554
-3.7165369577464245,0.096947278042876,4.6189345953752,0.0022395563426328424,0.05830368499930094
-1.5623075887934934,0.4695183903486354,8.772904197665513,0.17926316103109718,0.052085839846639725
-7.848647657469006,1.1666509633316035e-09,6.21414279366609,6.778949379372303e-07,0.26229972867045737
-2.1599978508323403,0.32264631157259493,9.108351711563849,0.04141189279584579,0.08151168255247143
-4.309876800883479,0.04566405757970743,5.449758601780655,0.0006613938627980441,0.11657329982809106
-3.143147257621825,0.1217228664268937,5.254041738027385,0.01187099072460744,0.05467980188985344
-4.3713386335809625,0.02656676331991866,5.149023729572234,0.00032030936465792133,0.10881733669359694
-1.3952695094117862,0.44089591395652306,25.608702730767323,0.006931264680602247,0.1877966335737541
-6.334730595569199,2.0639708174133906e-07,6.351650413241549,4.581931982003709e-06,0.29534012465556714
0.1322959540729338,0.9466951402468581,6.576627641117809,0.0001726980868535237,0.06394300198134228
-2.4929564432938895,0.14815626760485914,5.187769305819196,0.04366623295327689,0.028212603459502716
-3.836062956355721,0.04032256366810232,7.747536476397807,0.4326350059703894,0.11478847123644775
-4.522067622484937,0.0256739786655672,4.801129701243078,0.0006847348611748312,0.09787607443154112
-8.050286029903763,0.00024379385684859036,4.784876832997505,0.012861198725792852,0.18306589898988812
-8.397265279466172,7.522022163581439e-10,5.3644881938489934,0.0017799861579259424,0.2092898829343086
-2.851629572015795,0.1613895013920219,-4.483009394811998,0.6145160471456881,0.036858195971800956
-4.110869737089909,0.05716195001944126,6.721168805497871,0.05965271990867568,0.06954747891088275
-2.6173879044384774,0.27469205498033233,16.337433340572254,0.11932939074252807,0.07712055914022309
-4.890342729128941,0.02225300716444125,4.015523857265016,0.4697830869840631,0.09165046201278548
-3.677916384381023,0.05934540926217012,9.476186620887242,0.4946267167435624,0.060112061704814757
-1.8910670428574667,0.3158077124115396,4.651100740297691,0.03442691799632286,0.027572699637486875
-4.4409540179225795,0.03391672129413805,5.440436604276729,1.1733536638645948e-05,0.0962510857999388
-5.161477668483297,0.002599358147385273,6.014936110456665,0.010824471238488677,0.12677175581650468
-4.968182096286863,0.005096947341968428,5.235546708171992,0.05876060861216854,0.09739096659463253
-2.0914313780217215,0.2998276683879838,8.282918362041455,0.37420404952233255,0.03566202361814719
-7.70063466145041,1.9585623902277382e-05,3.763873342846226,0.07504968365269202,0.18518581222690078
-5.289875940486975,0.015281774656900171,5.662975544180118,0.06650645587871232,0.12009576049225545
-3.3444354305854076,0.08143671716136497,-2.0058113748512656,0.8051148255157671,0.07772397222527128
-5.206091148952248,0.0003710954584007104,6.120539276927076,0.0016708773470073698,0.14893622080872504
-4.209086105971957,0.023865804192967358,6.658658329009238,0.0014077624134631447,0.09482189239154848
-3.5293452141076327,0.12737280550017974,4.868469320341573,0.06273812532097822,0.0510388028586507
1.698208581156572,0.4075987760541574,15.130810065545624,0.18538158922705195,0.03873351782840884
-5.942880777763737,0.0057164644602197435,15.373754439433768,0.07853969567334468,0.14778174730814664
0.3239474147097083,0.8643680953010441,6.994471556261826,6.929686814056796e-08,0.07522225354559009
-5.536991762353366,0.0024198022587163743,32.15240233772044,1.8055455611679472e-07,0.39259588765406483
-2.3131809859592707,0.10234947241274162,6.349923533175058,0.21029541987515388,0.07735025177141297
-4.129011409921016,0.00911919841936962,6.512187994936363,1.3716951022546225e-05,0.11832851639134523
-7.205885719176145,8.45024210532795e-05,4.147558893700697,0.005215910614963855,0.2538452191711199
-6.1959193619148625,1.321937517003753e-05,9.519020334099036,0.1448404518954113,0.17695149462166293
-1.8452465932411186,0.40882332279318323,6.833520099061676,1.9955721231429357e-06,0.07390542836846381
-5.748849242579191,1.3463513004720884e-06,6.8314645150738,2.4370566964346077e-07,0.20127780370138137
-4.112355335820096,0.06895101455348358,6.142295701969136,2.2371272678409904e-05,0.10089250053160825
-2.5218330071528636,0.14749090391958725,6.6387722000072555,0.16798387039003104,0.0686711755995496
-4.950129201043333,0.02023219608613032,5.200480204067287,7.447806798751399e-05,0.12436432638949368
-5.350710996163204,0.016434499007010134,3.6762152456811856,0.036470925889558886,0.0996543754220881
-4.534860603171752,0.017198404626598808,5.186235804483455,8.664430547526393e-05,0.12058898320543532
-3.765432868119685,0.06500541025405256,4.433645785386469,0.17937589621472028,0.07728055605486772
-4.791510270684995,0.010275961239957323,4.765492342601266,0.053986933982674054,0.13093731252949437
-5.5139140387336845,0.003269329974720297,4.215304582495387,0.014867329777103455,0.11230952216917467
-4.333069392625284,0.016140457735112544,9.050943006216432,0.36782039583456516,0.11389135280165141
-6.882224373323561,0.0009334184640200249,5.5370499811502,0.0020260084768644613,0.1241686328534658
-2.1457584151631326,0.2766280839629448,5.613998657269733,7.715360387973713e-05,0.059711625855769834
-5.577738434759048,0.008865240574878731,0.6656452291790486,0.9137659876485287,0.09950444882017118
-3.51169780286327,0.05770697466800303,4.1027641712694285,0.6731982103599423,0.06017571361864915
-4.497285017577985,0.0025819750998746505,6.124375869133294,9.234838510706299e-08,0.13311158513898214
-0.8872890964718697,0.650312265627369,-5.321279008722044,0.5952882455869826,0.006754833959273898
-2.8061492095253078,0.16280178940174017,6.371781410510136,0.22623278264828262,0.07030425148087849
-1.2232345749202784,0.5516995211854633,7.86378280265859,0.1355029786433973,0.05290151193924819
-5.833886595711106,0.01747003772906456,4.203643516532594,0.0006339616214274263,0.10227509564980608
-4.645333722151995,0.013334146972805624,0.9647275698366016,0.9047873449311931,0.10793642112358137
-4.608001986976015,0.018121753208935706,5.514887911163822,0.04267349742941968,0.09145752216249614
-2.182626624283215,0.24849870301471588,1.2882357177061496,0.7991963253347341,0.02767002313377198
-4.909954694136383,0.00619122713478191,5.991850153449919,0.0006427235134887828,0.14624830957016177
-1.8491571075182685,0.39428486152162856,6.945310311958257,0.005429576472964801,0.05944969954435397
-5.0837744123783,0.001160926567778597,4.1574569080730175,0.20544294571653798,0.1442466574630611
-4.814066811448113,0.0007612042238586094,5.669039502391013,1.5772030334245372e-08,0.16413138786056014
-1.0114474899524803,0.5906246641774534,6.207223700345885,0.00019435176456967517,0.044560133054368456
-4.553954542391758,0.042762614154967134,8.263823116271288,0.3853590923952285,0.08233118080709301
-0.32133447558581774,0.873905167683656,2.460102966770528,0.7810543305795412,0.002030423466528819
-8.109801470023093,8.454923845291998e-07,3.4243803539682243,0.09113009670904319,0.22121401264884577
-5.440126719175724,0.0030862092290590325,7.257907885280045,0.040448316364337794,0.1513406341744038
-5.152274281045254,0.005305537002401513,4.020553943753824,0.004253806827007466,0.10814151122445737
-3.5239868158453933,0.04308420146047533,18.472775321196412,0.05454848460679974,0.17527673447249514
-5.370805459693777,0.000765408389468327,6.2804058216803265,0.27184445158032655,0.15789852923484748
-4.493446119472902,0.01640763772446497,6.591324759673819,4.093309662691253e-08,0.14461031672825608
-8.196456057002786,1.7969003114003466e-06,2.4050406846223096,0.7815585513605308,0.1845744917366452
-4.171988568406865,0.01286140854550313,13.81813025810523,0.1819316216074125,0.16080401501499264
-2.057055401952598,0.43512106140324114,9.585768823730769,0.519635669841213,0.05271565860494232
-3.9993227234210624,0.024491822936769096,6.0067708174870305,0.17215953909150572,0.07944870897828538
-1.4094039739925983,0.5691871313549728,18.1171677197924,0.07628658467563024,0.1309903467502952
-4.322180546299665,0.026082253859400235,6.280151662851204,0.005329322047024633,0.09328298390869227
-7.552794501314592,0.005493008697955019,10.447492716067757,0.011332466816364106,0.18707249717410535
-5.574511681141606,0.025950926617264496,6.704150540656868,0.02872346395058566,0.08761189004032599
-5.514044772365381,0.003141457798958663,5.8190645084071395,0.09235169024477397,0.1549239228206447
-0.685014831804587,0.6979059995294338,4.674939535540093,0.012159314679012094,0.033878106214852544
-5.76908263737266,5.007981739841033e-06,5.95763708297751,4.545481293169154e-11,0.27792407467620883
-2.724447220513467,0.1330054036160299,6.022628436756051,0.0003611014516696167,0.06405531486056593
-5.096866390704846,0.009186188045071306,5.750821827846151,0.0469543080990838,0.17635668584676212
-2.650883015456326,0.09452018712436296,5.167513090672703,0.08370039091235407,0.05616159013844646
-7.052176431159984,0.022932462465045007,14.374505099717185,0.6122984134358727,0.18100826382453383
-3.719597113105684,0.06867642539015817,4.285967557301655,0.025205400484433885,0.0846461242221439
-2.5156421390041266,0.22741720528955,2.650871962307722,0.16554520378982818,0.029358101790048052
-0.990729149801419,0.6890126757236535,5.637207486258098,5.098046229786127e-05,0.054888645228067134
-5.603626771064619,0.009882685000319127,4.574593514877662,0.0008931160723517066,0.15109361287632483
-4.57055996156863,0.03094209653902771,7.991190137110543,0.002121910130545896,0.14475033862202424
-5.65514953963079,0.003989171957662585,3.9656138026642864,0.072431744903486,0.11258348580219135
-5.838449275265884,0.019177881689802893,7.848940419688846,0.0005231199177405517,0.15716754775737118
-3.911228428143498,0.12835453462855506,6.71833410130906,0.06423482323597707,0.07531203999073544
-5.981166517422176,0.01778889121026824,-1.143614581542705,0.9267596784049225,0.11161445473389842
-7.544589136442819,6.814088093942079e-06,6.648544160779828,0.0006756736555507778,0.17208842255272916
-5.172710590803674,0.005392101400610052,4.883259419169097,3.2464458269823803e-06,0.15666399413667942
-2.68431851355429,0.12261501954673407,1.1010003316718315,0.790783538229431,0.046370266962181494
-4.822207846494275,0.0054073546402029216,2.4877153523776605,0.7454686797033585,0.12704436694750787
-7.110866180702061,1.9029105163779443e-08,6.207770481740782,0.0014200236209096022,0.21101638863205752
-2.571713166408715,0.31585863322756813,11.030795489310401,0.5662898704304806,0.10583443847788276
-4.363318460763803,0.040580993703602665,5.925692794718381,0.0687152875859601,0.09951820263173061
-6.4359122673743405,0.00010022879130502063,5.4973301490328845,0.08220844119448975,0.1879230996841409
-4.8746628088477175,0.001857242558811111,6.369594846228404,1.596904007348234e-08,0.2142230533589906
-4.117997880551946,0.032806355134476495,11.095993435667719,0.5188754654217644,0.17548204809974177
-3.684595639452536,0.05319415585197502,9.614387856715002,0.40156610628510436,0.08331363802816882
-3.49165756229696,0.09157582597666684,4.7200782042916005,0.6118661466770959,0.07638333372785555
-3.4739741972003917,0.05589153820055863,5.082106181086186,5.055531035046916e-06,0.09053986351492449
-5.256796150637677,0.015997444148876164,2.9759932065300676,0.7052137125294283,0.07590658492699465
-1.1039652306557297,0.5236756952928574,3.220753454288556,0.24938063650845343,0.016246678403411652
-2.884654816057163,0.11633067632569997,6.13491897347108,0.005185090140084803,0.06073891344014315
3.223402046616901,0.09724171777855987,4.519475085096453,0.22565971159707188,0.07187901985824896
-3.7646471550176273,0.11596572423325567,15.229653917095911,0.06082062155688579,0.14948463623567354
-2.659694002343957,0.11400115739153063,4.775055156613114,0.02030685932751899,0.059666985311061516
-5.135006128183518,0.004084598793876664,4.829023425699274,0.18993081273716572,0.13177442407015838
-5.0660180558977315,0.00686447244537961,6.936284994775268,0.31570274907259677,0.17468389928407735
-5.047956330587712,0.0035525775112042334,4.66530783503186,0.0054997443857431605,0.16022456754328362
-5.1505597680332045,0.015286232892271382,5.6408457888558345,0.0006343583165511809,0.10117023568541639
-3.4879509260905346,0.1041966924804495,3.8633460628830467,0.060268447404454445,0.07067455478721052
-6.44939091307063,0.015028426498610992,3.73366660883552,0.17741497814824236,0.11484523762991172
-4.811103092106899,0.09616791536190603,4.603634775668033,0.15560261505220765,0.08039285517254091
-6.4729775127914815,0.0035742601589838063,3.1950128983177795,0.6850762646656858,0.16062229167628295
-3.6552310517088715,0.10431320130628338,5.476562468919788,0.012980494520519125,0.05495138436609803
-5.353174915209586,0.005796280625280794,6.296734883884245,0.34518459167786375,0.11527189428908469
-6.917615460462701,0.0026567475170487446,8.163817007066587,0.1370343600698773,0.09284513688646134
-4.404591499243612,0.025569190416813343,7.080673068821754,7.550752101945134e-06,0.11292389132615399
-1.8151168385381595,0.3682751605997615,6.285031637454508,6.299121362929337e-07,0.07871783925993447
-1.496455163079468,0.451873175464538,3.993756816656665,0.011657976435820538,0.0349633087310246
-4.437147677685029,0.016973875194017572,6.497225585687659,1.2027961270189113e-08,0.13742871682158586
-6.906704176068543,0.00700988707027986,6.434289436341615,0.0016272173729661677,0.12937406451555222
-3.5267876130199607,0.11575598098706501,3.1873301002224554,0.4245546671013428,0.04595673635984532
-7.06661011756494,0.002161299695625793,6.00840295688063,0.2880460812504335,0.15039953474146972
-8.320167785085133,0.0007454328814088029,-1.3435956031481537,0.9031564529441226,0.13677747842670074
1.2825290087431542,0.5607849041137238,6.191893429674044,0.09741320206649597,0.046060498174733344
-5.560700217308919,0.0030477217404060865,5.6734644854101,0.001029447399577611,0.1503508648865387
-5.3478158712116155,0.003049987935680627,5.998020442135121,0.00011961153833403819,0.1551595213711694
-4.439708468792333,0.022988909289213398,16.907164234451034,0.06311734328035157,0.13075044142122705
-4.831957192685172,0.002329999039213404,6.462025746396313,3.2816894736635316e-09,0.17113098411376548
0.22565836835887848,0.9284056564737263,3.1866280063088923,0.1184347010469965,0.015406647664126139
-3.897763921719906,0.022343359812540355,9.137093417212956,0.34268799688205753,0.12187869421858999
-1.6069453217547323,0.40419399250274635,6.7600896066957326,8.30457250179314e-05,0.05740511224213529
-5.154205807421154,0.002027284965683199,7.868978361309376,0.009941894850185208,0.15208804800519726
-1.5360566285420498,0.3529431893337919,8.615969691078238,0.35138926687805905,0.06611434779918313
-4.155146956164002,0.0692497935371693,5.361644826961478,0.06968445201578322,0.06073484615469238
-5.295701654293802,0.02844518954849657,6.928071613034616,0.43273081907570077,0.12523248973532575
-6.474823122165194,0.0014848033657069578,11.8414868146065,0.14670170577324354,0.22379646842623935
-7.395970968652452,1.2356427240658397e-06,5.130732173779766,0.1478263715357122,0.21382056849274977
-6.046023963355018,0.006543700872711997,9.050895434732901,0.3399157257308635,0.14922274942575242
0.9210042697099359,0.6949559656405783,6.814901579243042,0.5104762059025981,0.009673956887887303
-6.089221007029839,3.8413650765806985e-05,7.812864136162929,2.6954402279049773e-11,0.2184079911741309
-2.0793373987047534,0.30031744869939625,8.736277386182287,0.4910789363320146,0.08936321173982342
-0.6670935162364086,0.7122264094709763,5.499185327958358,0.2801666703695913,0.018013682853525004
-3.7076904936272914,0.06527511839882459,6.454420787854627,3.8727637198624415e-05,0.08932524783936824
-6.192494392807825,2.2871270233171887e-05,9.06798623481563,0.022256301335128126,0.23218668697587808
-6.251596877177768,0.002205316763629865,7.3328887977442765,3.434469873612628e-05,0.16531828595677334
0.1679405178297875,0.9320429882992879,3.0802819774828247,0.05825000619474426,0.02099419809794345
-2.944505765840903,0.11629204994914412,6.4806148897182165,9.719332920525979e-08,0.13690253646689943
-3.9386963668166417,0.04791164940650015,7.100129899567576,0.003067444298137842,0.08705754860847104
-0.7417232802645265,0.6956565085292925,1.8635736430216217,0.5918559507027803,0.007255539670596112
-5.440007639502634,0.050013608669891046,3.2522187664998095,0.5906861406458391,0.06486655405827979
-4.462427177729896,0.02703722115318154,3.1380195091777936,0.515229708290474,0.07364243540500992
-4.774600252696962,0.02360028602203415,7.6001469944580125,0.4050682278327543,0.1219376792570922
-4.661853196423501,0.024633337471869715,7.477249367532129,0.028459522446416956,0.11815313049351839
-5.520636311856259,0.0030018955698652857,4.6285085792497815,0.0034474861892844324,0.1470767567254978
-3.348783750914217,0.07256790540411796,12.916280057571944,0.24352247091279566,0.10916195697347941
-2.9032696582475603,0.24309004833113368,5.405995494804562,3.4062798432080244e-05,0.05409926158351086
-5.936217944039128,0.028980669177889277,8.864163275646805,0.5326270979113308,0.131642354485356
-2.4214031318875007,0.2739656435444371,3.4646861795737576,0.07854890673167882,0.02660430372776368
-0.7836951247709875,0.6931196232199571,3.514247200032791,0.6942672106807546,0.012174768741570086
-3.04326786159388,0.2707850738840669,9.345574170017699,0.4534687708496359,0.059441433077359274
-3.267277194897326,0.11605318600945269,7.537531964985472,0.4752411118289228,0.06428988917531608
-2.5667391354008378,0.19820440746587809,5.468176394228064,1.7533779638198953e-05,0.09374533432423804
-1.4049762610220247,0.524657380560559,3.0350714697619883,0.2769128108902512,0.016697929918673804
-4.349288198834916,0.008636550977293135,5.100159378861788,0.00028972129584993705,0.11065189826200617
-6.998577804817954,0.0008657327541617603,6.593599561096673,0.4877717539897716,0.16543644241478084
-4.2280578707588266,0.05864528549840864,2.568433769136435,0.36493099004475293,0.0744842103377098
-3.093044168081025,0.12755597472674152,4.159138621007127,0.23713176379371081,0.04853368061922214
-3.1680853152257873,0.2531303249389679,9.208489522484996,0.5741357787852778,0.09569283783498472
-2.888100727887289,0.1461527515807348,7.281060074888273,0.0002628258818648536,0.09608912588697194
-7.414680537983384,4.064435537345821e-07,7.064051178481738,1.307868582480967e-07,0.1928864831226097
-5.690205135038152,0.004258973321058394,4.483916241518145,0.47486060012214704,0.07886308574710332
-4.746395820783515,0.019207225379570834,6.076426390630423,3.7206073261184615e-06,0.13221566479881497
-3.708417202692142,0.02808150521041484,5.268685320792433,0.004105039139465826,0.1151943921576355
-1.9130154051041086,0.37394808549430714,6.054617644832846,0.061029626468761686,0.036395028446030486
-5.856249811860025,0.0018649498824843819,9.146743465138433,0.48203971434818815,0.19333778107679
-4.586070059209783,0.06218511447895052,15.663691279422476,0.14521143251455054,0.15248884084352032
-2.049249193400627,0.3146105510321703,2.9993907756651157,0.15069405763576624,0.02069565039036836
-7.292213995157029,0.0008359775915818589,1.5545402991611192,0.8545770926980507,0.17984064708916425
-5.016259378481925,0.0015247732635677684,4.457991143167766,0.017871441917019212,0.11794557859682131
-4.407587764159771,0.008298204848024945,7.83449522846477,0.4302696474750646,0.15432572505637965
-1.132321528742049,0.7105285713264579,8.92132828386577,0.5599931283609647,0.03869845270982697
-8.348621703867286,1.6615827268223825e-06,2.6485311662155406,0.6941279169228116,0.18848590019786038
-4.46545974402731,0.07023828556317155,5.009301827316008,1.7755785732967336e-05,0.10401576006037605
-2.3798624359709444,0.2363280342232671,4.868112935201796,0.00658411697462535,0.04583996518401656
-3.438220095623117,0.04524927585459706,6.000145888137342,0.0006114681410341771,0.09327815465717204
-2.902909952667437,0.09523712687644353,5.109213403566396,0.010974707504097365,0.06645389422809234
-4.558278837197104,0.0017594500058773512,8.52225810244264,0.15260490706611216,0.21831628529884384
-1.9390148913213372,0.36836460296184315,8.251731234097818,0.000560863180762791,0.0872907367177107
-2.92871574452092,0.087506076054046,3.688532069626561,0.060061706371435666,0.05421994799235208
-3.3084601470418686,0.07257127032461706,11.485363601623881,0.3372573324599287,0.1166972881019619
-0.8344617676931049,0.7451632340332295,30.518038436243003,0.0007549664763759164,0.141829330380575
-4.549382414987407,0.00954820366425958,7.494292237600703,0.18346605284310002,0.11363714775547795
-3.8858258775227044,0.05620249752068128,4.769356150783351,0.14230431607971702,0.06546084311904521
-7.595651317924219,3.473059944940963e-06,8.511030723063431,0.060626943520674416,0.18063104880028302
-4.373997817009994,0.0007794413504841334,7.468126279835914,2.919088433787802e-05,0.16122003197167378
-2.7541925613448046,0.2101700194484497,2.595383752790909,0.46056047764951025,0.02908790080430146
-2.5267633651414467,0.22296179848703168,4.038852881930249,0.012494737816019843,0.037334508827941204
-4.119718564664559,0.02198546241786324,6.713326358558957,0.0688863400937451,0.09971207961333084
-6.107419734884018,0.003246072501790915,6.701432065639053,5.999108034531412e-06,0.17313538246735805
-0.9864612210577427,0.7091197119880613,7.186356882498681,0.6520882366987277,0.02614912611078546
-7.127216563635163,0.002001705950931223,2.20946965066768,0.33950698085087083,0.16065230715883616
-4.596302040544482,0.046741110331273775,5.884692497288977,0.023238468090206483,0.09474143072504626
-2.8041579829284786,0.06678730877200467,7.1014242293036665,1.8758470508382745e-10,0.12329184989170994
-5.875891420756093,0.004000266066228609,5.120119393284319,0.02925279869166702,0.12729038591657593
-3.79683785279671,0.06764345719701026,6.621741053277294,0.5587867967199796,0.05659750567312605
-4.479395101967042,0.011120853830969585,4.8602084498087645,0.04586020906178735,0.12661151437327145
-5.410501300097794,0.04545535582779947,6.083980661626516,0.01049661923932841,0.09257001655418828
-1.8612717806860855,0.365292113761569,5.678324954498618,4.267945576066824e-05,0.03931265850764942
-7.300943466599328,0.01253340835008482,-1.9681830973197878,0.7924625887528207,0.11794505450164028
-5.815750047467655,0.0023380953856640477,6.386113292106918,0.011963017966034481,0.13453833919086344
-4.791189691899311,0.0051635307676365354,3.9042553530261843,0.02398517739367005,0.1383721818608349
-2.409425557259202,0.24821013889603216,3.7373001951630207,0.5777441373309282,0.05795165731205831
-6.055436471534578,5.4985206461842356e-05,7.072189336513616,2.0138024771090853e-11,0.3007701718557796
-3.2100107838830696,0.15645228095485433,7.017951571707018,0.02092353024252701,0.06836032509506162
-5.020134117764877,0.0004470046276971584,2.9190779930725697,0.4923511573675896,0.14493364612719584
-2.5072467727053507,0.22601553807609098,2.8535845504324726,0.08756734929889563,0.030746717237544074
-2.9572540124806737,0.20785504162637758,2.029954030298383,0.7992193822681785,0.03269711226701111
-6.044953752259944,0.00024385158254405933,0.8101072133212761,0.9367214174863226,0.15150005441166148
-2.877525146988292,0.1377014465828575,5.5496093949442065,5.3494719792035925e-05,0.06865654773380847
-2.7203191570915877,0.0717844290476179,4.3621161314632975,0.15158696785918133,0.05761547079439
-3.9481666657434964,0.06489081286668595,-2.4621012902994766,0.7942794718484054,0.05908429397504289
-5.46864027124371,0.0011349378398368035,5.765906017748009,1.748326354266427e-05,0.1835891661009893
-4.176798835059934,0.025725580881579287,6.732758808791358,0.15859508693001478,0.08248311970839961
-4.251216501007954,0.012359468560386288,4.536285695210117,0.0008687652746500582,0.13275557622849132
-2.1280638577578372,0.3084435289696331,5.0464476487072645,0.030303448851899503,0.03941338332359112
-6.5807695073557895,0.00041393540881322084,5.076739159283601,0.017026297293060107,0.14033544478104487
-4.770138969318425,0.012705101709025609,3.8505625730107917,0.14181296153505282,0.07725540286289712
-5.914507519629168,0.015084349525465852,6.401535292828051,0.4075993914213141,0.13659556308446474
-3.4626805516386177,0.15688215709684233,8.760811358985073,0.05015293448679333,0.04966550356059385
-4.2940830870457125,0.046107433038203,24.445949779375624,0.030426101277793337,0.1186001180177374
-3.7263796454608507,0.06634189319167108,3.9067339421458267,0.0013725050021672657,0.07586583090268362
-3.73702615716289,0.02441581269338239,4.9579383673361175,0.15243566830483044,0.08642802747297929
-3.4417010452477403,0.1446114279705073,4.065832527279058,0.020204911603996463,0.055324298070894784
-5.863364087764817,0.0024279409732089704,12.770803345276663,0.10989892675312106,0.20749514949222048
-2.950820858875508,0.04739791255390799,5.985152595007959,0.010263713681631493,0.08559581377944969
-2.1855958134222786,0.44128648596150066,2.0665378540440207,0.6491667980117948,0.01367956610255372
-6.130567424368903,0.0004874164851629342,7.4293638908440265,0.10023543239570915,0.2053418208890655
-5.430423849918421,0.0006602661125965868,6.622533102584514,0.04568320912697694,0.17932307742785702
-0.40921077930705674,0.8628125613898588,4.978391343767576,0.00037840450466587896,0.03337754990857178
-4.440247863725321,0.006783694910898294,4.969084622436011,0.022286587040150508,0.12190942160306895
-3.816425538281498,0.12136409308582212,13.951793356134782,0.12560795906890554,0.1196100733780987
-4.8799090678977155,0.015128609800540925,18.39381197382302,0.0382985508537412,0.151368898968125
-4.297207815313269,0.01763609142728481,3.7571235511276666,0.06901106607881813,0.10653517703888937
-2.47425970349086,0.21377878212307855,6.474842064568322,0.48101244458750225,0.03957268013031223
-1.407658413678778,0.48726851174110897,4.121389639492622,0.14930684719142673,0.03151306977647872
-3.801595792096697,0.11432648206242643,4.569162204487636,0.244483470528027,0.08701012174052913
-2.2100949541103483,0.24335702130509185,2.887099389382955,0.15305056768245026,0.025701783856109106
-3.540414690932964,0.017235420897804277,4.321525780369341,0.0018379407215768002,0.13875428195301742
-0.9771696515857788,0.583147031962457,4.300162195842083,0.02099947804385046,0.020782930674082878
-3.2605163447964607,0.05175500133341603,13.345241110333333,0.19557135321092212,0.12098835750536263
-9.396592913974096,2.735158087140883e-06,2.7213732352544024,0.7739370306725303,0.24896125909435673
-5.594424718524472,0.0005955595116554131,6.046605788194594,3.942652862961715e-07,0.16167091493224262
-4.065781632789306,0.0692474646937773,3.142335430588664,0.5125168204316436,0.07686804851586493
-2.85691678519733,0.20902169310474028,5.50198419119622,0.000679008376889712,0.06707135335157688
-6.574272107134588,0.0010027931499872662,3.5307468668647357,0.030772131163588925,0.1768588130749743
-5.513398394642784,0.049022895809625044,7.567544244665673,0.030380279470914456,0.10074231675953393
-6.461117517217019,0.00031872981612066624,6.390302579811519,0.013749712961500347,0.2183585578721331
-2.5979826845789176,0.190435707771198,6.592272073345816,0.009417814038232405,0.06531306601797038
-5.464163853588151,0.001211951920205074,5.572189513633844,4.356159245401805e-06,0.14915762512073405
-2.9715655365148392,0.20289204830273577,4.6222776235069984,0.0028857848011755224,0.045003705977330055
-5.626359074617212,0.0019189313632722758,5.071488002552847,0.0082143789638396,0.10692950151958092
-3.9424206285447494,0.016915329002150467,4.739891174170488,0.01848451340124594,0.11871215820550718
-4.732853488546606,0.038847674150140385,5.005096456709991,0.006353437608366371,0.0802604369169504
-2.3602149653478017,0.2967639644943817,2.7101796440074515,0.4371293584103989,0.024178066089155736
-4.808966267016731,0.06680351219822925,2.103215699328887,0.7131597413318582,0.053310747859772745
-3.7213060053490583,0.0643767063561349,-0.6570913460933162,0.9483453258883567,0.050848583882903586
0.11268254869834897,0.9492129695561087,5.781402571910248,0.025367915050602725,0.03410120743710987
-3.0741304245503547,0.13114832929030093,8.145630427945045,0.0019721004210941882,0.10471480115466636
-1.5139906691917633,0.5095462110511974,4.782681264653694,0.04327071047705715,0.027592489180362834
-1.2214486234301452,0.49907143097482776,6.542866792774034,5.062609803105272e-08,0.07327219129898332
-2.9777344484111805,0.19174166827304073,9.374378741220788,0.38361472711362843,0.10528392647138185
-3.9546926814459304,0.003047219316727159,6.272001637699255,3.344647805584263e-06,0.1470946982458462
-3.6366383708554806,0.04749390340412019,8.38975148633447,0.18954512374513877,0.09670131917860292
-5.266270824484014,0.0011007837537053947,7.000374349932309,5.0819717640030594e-05,0.17200535884604706
-6.033753352105162,0.00018766896186712137,7.700975516266576,0.010593595764689477,0.1630331680420456
-4.608879804243666,0.02455620742992043,6.4074665002793845,0.011312681397909568,0.09386695003585388
-3.846398159830938,0.04636743595001987,1.1884791417122573,0.8952052010833154,0.06865737770867253
-2.4724289238843573,0.17023262295384556,4.976824544394665,0.00405420106264639,0.05368236145453442
-6.91183828015531,4.981939784552764e-09,6.5092138803705994,0.04265533150834595,0.27499385335935045
-1.8907337465071408,0.47613026105572975,19.407412111741206,0.0596973327824495,0.07596628307029918
-1.4008996306232508,0.4199211278679351,5.317714280011469,6.305331656912065e-07,0.0644522222752929
-2.275526346629638,0.1293355052617111,4.214243792449948,0.1635309688433878,0.05546874480622699
-2.5750350952891115,0.21949164169343716,4.487624375378542,0.0010033338799626695,0.04584562848331675
-5.677591176153814,0.00046440992692457116,7.619575574592209,2.7015927373306723e-05,0.16141503687784464
-6.374104679725725,0.00030816490287955675,6.370330787157846,8.235928326105805e-12,0.20582670985766582
0.46166975619647344,0.8153176354650142,0.06874710609024104,0.9836992557673869,0.0009111425940464546
-7.527390324386817,0.0006514162395496638,8.432796346820513,2.4681060577227448e-05,0.2013528218133961
-1.9046125639205311,0.35545770899511264,6.145159806107664,0.2468076315059754,0.041371588355099576
-4.791810244422842,0.01929195728194545,6.882548224099132,5.221981942552232e-05,0.11762169616021056
-4.100559844321497,0.015287109781414765,3.710495068931199,0.11296851424902282,0.07090110124900251
-4.308104023839764,0.011730879875241745,4.809356017261268,0.001526116168242273,0.1013949624337156
-5.551039569664566,1.8126170885094787e-05,5.036158428716242,0.0014826706522168853,0.17989107398175586
-3.7671604921864694,0.12057781787979062,5.034217697568963,0.00032498907972303143,0.05838511193986917
-5.135711425902065,0.012692595608322517,8.180194994578187,0.01138910989902529,0.11492085233023885
-5.772922712323792,1.0555818819037713e-05,4.198670487602493,0.015516216325096852,0.16540007736260587
-1.7513901206813456,0.3421275666983107,8.952363245006529,0.38203431296359835,0.04128538883723365
-2.5822285829925335,0.14897126805498279,6.26354641627244,0.4680925897994799,0.05646970204576918
-4.874964262721859,0.005634287418994151,6.109102999798696,9.767922337098371e-06,0.19706161820220414
-7.749285489090198,1.8978214754760806e-08,4.368664745361151,0.009667962862680762,0.3080652356207628
-4.687418039190459,0.025662476481965724,6.97559401806938,0.005483374939797415,0.08847121808983294
-2.8883721664746154,0.16289410241897828,5.277584620486376,0.07679283555717195,0.06470380582695046
-6.428695131118036,0.0015821204603286424,6.451603432872827,0.0012585171473568177,0.15717994983479588
-1.6053540375810889,0.37444524688722813,6.724293715235991,0.27566278137530753,0.04179196111098393
-2.854628931501122,0.22775621418649716,5.354900614086447,0.04932662845539307,0.040130296113866426
-3.011598156127665,0.17295601154893636,5.460595947371034,0.39714286470780014,0.04207099482204679
-3.324062943179193,0.16835012668453475,5.082723836261114,5.256468658712391e-05,0.08349902363739536
-0.45632502121354046,0.8134744097133357,3.9502936496751992,0.11706139223160288,0.014611868029965613
-4.786449971937876,0.010433733794135465,2.9581264171718296,0.7440227136615873,0.11056332324020512
-4.004022894367304,0.02249502446007556,6.592734818302083,2.3855764668585474e-10,0.13974936899279577
-2.4624799783062334,0.07719798603964094,6.128747806235161,4.557847307650442e-05,0.0963785721938184
-5.2319220849832435,0.0010442338948962369,7.36384459539846,0.0007311010234766885,0.15719024866323916
-2.783962444327386,0.24370696730910923,5.129954762337591,0.004430456655390872,0.04921695752729449
-5.793899716294291,0.0012328209581750835,12.04807918808769,0.19204633737441867,0.21006240710016466
-4.526037642812647,0.01842178325950478,7.425601833789609,0.01832216004195271,0.11755067011446796
-5.320833902775511,0.011471513280553602,-1.311354050186198,0.853568909436003,0.087221943570716
0.655668731385086,0.6857786007857288,5.8590733421182275,1.6188519567025076e-05,0.0692990819272642
-2.622216560352497,0.09922922102587044,3.156695768681981,0.22502331221308647,0.04626914994759679
-0.8358725154171626,0.6932893465617315,2.3986682176516116,0.3145949986346033,0.008342476806875387
-4.548338834179756,0.013286863201668053,2.9695418182990343,0.007375163451322374,0.10092360680335433
1.506394403686323,0.3202081789738491,5.543687253002248,0.599090131210672,0.04173189057667526
-2.5566565296514647,0.2134493540724367,5.063022092192554,0.0008058468657410966,0.0486720625103102
-2.455507761527477,0.2654419543003882,2.5950848468103227,0.2773854402721462,0.029072714988163995
3.8435506142928015,0.10546423543697153,3.5630811960129427,0.8205814363534785,0.07872210163617288
-5.222843902297428,0.0317855280854162,7.6543055681650305,0.31909936032062003,0.11683702697702358
-6.304989546976622,0.0031619177157138,9.54657829284861,0.2607515660436929,0.1462536615054557
-1.4637858472988758,0.4370283072671427,5.109802201453986,0.05622548823708535,0.02592361458433956
-3.7815820627478662,0.03688710668320639,4.8476865711486266,3.34684941428224e-09,0.11178226834276483
1.7469249711533181,0.3937458486759057,5.785693869803504,1.5954513531521201e-09,0.06522779768631892
-5.531155696420692,0.015307830201488655,4.486070643838376,0.00012048032006473457,0.1216710836320467
-1.4129244754119865,0.4316695402205283,4.720704369763871,0.3517909822575208,0.018684944902281675
-5.525092339654841,0.0007888390515192698,5.66786871966666,0.00038444127086580647,0.16347117309137915
-3.012541712217742,0.09037190801939732,5.513447545183164,0.0005783908492719325,0.07052973008841001
-4.287087635727623,0.014360578413021708,4.584010232503155,2.320189732491628e-05,0.09935559849707842
-0.08440346894277367,0.9654438497111206,5.123807334924434,0.0019342597584676548,0.032344098993517534
-4.7708434483274935,0.06493808208946558,4.384934145233734,0.042016340902936544,0.06913701332172872
-2.257622367863162,0.23182323419796713,7.556996551209287,0.001342079781682724,0.0707580667966845
-6.791374638310429,9.789055951958646e-05,0.4718627578434717,0.9092197162305566,0.12228690451533164
-7.245287809552599,0.00015199865652203108,6.4696304527192545,0.014985666613099352,0.19315130724754248
-3.7134642818184584,0.049316893273294096,5.562367019776516,8.747273516029019e-07,0.10856352266003555
-4.6264238196186005,0.04042206417538034,1.6941581461133237,0.8667954139793377,0.08179924905448388
-2.312001789978712,0.29868347037391196,6.431284987911753,0.5758664957435571,0.02607291926262234
-2.3878052987352536,0.24169264099336019,8.933562923210394,0.018883892586226705,0.1080269811181942
-1.705418693274465,0.4853083607947736,3.1491006234533137,0.12565069489355504,0.018794010245034354
-1.4673633340706154,0.4607447056897809,0.7875929186330526,0.8393748925346669,0.009961843905464618
-2.6394764928450307,0.1803522072612872,5.298760854099268,0.008540913946192016,0.04101958599427202
-2.0416282672639445,0.37460245132724457,3.425048673845637,0.008528006223637157,0.03034497029284644
-3.663659353956652,0.04077835035197283,5.501291638251457,1.537974494356845e-05,0.0843952453842497
-6.6018896304462045,0.0007926156599285,6.446842718756207,0.00044941790234608937,0.20568994204340563
-5.735012210447703,0.0005627233633561875,5.122107626443235,0.12560428186626546,0.15631701885502736
-6.694968354101356,0.005748687527461856,3.129610446680634,0.4669043036286322,0.17510472101491759
-6.706237403696619,2.3209833124744684e-06,8.070786241070264,0.012370525229949723,0.22502587636531435
-3.5579560296929587,0.018484806384739816,1.091577275396655,0.8971919451340766,0.07730698275584891
-5.024938640293088,0.007301423650863257,4.903439056918517,7.079283582748852e-06,0.13668879894600128
-0.648544812340776,0.798116810607375,14.899008063883876,0.22211441038948743,0.023608315020279824
-5.794117202213262,0.002596632169460686,10.47947362088846,0.20328858784892523,0.16363569797885447
-4.070947241610282,0.015821616500945525,6.166582986584768,8.718793222216793e-05,0.12292583994879147
-1.6196653397528402,0.45061042020733433,9.226388209451885,0.32673267571098485,0.044022404970041396
-3.0746386686821148,0.15906147720871777,6.508063626863896,0.00030813585128232,0.08921234897861674
-6.282637218577371,5.302223287031799e-06,6.9395839224060465,9.362787787104396e-07,0.203729372561816
-5.3927105140505045,0.002640302604380907,6.520186792923965,1.5427745877583676e-10,0.20612919718609735
-4.143090606714602,0.032439772161721135,4.625463417439513,0.12190124286119138,0.07880714459213367
-4.5456680664123095,0.018047813186495374,3.489778598829219,0.2781775935686137,0.08192438397165402
-2.177541723839873,0.16428679907637977,5.707274718140731,1.633922020845851e-05,0.0844539261271211
-3.098627120152542,0.1013844386031942,7.042744054682039,1.0477178866692986e-09,0.1403725167578881
-6.18786830220422,1.5220308109504354e-05,5.668591310686342,2.642241528095843e-12,0.23836230699209127
-2.2592445224809152,0.310844388168827,4.201819189027503,0.003174639857578593,0.03925992661212996
-3.2108594422672243,0.08332201168757201,6.969428366021376,0.0007021533341454685,0.09406349347170673
-4.903179316262046,0.020813913844370143,7.062067907344522,1.77426959153864e-05,0.11593080504845577
-2.1973204259245818,0.27556292113761505,5.542907384775686,2.418065889077293e-05,0.09274391854676445
-3.3262035606760527,0.20009336046340642,4.6686812288137824,0.000510202233562464,0.053737584224048174
-4.33691068763047,0.039378095986826275,13.026196622189307,0.17746061512480604,0.10627068931731087
-2.9317267510720244,0.08944863407268831,2.839860583600011,0.1540548182997824,0.06015690719174549
-2.4672951954431612,0.35781249352441435,8.433644394328237,0.47965007387744163,0.061347650455589875
-5.5035034106325975,0.006627919268295067,5.3386476882849445,0.5057940263601178,0.11753247635680875
-2.9930448091935347,0.21374040268395744,5.766135164620443,1.2006164367018641e-05,0.0799822200641026
-5.421045864422108,0.038399735728046315,9.757971017094526,0.4459500139695127,0.12911373799560233
-3.2724925720528684,0.17807832361757292,4.707915800947445,0.07957038834248015,0.03977536863847264
-3.2823855150190595,0.16185795262438551,6.456866333183165,2.8325270818324695e-09,0.09945818260861727
-3.362915395558741,0.13038582842598145,3.079140522338295,0.10529166574670447,0.049786556312163666
-4.393249831203097,0.026290681901324057,5.9053764467556755,0.00012758327856352589,0.1621072791060103
-5.848011319358492,0.0017589485711733833,-7.461670862822616,0.42886238900876306,0.11266660601891121
-6.416941514696092,0.0037009642859123413,10.024841310466178,0.27767401471590847,0.1864147647852069
-4.760239020376426,0.002408621887599666,5.421661172740689,1.5673753766418572e-05,0.12856572912546838
-3.9771083082348895,0.03204849109646112,3.1664524465921238,0.24215024420488795,0.06835289009580325
-3.4132051047185716,0.08562180482736198,6.107645930880405,2.5116262873522783e-05,0.07952843237299323
-4.181559259940752,0.06964418925731054,5.335629733925233,2.9582862386584122e-06,0.08934559586450175
-1.7924952370564193,0.17316494851170927,6.637825905921541,3.693542383224593e-08,0.09045087716984557
-2.8997289335236824,0.10295378113015544,5.861571980473914,0.017888349578383013,0.08367107925723616
-4.11020585062458,0.08715089447599705,4.977576908110703,0.012058598469521337,0.06635106338988606
-6.022940296881196,4.7331862335150435e-05,5.691951677759732,2.3867961867691695e-06,0.16515676251118194
-3.9849457900644953,0.0703878087147144,2.7052626432274574,0.263949557183757,0.0464335153041987
-2.5812987169994837,0.1436238058884543,4.863099242399276,0.00010463757508765504,0.07347958615015515
-4.428854224665321,0.04792070137524706,4.185938574078376,0.007052691001905014,0.06248103908904834
-6.589189689072119,0.0011489772834473483,7.8609549803833945,0.02552933310217345,0.1487667324980284
-1.305096064148014,0.30342416233606984,6.728397817880094,0.0048518687740499835,0.06718156479772908
-5.923109584739999,0.00021994402915766152,4.246925263083073,0.03318085296163125,0.18689804856359093
-4.972249777140299,0.046566375113367496,2.3186386362411513,0.63811585492873,0.08104191354356449
-6.639092297039609,3.4838950071312024e-08,5.5172549837055005,0.0002060178271805398,0.23975060069732024
-1.915934506847929,0.4528439027010247,11.744084098981986,0.5210573652437622,0.11674345619310467
-1.853894111934653,0.325030679462468,1.7566608574252673,0.6578613646711364,0.02636485323007165
-5.039270566836474,0.006386692117820446,5.683643570307263,3.100465966107215e-05,0.12981823220204558
-4.018632893685163,0.012266892675672233,5.552293912054038,0.24785381276488583,0.10322822322104142
-3.4528520996564147,0.05385568105656735,4.43351525769512,0.04310644227958539,0.06337897618043387
-5.699277031212961,0.0074248356902954305,3.5429263361443404,0.03111094442517419,0.10082436825314844
-5.331664764790179,0.0020079346269143345,5.988619840019896,1.8385853191651973e-05,0.14935430050096377
-0.9283279426984975,0.6238122621118893,4.800395513359921,0.0007940935351534207,0.04986439249197383
-3.224263588328439,0.11339474945587802,-3.720944320757574,0.6523409881420024,0.04566536635756768
-8.417799943325583,3.4325189969558543e-06,2.8721725897969685,0.7464381046957806,0.15710444469260854
-3.441830226942234,0.03389607968004749,5.179562891102054,0.017275706410791684,0.11122744601992218
-1.1412027654041448,0.557757829989554,1.65937248183766,0.47455639284619955,0.007010113663961204
-5.996784718791263,0.0153779289379621,6.365722374961273,0.07234735730719757,0.11469961156657493
-3.6335134207389816,0.05546180078809758,5.994458995357926,0.00012554914160342712,0.08318420550602368
-1.637847090599818,0.44830578680993993,5.052629923739952,0.003963162803506108,0.040350047246650034
-2.4866939075737005,0.2858439825218714,5.914502853601312,0.00028724559912441,0.047285929629947376
-4.530727878690441,0.0032297951987392153,4.56157284673354,0.006969166107185465,0.1193676502783918
-7.237278213890284,0.00018511553877280392,5.35835862836832,0.020371277143169785,0.1565841427290181
-3.25712525181529,0.09908923589236124,4.359135987087094,0.32651737890725807,0.05093442369616119
-1.0406659435258943,0.6469263303499688,11.586604178143672,0.2947543932157556,0.03852605565069234
-1.5838367301804546,0.4220504669222622,2.759043060365252,0.4120596476107836,0.0184590586677571
-4.683318733754366,0.018303043616801136,4.687151828952966,0.30922438181076173,0.10694998398717881
-3.77025545425061,0.03687987299468667,3.9804555471273635,0.02206207964559774,0.09499308659008532
-6.937725687248793,3.228741699562926e-07,7.097459931970434,0.0001790362217057395,0.2503085409510545
-3.8292508085894554,0.039649781532723964,7.160985654005482,0.004575444663635695,0.08012687105470451
-4.05325957303712,0.010176764622732452,5.255214011164151,0.00010888587474880345,0.13924681118070836
-1.908573996546133,0.33378588812696597,3.7170022917096297,0.019870010299664117,0.029608849368028323
-4.876491853920606,0.021421734353733856,5.388687636229915,0.007396846276602114,0.10406533896157366
-3.917210204857434,0.07097944687841135,3.8056671214796594,0.01529050256743892,0.07408715002079924
-5.236539891976043,0.00365410467198891,14.297061282871885,0.10316482571764105,0.21911276089896903
-1.3646441386723533,0.4484357141513611,2.463927882350946,0.3172798918044012,0.013464786197494027
-4.897714201464842,0.045485911227732836,5.197225779004966,0.6096162847730267,0.07120900860781576
-3.3252530469914,0.12328194839287879,3.4597778438396767,0.644184219799133,0.05091404913152964
-3.1345593549365147,0.12980000599399752,5.904691253028819,5.109818314482214e-05,0.09967623469939879
-3.909939364767473,0.0041372756991940925,6.813397471612088,0.00025768955673112867,0.15788229426107658
-6.398334503882288,0.00031650713470593445,5.8763241234386,4.6234884365264645e-05,0.1558146690517226
-5.413774347159623,0.008571774375809464,6.462402830871745,0.5130401009082438,0.14515650380978284
-5.143452618305959,0.01154262017555294,6.451805025810112,2.138122825221861e-05,0.13079359283439684
-4.080024429241333,0.027371213082967787,6.4316784707609855,7.978402374391159e-07,0.13372196996997443
-5.69595278926996,0.006566601782600522,8.679737936124935,0.1860260350302071,0.1697211896666343
-2.7156350237250946,0.08478870278579924,4.348907417989203,0.0016877368338008617,0.06651817156764483
-4.366310756888344,0.04769874824067856,3.6697723593846128,0.149087593053281,0.08471217279345267
-7.843272832970907,2.0727171369255383e-07,9.926978028702736,1.5074494568498747e-07,0.2946389164992136
-3.3849906247425126,0.06775344849256214,8.132269263682634,0.385316834351602,0.14221644693197066
-3.978504711537952,0.037841148019210145,3.983141724798825,0.1023785433498559,0.11001431988045007
-6.877232339921246,0.002786014756494724,5.93585162547568,0.0013097230303161665,0.12898857133375408
-2.0970473805525947,0.31424040784308693,6.427932158724953,0.00021812228056002642,0.06743167250931692
-3.9484508608266835,0.051456736333918625,2.5607766219768546,0.3852514009447624,0.07171406255019397
-2.6242349867204275,0.16762887774092006,-0.4188309578379286,0.9722442114355542,0.025405640178976063
-3.15285090455342,0.04599143134704433,4.824544492701181,0.019335223903723383,0.09495030027228746
-3.4237205600707488,0.12725378934673365,21.480633230712915,0.03633123586079505,0.22053003161365414
-4.4306706859944684,0.001385642427712974,4.095536071628325,0.01283344160494056,0.11951937755426145
-6.378260279441871,0.01704000635516046,5.822289393916599,0.0005222832655163438,0.1411612036259664
-1.2231465658775973,0.5449245191498922,3.283644504813248,0.09907544030183212,0.014115869454961127
-3.3107930166523976,0.134938737881944,10.660232213288953,0.340105728120509,0.06940176210799787
-6.939631541697616,8.354983767919711e-05,-3.88296151316627,0.6141415235972227,0.15545481057189414
-4.454698509889533,0.03010968619156552,5.857137376810175,0.0018623799605301161,0.09619591625531954
-6.1615256611940685,0.004455345625801106,7.461197058027291,0.2122100420659324,0.15183693717736557
-6.267278583435473,0.005306460501510608,-2.5870711575808873,0.8110377729046292,0.12806337443790772
-4.035772228758673,0.10073099963768704,4.155203161593368,0.013746124825086413,0.06434427127495901
-5.155223973834064,0.05689745135792163,4.869231074349742,0.624710936382249,0.09017628718993931
-6.881488042910281,3.653832711807524e-05,5.549154201321776,0.008310047434634201,0.25462919734286726
-5.586153187893748,0.05319070496655577,4.578065662103992,0.0043787140675916,0.07801470105420638
-9.003512082398256,4.321144750416701e-06,4.0584413713480325,0.2278206248554978,0.2351947474670273
-6.093355736916881,0.003911609371221014,6.002911220413701,0.05137649107276067,0.12277879440872697
-5.158119915705838,0.000545804716462204,2.255309166821327,0.49157494911540256,0.11669628577083435
-5.982067177011335,0.0002455738319737922,4.628508640921434,0.0001109124426671668,0.15226960693020597
-0.5007020817535275,0.7903436174441539,6.187547500586327,5.033064576204693e-05,0.05231862392416664
-5.344547966706972,0.006358710444727293,5.5233120809997205,2.5232579139755282e-05,0.12897367943796956
-5.4719001650030625,0.008038583932565537,6.325779105955657,0.2210083203969454,0.1287935114537555
-5.045939758960476,0.04204788868687681,2.953920005796468,0.4817558658548595,0.077287293145333
-1.472540409304442,0.5568390339255477,10.184491682930211,0.5274607996475976,0.05473399568694093
-0.7089327297532279,0.7020251429884217,7.722984649176744,6.52097105626254e-05,0.09166083759113697
-0.1812472759291876,0.9274963697523758,5.13828918129979,1.6455726893330193e-05,0.038118938194905194
-7.078942705096165,5.442386834367666e-06,6.39110599343647,3.2084697955353994e-05,0.23228477677884518
-5.727182347930981,0.0016961666577619615,5.691691077439752,0.002984776968385166,0.1358089965251169
-2.6965583731826093,0.1605054355597596,5.614444385885237,1.1314854427993932e-07,0.12310211302435503
-7.108186343550078,9.35709167890211e-08,-2.565836643695886,0.6967667787719267,0.2621785673782192
-3.155314261281686,0.16280097693687856,5.261894265311003,0.014301362999807297,0.06060807858173445
-4.079193815284666,0.0402228140867314,4.9374578768150394,0.008980277282475314,0.05369419107444817
-1.6502846672019589,0.36208737346721775,2.6092026350928332,0.7636529705381013,0.02162311596869715
-5.1705620384071,0.0033959639404737554,7.308005420945753,0.0021793404328767324,0.14969718626111495
-3.2174824243546962,0.10871378686979,8.272350855973631,0.11897317663648946,0.11837252839967005
-5.94490726865529,0.0023173048585498728,7.365067047623231,0.01759278848340926,0.14352183277888086
-1.3982597197730604,0.5230146568520528,37.715578451408746,8.516489783203314e-07,0.21800935300426716
-4.331778614655606,0.04957755193626309,4.454900133474871,0.007980614930760181,0.06294600506688375
-1.8808402283032335,0.4353571166074428,2.0961213003825097,0.8078945736800196,0.018001256877906213
-2.0684324988018576,0.3099962136822444,5.693709467068487,1.1246730649006469e-06,0.06719623836425459
-4.5279963774398535,0.008771804086782835,4.679453434630112,0.0021961136094464824,0.15553889922054032
-3.0837542875234583,0.09809621810684467,6.295429747183713,0.0012543640549890465,0.08244705481867232
-0.9046567157816168,0.6924838841205411,19.677410847839482,0.16471070108699526,0.05081583428371106
-0.31474274243442096,0.8880091438783819,6.788190422425551,0.3602758947441459,0.023515083398586767
1.6045617414223097,0.4322015212800676,36.52839236569978,0.002266262153879928,0.14163042272983517
-3.557044381423746,0.07548419235632364,7.332635013079357,0.0036124598274082133,0.08666788314550866
-4.150388686715574,0.04936795059093347,2.6580877703397197,0.5149001839444185,0.05968946401771125
-6.045736033674129,0.0005478333898663591,3.5781681758324777,0.15457953291547552,0.1536526299715243
-4.108699448532671,0.054536982193968735,8.330288978679551,0.4385671069229643,0.15430225231303563
-3.746782511148169,0.059214286219309374,5.692195339119927,0.003146766142614801,0.07477072149707276
-6.158988074616968,0.000867310787508935,5.461134035649396,0.00010362825923282573,0.14748431899281178
-4.004909037619809,0.05915579517770138,5.168838023003425,0.006937246231896416,0.10617715115277349
-4.498699708551899,0.023254126332510346,7.981426874321783,0.2911490332101312,0.1107014204057597
-1.6424979423314012,0.37851159673663226,5.7725673944105065,0.00599283548143351,0.04900986455844514
-8.22761397596628,2.514338365406564e-05,2.7289913567802935,0.09515197275975905,0.18312798910540296
-2.1322631322028145,0.2549502647001266,3.5288198710622156,0.03417684960663464,0.03971176740921356
-4.147539380586239,0.0087735827721242,6.297171353750085,0.0004957446628668033,0.14673685517868185
-4.040035643687806,0.04314880003998497,6.055933526317501,0.0026717590205789224,0.08896222435347889
-0.5015602407498625,0.772569910275164,4.2771027789486595,0.0016565399772212098,0.032336821540982275
-1.007112605965993,0.4835976377560207,5.864598278714017,0.005648482288817298,0.04564105819634379
-2.581273277621101,0.2269367852144607,6.395797716740637,3.270586490179093e-05,0.07568228612894168
-6.802095439845421,0.004432086858612551,11.480307769912383,0.18424573688962242,0.14678729304299687
-3.309176438630683,0.12525118459977438,1.133400574035757,0.6941583674294274,0.037171645733800274
-2.1756747486074364,0.24706158017118307,4.757455544974604,0.022719496157940392,0.041165330347186724
-3.0358213075082077,0.13974479304879026,5.384676729955529,0.0006440116369938249,0.057663996423794384
-2.287619069472547,0.20673472494945178,4.090067194095011,0.0019876310959283682,0.05192202150983549
-3.632687314780815,0.01004943278865221,6.136676860007174,7.396300618341073e-09,0.1384058756454455
-5.643652810357915,0.005084906668650897,4.823944083665887,1.3183749949809107e-05,0.12799100592960966
-3.9581620136115614,0.03720822600808216,6.906921110520257,0.07347878287427353,0.08721544392670932
-2.377417968313287,0.16685224045508074,3.9494537597542623,0.007150934222417181,0.0488259820907303
-3.923837369484091,0.1124716302741733,5.897759506550349,0.5915890838778064,0.062020187659064474
-6.318374679415997,0.00124896320142184,7.992301050524792,0.0032374935473917592,0.12193083568830976
-5.597516777266777,0.011942913020726753,4.9472243954547155,0.03637530856552351,0.13536302158804336
-5.20057118204937,0.005828311811566028,4.732992134788608,0.25357078102827235,0.12004981868123843
-4.197488912377707,0.008401341641273707,10.90207590564976,0.17309139856619848,0.1688912505389769
-3.1097743501832884,0.16242925076571646,-1.499417749159144,0.873963442570235,0.041705182180614475
-6.487234537387943,0.0029265590066895153,5.853043836178226,0.01708065014472824,0.14785185903884956
-4.449280775938486,0.003737456767934467,5.332236947037233,0.1834189081989539,0.13122374906113843
-4.508764956474535,0.021078661534970972,3.5120020769898432,0.004869084498210116,0.09523678724994755
-5.884306835415025,0.007549099244749715,1.945986984335786,0.7879343828844054,0.13396297522861766
-5.089545509459986,0.010973365777909827,5.809492725841888,0.009863040120552719,0.14573791616526832
-1.0795705226868892,0.5566445779936081,5.944721433373056,4.861699542549051e-06,0.09374003541394949
-4.188087564548676,0.01644476104957931,5.986257270951125,0.029508636580665867,0.09601389809613137
-4.216437271089588,0.046029173955069676,7.077999015217892,0.06509579553440603,0.09719656471627469
-8.69196405233514,0.0006237160401014251,4.179202982383106,0.0052016127601426185,0.22860191213281345
-1.6592723944650922,0.33290398938362187,5.538675858431427,2.907031068173049e-08,0.09546039753219338
-1.537783464053706,0.4871460616624136,21.667419489455096,0.06910722519322653,0.08147038760471825
-3.1976054347154093,0.1442013201394077,6.2323872179018025,2.500997852114815e-11,0.12280145597160563
-5.88186536006659,3.9313110995556755e-05,20.568360268603392,0.02089964017836118,0.22193678342412249
-2.4363514983879977,0.18967854179610988,6.1043295132056485,0.007465632174819823,0.05454990555537431
-3.9549730225803676,0.062071107088434274,3.856416815295505,0.07853859477720153,0.07008533507298809
-0.020657393425351528,0.991656226869493,5.173019813676345,0.09405362514097121,0.028364842500073206
-3.101754378157414,0.19416950744794126,5.942731409366824,0.06719958668741638,0.06125507726415924
-0.04945650299294129,0.9807539121585516,21.17631113359449,0.02049294707763545,0.05972067891885857
-4.822220127590848,0.01896992959146706,7.014333106348924,0.0014718133656640882,0.15971317227693993
-3.9132049872319614,0.029647344925932507,7.091139615954374,0.003875928458462367,0.096482053400892
-6.280794443226527,0.00040195567291894453,-0.08600283058411042,0.994120654156624,0.20307317416430481
-2.0027574206839107,0.29294685407898546,2.586813847739869,0.5868845079117844,0.027503773804048892
-2.7627746271802813,0.09850356101640603,15.700157948138033,0.12291188083615459,0.1252047988255136
-4.184074879267398,0.07182329214347555,7.5839373076527234,0.4365269105070936,0.0991863791030404
0.08058284721292219,0.9662001064140723,6.518426898689907,0.007941149098966165,0.05551395077326371
-4.755101571336713,0.05304679755133699,2.7716004325228814,0.504890409223027,0.08098611124139976
-7.016585409879976,4.26110409725932e-09,3.110484849462786,0.3302376010751509,0.23744001291949512
-6.4742185468360445,0.0005786193770590833,4.3490066504200176,0.3685686343827579,0.09536579018109126
-3.378938251919602,0.12904491242353017,2.5277938115822645,0.4818294347761106,0.050873947391280594
-6.590726359420204,0.00043536472549701017,4.819435576932172,0.18151628898214422,0.13553431775393454
-3.007622202632197,0.11174254207091411,8.032955670760218,0.3581747964544665,0.08011550475858698
-3.7459393159686694,0.08830578872762078,4.505773199763588,0.002052067820799621,0.06963372921100686
-4.9604485906895555,0.0005140358454735139,5.637549586344366,0.09020706514564795,0.1252288421940828
-5.090656013960308,0.005503293802380628,12.378911530751214,0.20192315999415322,0.20472243052421235
-0.817282722794923,0.7153298310911951,2.87405708850693,0.21276795704939577,0.01055228634138361
-3.065687244789469,0.27345557507485996,10.292248662852343,0.45621288141141236,0.07969151589118773
-2.297260280083359,0.3328333722694916,0.23419750041571913,0.9654184244197738,0.013531111813306573
-4.209208295711662,0.07756810718230331,5.817367121989827,0.02662655449164008,0.06934359291357528
-2.036680694436161,0.22077381678684704,-4.1577750779400695,0.46516434063831713,0.02546939844617957
-0.8813308512806399,0.6779909879208099,3.300062922622583,0.28881328196323575,0.012962323581953594
-8.474827171499594,1.540202077985334e-08,7.251994728747104,0.008291777095454747,0.26872945137925874
-2.0767783654717467,0.29055827621014263,0.35120187492265503,0.9136702353280998,0.021456328185185947
-4.239205424554524,0.029744339691064606,3.5406328159358362,0.3990285722211867,0.08610597866240277
-3.798248992242136,0.07051265297168718,21.95072723637126,0.041664563601541346,0.14411507374726196
-0.6794129852703321,0.7314280158441859,8.48275117482238,0.17388413659824997,0.06805531180430324
-2.857511132834768,0.10759950192742349,4.3197988182480005,0.005484611318940325,0.05001285767323016
-4.065649600719616,0.052616615448590774,8.103671286555484,0.5604771978273859,0.12860050536713008
-2.557174346570624,0.11797118688662954,5.502263435322045,3.4267047139872364e-05,0.07089117068284145
-0.5634474959881635,0.8017620859245947,3.670486201000076,0.027722740353500877,0.025233587451959916
-3.665587328856815,0.10713001007007661,4.062974796749552,0.12150805619104858,0.05311690630670318
-6.969784982819124,6.433087335670906e-06,-0.6268342001207492,0.9047261579901446,0.16206364888979674
-4.821170831884595,0.00614011875003991,4.750011493739199,0.20010650571170896,0.09666564336992889
-5.208304202011317,0.012040301188334188,5.855833131298086,0.0038545056016889615,0.13659125889163237
-5.0036866868660885,0.016168796353847374,6.3384074802269765,0.00701942121513774,0.11814087707785259
-2.1561273349248773,0.3253525375943921,4.327584186833397,0.15022366196417786,0.029241005118931684
-1.2418292394276305,0.5694923400178169,7.37761430880212,0.05059417265966635,0.05640039327253743
-3.764966108958104,0.09061903240793692,7.543693434547783,0.36809279554745333,0.07124804498604353
-6.135229461894347,0.008220134767755159,5.058305146136216,0.012657422457040443,0.08682246115022307
-1.6721520745741028,0.4776472741758443,2.6566083380429992,0.3516961308884359,0.013803044554574706
-7.971847280548247,3.0197199046207206e-05,4.136366033167048,0.0043888637033681075,0.218437500274539
-3.672065151767191,0.16675879480242484,7.323243905543063,0.43140543032500533,0.08347360721489916
-2.4064841489935933,0.14983317371336122,6.136128193575798,5.808564406930439e-05,0.10301311061397478
-2.4554978100748,0.24464069823168244,15.150854716880607,0.1267058483688223,0.10747966288655975
-4.687332788373253,0.0015399257276208656,6.696060796466416,1.1041966857638565e-06,0.14338146687838715
-6.261844264170208,0.0007052673943152055,2.1841725813665724,0.7612865024180735,0.15174600929146365
-3.3694810533669792,0.0787828017875165,8.590705281217222,2.456964911478634e-05,0.13673512374512864
-3.532362337837091,0.09177549642469113,4.556290014643833,0.11459500824606025,0.0488275585701754
-4.849901571567257,0.001118575911052228,5.8594223822036104,4.677719983936252e-07,0.10483232504965723
-2.2988387301951865,0.25786105114285784,3.968434439227022,0.05409044728250302,0.035595152423286924
-3.7637148092723978,0.0415331163799576,8.51787475864804,0.00368651386704041,0.1224976986355939
-4.564906043992293,0.0036734778097057214,20.23743329658084,0.07554740947417345,0.18257544174443763
-9.642597888303358,1.8999300176679823e-11,6.996131978974073,3.2992114286003914e-06,0.3271560731261318
-5.3227169337587235,0.0030925427998771357,5.774896508262531,0.11582966535808016,0.1453005287769954
-5.567174669696449,0.008997083892451234,13.448485488254473,0.23664844428780674,0.12267330262650578
-7.454391208958953,2.027345379986605e-06,7.00026659821317,1.9639587296403707e-07,0.28429366515170207
-3.737786586260661,0.043568326981717656,7.664758501571018,0.27993730711030074,0.08619937565534308
-6.125890375167903,0.0002415828484644482,8.910255640567827,0.0007150418655772101,0.17932918176297963
-4.002202220050972,0.09335656138785366,4.291157320959214,0.09744511321255062,0.06494222512933645
-1.95296073128856,0.2819085655601006,8.115846106230348,0.23452862864904167,0.07011747127123391
-6.061604587171762,0.0026080777676294503,7.575869277639177,0.40242867343664035,0.17886020582421647
-1.3973579564085064,0.5193549414462177,7.2270002342094495,0.5020140551585419,0.044344867024137424
-3.391633934060995,0.11904276283158674,18.807670916833242,0.029400196904308215,0.10229173698451544
-3.5158222401203885,0.00854072780071717,4.616624563450867,0.042908124388261,0.0935542715883616
-2.7680331534222975,0.1786515707173384,1.3527938393295988,0.7140504270881709,0.0353822179940918
-1.0680788497175115,0.598618178925914,7.95053673494628,0.27274968936161403,0.04212807325752277
-3.0437389773224064,0.11555245966561414,4.438474787668308,0.006583765606484386,0.0662521744319311
-6.58291042630055,6.53506879129421e-05,5.710332888302937,5.311426338801435e-05,0.21832767283997723
-4.783975341178638,0.0058975838948793335,5.107096568378696,0.004141534515116042,0.12186723347785089
-7.220935914509244,2.6082126855433817e-05,-6.337341761120215,0.3422660145059273,0.17029241921001648
-3.358294569512746,0.13603681242651797,7.225093793309225,4.1406603145847456e-12,0.1463879343616442
-3.7263182914102084,0.03150514050670881,5.216133700524848,0.04007416917228392,0.09407482948424584
-2.0368531843149307,0.3489096816781614,5.150238369320016,0.0004586216636451862,0.0551208981074679
-5.150057531671852,0.0005665507629540362,6.541111977592508,1.0620351092354486e-05,0.1588402544505887
-5.042357741335193,0.003391194224211925,5.9774179999892105,9.56118937172112e-12,0.19894526208036
-5.088477670798322,0.03590212107191681,0.4851120943145088,0.9626071334373536,0.08712747485230676
-3.203845470281314,0.1112197860563854,8.739698010625254,0.08724846545693975,0.08257085089765337
-1.9850027156405363,0.3109987154637165,0.21389297879547234,0.9764431428859157,0.020956390245396306
-1.9003982894338003,0.4906516406682685,11.019530342844712,0.23470793447602856,0.0230853148674941
-4.485306112038624,0.04232178676034782,4.877508712161181,0.15440911816658937,0.07747919589169172
-2.394819630258051,0.35906759135559274,26.705619986027365,0.004826057449141987,0.15148791339014378
-8.041268440357891,1.1433215139946651e-09,7.386631040412994,7.906882689542602e-06,0.31700970950653706
-6.502732115834326,0.0012015974205402354,5.876576786164762,0.08515819496396111,0.15677097541495355
-5.064109598439439,0.00694714970647988,6.627310776773422,4.782143695024192e-06,0.16808227689281774
-4.2911253926390005,0.03033611050378093,6.394550398210834,0.0008586874897470092,0.09098985571047691
-4.436108519162981,0.043660306810492065,5.419865058945601,0.0014554408900748,0.07104970966758717
-3.3742147525218034,0.09307879210452294,13.311256216058993,0.1632078029510977,0.13720853209598638
-4.711328986973187,0.01664922492018115,-10.866739266245037,0.3493205746115987,0.07145969982444433
-7.023473848816568,0.002339726506073478,6.462787683604507,0.0006489229433796501,0.14276571469212207
-2.945511321715259,0.14060187297575327,5.7961206484985235,0.0004991536735278647,0.07789004530190757
-6.054173630607174,1.3668456078777587e-05,6.174704797866668,0.021451793520397992,0.20374638323074667
-3.6935172525578857,0.01290523326427606,6.788439140349905,0.016251989720017262,0.12691621429697042
-6.748199171148897,9.22782125561077e-05,5.5720969241758835,0.09206043825350323,0.1854347327763025
-3.793137179396184,0.08470259739107466,3.3695221285352868,0.3669999044111141,0.054224773276739024
-4.523779050514088,0.06233141771313784,5.657820763636331,0.26699549170855696,0.06727386719138306
-4.784087055205178,0.02940991849999855,6.303285106983094,0.0021392004686698086,0.1019630016918438
-0.19823065037981868,0.9289433295993135,4.630328652905429,0.05509891239967147,0.019248909001386316
-1.5643210828126224,0.5100058709471555,20.87072844952371,0.07021312880999747,0.10225394525341125
-7.493895358830701,3.2904919593730706e-07,4.788117177829161,0.0001940871932864115,0.2366817764342155
-4.287775635151353,0.03676210673541078,7.2832721369047375,0.0015700159463169978,0.12274192984064902
-2.9269607135866607,0.1264815579312984,5.97148508535408,0.0011619695555429104,0.08355692210173127
-3.601011780199466,0.08801429484726644,6.6298946634704325,0.002724137211241409,0.10199941126247292
-5.891627969928965,0.003999951178276589,3.706669133254599,0.5684522584979195,0.12433745786828698
-6.209462110276367,0.0005546728741925273,9.535502373849381,0.09183554617744581,0.12168047966680628
-2.580116038482828,0.16919188297012144,6.504712985188766,2.9519484863535243e-05,0.08229913328799343
-7.062861404219153,8.264566550837053e-05,6.256394186327668,0.008501354473626412,0.18423189608129364
-4.034658965891484,0.058257920233742884,5.033945204769237,0.003499830198477306,0.0804351157260279
-2.2716945210349553,0.2529700651175998,6.320824029034155,0.04844379027131745,0.05712729621572854
-5.121301867277221,0.00020281317442896223,8.118291571180961,0.09021014401031878,0.16775810101699584
-2.836165611508758,0.345633162956966,7.757020026651753,0.5547844626851015,0.053996358431583236
-0.9382850728911654,0.6702347714684699,11.935355178294058,0.3023534662263718,0.026151428123422193
-1.736128904580103,0.3296916538169248,4.376964031378821,0.0029087080592369425,0.041088678850092264
-5.259859050893116,0.0019441643250779968,7.249846451273546,0.00042177617504437413,0.15321577340174553
-2.4545363453826687,0.33724172350259374,4.367122424952347,0.05603768921103145,0.03017442095300371
-4.8822105896731305,0.01162800909099713,4.493369954701847,0.6523994125400507,0.14410904356106702
-5.62031789931528,0.0008526964817840718,4.763415533198533,0.04039829343496478,0.1627440218127083
-5.762705250635164,0.0007448216044303575,6.251271715773373,0.00030021854245896066,0.1458133496428884
-5.152374011100571,0.0017735589725349716,6.356225946041725,0.010752902745489706,0.15521174787389935
-5.000661366924149,0.020098896315697688,3.1716873856612486,0.3071431853561132,0.09267610205297394
-3.60176426929351,0.027805459469056597,7.282152691482942,2.3410512543373747e-14,0.18100964849380363
-6.306341033633308,0.01766217880190518,5.716307301355884,1.0169398550152137e-05,0.140291815148748
-3.2595978733314794,0.08724702258785227,3.3950686181021634,0.697085531413998,0.05870116378704382
-5.974972390908655,0.0002455119824791824,4.9354954834725095,0.011187013036458074,0.1405974690955678
-5.357251543159712,0.007231021703520139,9.284927855883462,0.4595029099668516,0.15014254704505603
-0.057592157463373685,0.9781573553782102,5.563295253881633,0.0006505593445164071,0.033881114373287446
-3.6401926679714744,0.029049574549492134,4.367318257416713,0.31327244969647583,0.0876153753100134
-1.166728299511947,0.6925747624596683,9.476225264864338,0.3793354067908068,0.014592263068372802
-2.222012704146521,0.27445536688189276,4.393587692144168,0.029416273277576014,0.032680162082256436
-6.24309346149145,6.519670465040719e-05,5.818777308204792,3.657121363694607e-07,0.20522643713554312
-3.422457941651229,0.10702600535064627,16.80401991945748,0.050762020010475556,0.17253543001271876
-3.760331148436549,0.054239875727928245,1.7592013778029345,0.410364709938449,0.06327452443819126
-2.929736716727086,0.1575101726203021,3.437564421313276,0.10561329184285062,0.0585707362466833
-6.278714542960949,0.016452619246705973,7.604445158006594,0.00015804342169037507,0.12804654835477425
-1.1905864216835433,0.6205620560984206,5.075284626526923,0.7167782863145702,0.011245435130502801
-4.68588255516798,0.02096198464573012,6.023448584907852,0.0002745113155477205,0.08083019655601209
-5.02637695124311,0.006452920195534573,8.799185396705107,0.0007235282762569328,0.16290568038795195
-2.404921671149565,0.21320856965759238,3.79609302476703,0.29792929227378595,0.03420793025936475
-4.948509026410402,0.0042332840268294175,2.8391816419492346,0.14622287569420897,0.12447113365755935
-2.610592473126143,0.19919975301984882,0.5359459364275856,0.8636494952621956,0.02858985522447044
-5.199459380921838,0.003238244093985119,4.7997555496375774,0.0013898385111659906,0.09840964814658348
-6.4101999588241885,0.0005813851272871111,7.470445743380739,0.4208152160170884,0.1887227369435105
-6.872524378391579,0.005301456379418866,2.912135776162637,0.23414657195524413,0.14465662875173424
-6.824425196982457,0.0030557243230825287,2.9894231739559736,0.6490821776886944,0.12474434781906463
-4.312995063250582,0.043156957435340544,2.4246452375117804,0.3918410481746879,0.06979838525483861
-7.4541539293128976,1.8056320555755316e-08,6.2058262155438655,1.564306501841312e-06,0.20816747046083295
-6.351204308776098,8.982151746074848e-05,4.53900285062005,0.0002183024952605491,0.19645642989036483
-6.304007052447693,0.0027106734418827047,5.590161861100984,0.0037094832231438332,0.18907920829270575
-3.073535082800376,0.08836477927031293,7.91512358639375,0.0348207536253731,0.11163775484708105
-9.313952671642525,2.215606976574287e-09,-4.818097099666066,0.5654812372343268,0.25386188138241617
-3.249074544033819,0.12660643130857813,6.623311641338612,6.121254186760719e-06,0.12009859341236317
-6.429573293462482,2.9317985419060548e-09,5.396710552667227,0.0006946151303180002,0.29319362089802437
0.5608660071899928,0.8052914694118025,7.13042017674687,0.002291146591915879,0.05570977614738959
-6.471247355071911,0.000958278205130316,6.3374744187419,0.0049898259258858825,0.15267301229345687
-5.950594937007489,0.009826136395479612,7.4943051822480555,0.16951838347717718,0.16628845723604457
-3.91693147857304,0.0195750584975352,2.990825827878305,0.7043520851374252,0.09602849144862113
-6.141132540338223,0.0046703550659689605,6.017811639945127,0.42534167575962245,0.11822446143826293
-4.027090943781596,0.042169003308273494,-7.101665610826883,0.35279002321304875,0.06861872615847242
-4.611491510766899,0.05509210597681536,5.459623593930107,0.013942962964488539,0.08152785188436074
-3.38948488722323,0.07429410184398093,5.413610678529808,0.00026556301723796173,0.06920131603752233
-6.100163366067208,0.00841347094796148,4.87275716103931,0.013238802035093967,0.15091689026132915
-1.9713776460791088,0.38461220246687366,-0.11953666332533867,0.9894240729796927,0.019437949474547023
-5.407783335610329,0.015220679248795324,7.326393275047796,0.4247958283623847,0.11631642809212028
-4.251860091010008,0.09055916413146156,5.204252025542695,0.027715060121006503,0.06669426661857647
-8.305593067351856,0.0004499451103001625,5.553871966047697,0.15397272063284995,0.21008298874659515
-5.719156193796233,0.0326928503053992,3.3782571037179667,0.3147920037227935,0.10605547081718136
-4.375632145496745,0.053608768492464785,5.124570946358351,0.6456547605053977,0.07744858992408798
-4.507518326444291,0.10900896686286687,1.6320535538395393,0.6892713601256262,0.04687244157632897
-2.543821025135738,0.25669995251913236,8.488133286908464,0.47526646660782434,0.0677422468982174
-2.131162406221373,0.29530832394402373,5.044919071518632,0.07383913404904263,0.035053416999357156
-5.566070151846214,0.0011323172465277538,7.3242756549127215,0.0010102701546460325,0.17170975386305154
-2.8066991216037347,0.1245765238661957,13.412675842935377,0.2338168483698969,0.07520511642398675
-3.1023894171887614,0.10960002572468347,3.853509874207105,0.042513728269036155,0.04719049660749142
-6.844766968800179,5.345451208472071e-05,8.023956891920825,0.00013570250273392924,0.30906217434591976
-4.402051370650079,0.01484197619388355,10.141516612768067,0.34276435526831517,0.17567431239051834
-2.5414321160402076,0.1865815752862463,4.767877529599924,0.006852335820905812,0.048743474635455364
-7.1280850686742,0.0016348473285756674,5.067912028393481,0.0003390535354565738,0.16172931353121012
-3.7340578985849406,0.037760763688863636,-6.3584594208184715,0.4638102451251298,0.07267822575639704
-1.4935306181323837,0.5683140529411846,3.984820003370088,0.026339597176128722,0.025207317723144884
-5.354509009623821,0.006549514380663692,3.1819815878606597,0.0559316661423156,0.1077173289250648
0.563558662456532,0.7846641769983571,4.5356170739072805,0.1121835960600493,0.022589401001771647
-3.97890169303471,0.07445134725229105,4.166894975337316,0.02972340496543621,0.07040804910654508
-3.8481596438208117,0.018166489835032502,6.280955778350933,0.0001611561569808724,0.12717557103104138
-2.8422264969459468,0.16422259087837066,3.9129581845317425,0.6079726422424533,0.043839363258128095
-6.831154331448157,7.04259226198767e-05,18.353211978397752,0.020101689447149653,0.2985423095676515
-5.016940493048082,0.006280631620790025,6.593639844502804,7.063131910421032e-17,0.1859541031854962
-7.088577686440775,0.0007903138739138782,13.450752504121033,0.14603259116918368,0.19354847114519946
-2.649196228501797,0.0867854777435448,8.487957377449236,0.11254761062789904,0.11528511588830526
-7.557491153335477,0.002847407904375602,4.398463744901916,0.01843498970832288,0.17750449462792905
0.044608758531134524,0.9824810433809137,3.4234372408785445,0.3841926131689666,0.006662024421631774
-2.228954198060748,0.2652675270019167,8.280381852022401,0.04456769408290963,0.07218515534343473
-4.097707433067549,0.04811064677495966,3.2409889786128656,0.42200959582440734,0.05591649207202021
-2.0104900414823437,0.42304532583050725,37.94388632687308,0.0006270191545321178,0.12180038936517323
-3.6822536281301605,0.19079682899941608,4.493084974256112,0.0008137566941538224,0.0743024667405584
-6.698478401629533,2.1882004593080946e-05,2.508600495725754,0.7513579277701525,0.19609888984102508
-5.094453310949963,0.02424508963792069,4.957801218492896,9.678937172262599e-05,0.09212480235208353
-4.292002811018377,0.018011507737321193,6.347043930704257,0.001409156189126018,0.0968425867458268
-4.810848132683274,0.03348907070740204,8.859266637198223,0.3270575580727719,0.19299644263968352
-4.3643980241903115,0.0070457924176305815,4.0723990338075735,0.0010609644829785326,0.10184912453333017
-3.797873682772781,0.06443181011535544,5.464733372120231,0.009256535957201457,0.08386203193101582
-4.075320275496077,0.01749714020507705,6.33875813511824,0.00939705473323591,0.08767554185126925
-6.641028261736137,6.211834626276007e-05,5.294729099114789,0.02496229270478689,0.15733770443664485
-8.000206139182755,4.32554702401441e-06,4.593771321156576,0.038594961398012495,0.23377679468247292
-5.261839430075842,0.0016582610301016743,4.791955359358767,0.2745542199546691,0.14350515067144765
-5.304076188506074,0.008538833293695878,8.405185822756723,0.1781077361865031,0.18000960505568087
-4.91972364222554,0.008153911270008349,6.053015384205101,1.805532513152669e-06,0.1167202171693813
-5.4501850634664795,0.001042326880598068,5.000472997696415,0.6248359991685692,0.133420268085772
-2.7404185338026306,0.19614833408256582,8.257026073904083,0.3909127889489925,0.05528469871282238
-4.144265387582386,0.019256106023570856,5.655562186068493,0.10756898879755107,0.08940464620114874
-2.30710646516866,0.2207189811832182,7.412049875892176,1.0830359161620276e-06,0.11883062817510648
-3.534006857618562,0.04897242949122938,4.683189225369307,0.005908719631088017,0.08443664482347935
0.09922988962433725,0.946272885284842,6.032026229914052,0.062168821371557145,0.028921315603732345
-6.54228728216106,3.2949539975821055e-05,7.913271069355517,2.2330904214068683e-05,0.2134034744264136
-4.931422997826445,0.014441264659923065,6.518223890705062,0.2806577819959586,0.12773097691074786
-2.8621464590619787,0.13190696195531784,5.6163111824717395,0.001343725889853642,0.07087912551237008
-5.413223088865551,0.012044273597258896,5.221511726778782,0.016224264048281443,0.1196007531876424
-7.38564974175399,0.0013756364034258099,7.61473639017092,0.46892317117557214,0.16339618334911288
-4.007890412398857,0.025749382965541537,5.50808304578241,0.12459056929841518,0.08975992083309559
-7.933860824240127,0.00020445892307051846,8.127326695913704,0.00015841090971607195,0.20805640542586035
-3.0549005777504963,0.14184557005079876,8.469886274977538,0.20431572665844466,0.0878009989928199
-4.721338485655603,0.025735099890374608,5.347542030089285,0.00014287342492591996,0.08373501381374271
-2.8718630410417836,0.09557569115809371,4.480760714387296,0.06300142723463387,0.06198745287525176
-3.543903495744573,0.22666429077721573,4.184735662964591,0.002348276991314154,0.0672804650801907
-2.904157870695754,0.0962243354288111,3.5378939832095724,0.046769482114765754,0.07542096147351662
-2.0324530485196455,0.40432937049359075,5.477975618439973,0.0011905999779882037,0.03919562168530455
-4.055511320870764,0.017969618579721684,4.902336744710443,0.13464675503564036,0.10511555267856354
-2.2232163749567047,0.16026028498797673,5.625724765644352,0.0003120465418852529,0.09278601508568374
-4.873917796595175,0.006727458033589999,5.131576986950375,0.17725533556543294,0.11698336742212989
-6.35000322330447,0.0002760032118187375,3.7043735666844926,0.2573638060882789,0.15933052225743038
-1.202861209135113,0.5993175861832246,6.647892009965937,0.4474878935104898,0.026490640361412132
-5.481134588929482,0.006800332607950092,5.29579924259412,0.006647942880646365,0.1286490569543992
-4.3303071587948825,0.01066300013866358,7.160157611689158,0.011336026848077609,0.1167524542146664
-8.548573793538791,0.0002162600634596726,6.388683842058525,0.0003635722018769104,0.18576620060847926
-6.623046961048467,5.779459312374981e-07,7.498814674147456,7.566238117968143e-05,0.23859549901969423
-2.85858655520849,0.16352443587198795,6.138260362083307,0.014444825883830576,0.06419451789374941
-4.689916983237176,0.08449936274795801,3.698981321615037,0.07812219900473134,0.07210661932180051
-2.259535424328781,0.2066897814152544,7.40584022281414,0.2960455422300946,0.07399072888423497
-4.883538520087664,0.007403325522907558,8.453179568748556,0.050290061628300325,0.1440918785390335
-2.7280271059851904,0.1853831255855377,4.50041991919288,2.835755630803413e-05,0.075085656025767
-4.876413425893175,0.01970261162947554,4.9448508434004985,0.08578352151319704,0.10199548843767625
-4.362508710426234,0.026277867604906344,6.823358206494507,0.017878533442239008,0.07940407909476088
0.09382787810822896,0.9630281191258011,4.476644527457682,0.01660676993434607,0.028030659145937498
-6.030651471572502,0.0019791976989114854,6.529295410301458,0.13540525991310923,0.16854223697396364
-4.866476732776577,0.0033076767453183143,6.808256485105258,2.9106859267045867e-12,0.1408772922755993
-4.561253167176508,0.00783714121898823,4.054579292659456,0.29966730652644746,0.09250627109996612
-5.320686055096157,0.00012655490422796913,6.637806455952848,0.0027538281315683793,0.13630317909601686
-4.419246301582144,0.015877163388502157,8.201957442284414,0.27720645744606665,0.12140357515285194
-3.6592188177732745,0.09648935924076259,2.8349656080513514,0.4471193811543962,0.052463829324655875
-2.201236455878795,0.4595481720406491,8.194144968671692,0.5646561651852888,0.03546411621222645
-5.942449296842577,0.0034820647810647845,6.539934757997487,0.0004790468521340372,0.15270355971893235
-6.089590989594942,0.0023689998418934496,6.057524025397468,0.0006619677852313656,0.12355478404618336
-1.28526212487864,0.5529559408501183,3.8520142914285445,0.17863387517140095,0.021676362895554635
-6.660850910744119,1.3920093553879262e-05,6.6710149654433755,0.033558925721928076,0.16995544365769433
-4.525807309699845,0.0196074069669145,3.224506502885465,0.023002778232205912,0.08971789279284481
-4.910807359220085,0.044969230575845245,6.683740822938367,0.588998554384978,0.08871660014687033
-4.530479746281715,0.02892523956054761,7.263717336237101,0.0027807451394991464,0.11559460747724126
-6.153880576536766,0.0036893212065405,4.873251962257714,0.010279837255346256,0.11607842391597478
-6.467558735750651,0.0025413246793814207,8.069861269025553,0.017605641862351702,0.14062575420073942
-2.600443289024309,0.3153967609843301,-4.058447103398302,0.7815219118640344,0.02308495099689667
-6.307685754900907,0.003287214810772059,3.957300508762308,0.38566859640753715,0.1240627479469606
-3.412557067596997,0.08002062044142763,4.359192205572769,0.001287014630827747,0.07626420482939589
-4.328710994823621,0.014012783272633774,6.488222959849756,4.6527705554187016e-08,0.1361936117451107
-5.6475068975506,0.024179383879414238,4.4717520486880415,0.03152627522398761,0.08443272450496753
-3.898562771257582,0.07746344571562074,3.003445169084437,0.4310216250536024,0.06027121491650855
-4.8202995002706395,0.004416359355797061,5.978497394974511,1.1295743071433986e-08,0.14209293793961897
-4.677484491818423,0.006280238194245803,7.921329411630769,0.2612735760906998,0.16544096723741997
-5.508005828591383,0.0011541112216259374,9.228957560089738,0.447958521861215,0.15664354551869364
-5.838734261480117,0.003014748250024391,6.849350553838528,0.058447100592527695,0.1387478916084125
-2.3944905442022217,0.16815575283511552,6.065105605317845,0.0005692075315726914,0.07405544934102737
-8.295105543859698,4.083608674113597e-09,6.197292491112759,3.164631227575078e-06,0.2792947066679794
-5.205538722889874,0.033843752561194984,19.95585164572583,0.14083224477643,0.13462290900044194
-6.340709154061275,0.00033904883113907504,8.881891193412935,0.4241511415574932,0.23556992545070732
-4.716708710456609,0.0012304840662893488,8.137533706136631,1.0023650686442808e-10,0.1904764120969037
-3.272561260631886,0.06613320334977318,5.227193809226321,8.674655787191453e-05,0.07752758573140328
-4.194011063670969,0.0024700000708612864,7.9362489607503415,0.015190063669634457,0.14537174790509033
-3.3881420905474737,0.061133998662393774,6.646750486987755,4.553823940384068e-06,0.14647449908764776
-2.06050869424791,0.3700439224989054,20.99919287049208,0.01290379164235679,0.13329252259639224
-5.4845536628041645,0.018539482687832468,8.365570887155942,0.2968788285977788,0.0975375257965495
-3.055642541568703,0.1218268454861142,5.170713592432693,0.00034004795272106383,0.06692512862157507
-3.7654678495781986,0.056821288474086025,8.4922641053252,0.011491986808594229,0.1230213007037716
-4.970721311746864,0.005757926112072059,6.732928824992441,3.0308917142062307e-07,0.2018338904325495
-4.13530897571947,0.04021688370888132,4.198281442587836,0.21404379151756503,0.07260584317870711
-2.078391399346186,0.37301510383108993,6.426336123553376,0.6290123984299898,0.020231810514426463
-3.9007009956010243,0.059522583055998765,6.262555583535987,9.684059498360463e-07,0.11758904696192407
-4.338318631139769,0.046406815811684037,-2.23001643537314,0.7962736552565197,0.06960340321445191
-6.291543004626619,4.259222458051961e-06,3.287703060661513,0.6732279750584177,0.20528566570431872
-4.80823287794475,0.019139395985379254,7.7998260775396,0.003003389763797757,0.13304533511212713
-4.088333655587672,0.05743041374907812,4.175213748388327,0.0055508681606072,0.06722702012033299
-6.417280973526295,0.0010034428627855683,6.304370998889611,0.08198875840040135,0.15835130113298224
-4.742586645335611,0.001892821383408364,5.051603200789472,0.0007302039677944467,0.1456812763790155
-6.250907040678698,0.0006144750293479795,5.58293567415092,0.00028101190554612985,0.19029046046061104
-0.2823949538211278,0.8950479120875304,34.07093501897126,0.002239634901319217,0.08966778326389935
-5.224033932783833,0.08229715365382033,5.098329416505737,0.004285144007809936,0.06289400940199552
-6.4809355238226445,0.0025376365112220146,4.385230597089433,0.5748163318371753,0.1343242362909276
-5.223831508964664,0.017888550468359205,5.018843078256055,0.027701411968730893,0.09058909597034892
-4.593096276042374,0.004277398942213915,6.319060983720067,0.00022649990589989531,0.12880482555981476
-8.28445024774732,1.8432790491405693e-05,1.4559011726698876,0.8361021032501003,0.19113021388760976
-5.452820791004353,0.0003077099241202209,4.802512595950334,0.053781945715597676,0.1480597622750629
-8.062537213029948,8.12010124646513e-05,6.862113977458845,0.0005285247435131263,0.24438242924362208
-0.882255445412685,0.684593147397098,3.5379307304659213,0.541568207593312,0.008850809700923556
-2.6638733300854276,0.11699072312771289,5.703218349136203,0.0012449079115944388,0.06586679555392949
-4.899903410804078,0.014289282554244775,4.083055868850675,0.035361987363435265,0.12437696782962615
-2.5798747508823068,0.2658075499137288,22.40135560156045,0.040746557222656424,0.11198033764170412
-4.685518578595705,0.01761334137513414,3.928594744579215,0.08327728237268522,0.08767614682867664
-0.8269728374704249,0.7464108713802858,32.75136047901834,0.0014811366250510282,0.10803435093696023
-2.886684837298664,0.19064134181791903,11.84670546567742,0.48879796434350065,0.09495801023888795
-1.2133039079642627,0.596474782853951,13.746079276310283,0.2730291218581141,0.04566199554028205
-3.208932573570593,0.11383725089548305,7.43553063634048,0.03711334498726728,0.08108544624244263
-4.929922930008922,0.00956462357319838,8.547390522039683,0.34072344662920584,0.14823334791599174
-7.198914461906162,0.011101756419549594,-8.571011289034923,0.38648116799659604,0.12894403797323328
-3.2657689615424292,0.021433788166309597,7.143276197049548,4.6216916123848296e-07,0.13527375631223082
-5.909435694686394,0.00032453277851948856,-9.572350240927708,0.1227402005363994,0.12547941545388464
-2.2365475626526803,0.3145891035566215,8.141042696932965,8.219833650216123e-06,0.11507299629831591
-4.424827036670044,0.024618903122339355,4.8763447113944975,6.233960066962233e-05,0.08340405160832198
-6.872028537769342,0.0008017214711201993,2.20159320196118,0.35383028803254457,0.1467105915969278
-4.0990715552579085,0.06305491385475583,15.293515707402095,0.13037240705413036,0.13205174068131464
-1.4967358411176492,0.4658418909658014,4.408599533894719,0.019204172025841185,0.029502864425709374
-8.102872588195357,3.288948855895386e-06,6.250217919447262,0.035576373936638254,0.20895166785770314
-2.5828177764751032,0.15630649092713816,5.500577757651229,0.0008566937057281654,0.08208417466388296
-0.25585309036933435,0.9087922119591327,1.9371167625851924,0.521603429434274,0.002191507475810872
-3.5116756390324806,0.11185688915951615,5.917090478217539,0.40172685718502255,0.05619688624847918
-2.0271370786798304,0.22809429883525179,19.69191742245603,0.08149962884289016,0.09233641017729732
