beta_perm,t_perm,R2_perm
-1.5282246173332654,0.377652587590945,0.0687206730179658
-1.2503193167250433,0.28759874009655656,0.06815754027160903
-4.355608832875407,1.362072010769001,0.0808225959106792
2.3198194610414054,0.4929361142301711,0.0708866088644976
0.3750929980049545,0.05253484387929608,0.0671263279798654
7.491403986574051,1.3147964052606698,0.1064509815246022
-1.5137827192120223,0.25166841503534776,0.06868567251540136
-3.3720813546962933,0.5839453550017882,0.07527395112333368
3.0229571763901646,0.5468152063354316,0.07367079748013006
3.2422808597970136,1.4642218240750462,0.07469014277999719
3.435327461433485,1.4271385335840052,0.07558416464424211
-4.699564015550422,1.5359411938779135,0.08310371373120395
-3.9125115990305552,1.0608040777040169,0.07818685954605409
-3.719864875722474,1.3042244516329637,0.0769521094614265
-0.043514944353511595,0.007306505328565695,0.06703005215586111
8.911736446390496,1.130941783063016,0.1231810207011671
3.4409361525003295,1.0479193486726934,0.07548649499007243
2.3909110897312043,0.4135719956425152,0.07118471589325581
-6.901280785029808,2.503429797760366,0.10167054999200553
4.403215435114276,0.5488146942019932,0.08110314284008358
0.17672244269532902,0.037756184526341684,0.06705066609097254
-0.6923580612460026,0.323637469014199,0.06737806459091611
-2.499232237776849,0.40581904052416534,0.07146514638467583
3.928934126699276,1.0389421802013812,0.07747080477693769
4.27398939000407,0.69874922586906,0.0797744415419338
-3.4428097160667472,0.9042155588254077,0.07566069340651338
3.4242421560299,0.7434970884712355,0.07554184466589231
9.716207870826347,1.0214521278928148,0.13561428872882564
0.5978323918379547,0.29045244171650864,0.06728172475104566
-0.2955548334400857,0.07932314852205216,0.06709078090496345
1.2338657128108192,0.14978240696589656,0.06813689358045183
-8.8346562785353,2.0500462812387013,0.12391357436832007
7.273750468125867,0.5762486509148517,0.10518167231178055
2.20568750752422,0.19264598439097727,0.0705732802857939
-5.01619325767556,0.8402172840379128,0.08532927506169363
-1.4531546768256864,0.17534777191325898,0.06846458029871172
-5.062268104835578,1.8672086767526734,0.08546012629903177
-5.364461202259605,1.9964494391889418,0.08761620910154844
-5.505118255416689,1.513304561960723,0.08864223198748011
2.350072369577047,0.26483964192030035,0.07105280410297998
10.174461922909584,1.301066175446025,0.14164961515956043
-0.49603457975933135,0.22118448400209448,0.06720329909273692
8.002687527569142,0.6021303416919753,0.11304238063261596
-1.1633871255792525,0.11023845408088823,0.06800463197790518
6.0310836391540095,1.9722480972446461,0.09348752285148543
9.883860103029773,0.8766119561874691,0.1368607539304606
-0.7083083175089931,0.25841525109832303,0.06739364836570816
3.5779133306450235,1.3699549871011558,0.07634865949440917
10.746884453009036,1.6831668978720005,0.15121501270346926
-4.268968412146745,0.515063005259893,0.08013448277031321
-6.626447642771834,2.248499542065699,0.09879086320613506
-1.8573942977732694,0.42216383977675737,0.06951019641922251
-1.3561090037360828,0.5008002337753207,0.06836835611005965
0.7271811958772562,0.13017313527222807,0.06740904253291713
-3.423617284222509,1.3820875183338333,0.07522529012262846
-3.355647991841541,0.7456359538280184,0.0752331931275092
-3.7357410640013105,0.5021101243925742,0.07669943844819804
6.968161466225304,1.5632787262978969,0.10240455694796591
3.1859400825445063,0.3079787965471605,0.07439451766122429
-6.536459120807305,1.4896373916630867,0.09817145121898851
-2.610702290404162,0.5639266404343166,0.07199686136728967
-1.3449010243672956,0.21552520429348035,0.06830778885255262
3.5262432238958477,1.3136883571781595,0.07587380725569992
-4.615498874177346,1.989687190694012,0.08255514731720215
6.185597928673272,1.2496809353924618,0.0944206740019603
0.5934053128461665,0.13443875596953556,0.0672852144933277
1.5055276334977714,0.3035820435481502,0.06867865419036856
3.838008641930241,0.5786896964244981,0.07776577093158721
-3.7964622962465784,1.4894594308542097,0.07688774306572965
0.9353631810881721,0.31174534974694784,0.06765507038219754
1.5614723078861377,0.1916213904515363,0.06880126524029784
12.412389506554925,4.110012462484495,0.17917791725975252
-4.016714859579805,1.714602337789669,0.0786485332271023
-5.459136985702604,1.868515443715977,0.08871970125098338
-1.8119381264651093,0.2689265679194606,0.06937974077162623
2.895950707236241,0.5476619165799399,0.0730746728111954
-5.205056589251701,0.8463460517101404,0.08625417600310337
4.132012440603226,1.5507484778491445,0.0794704946964816
-6.798658404383653,3.158920312738935,0.10031807860278852
1.1946509294483114,0.10821362591691996,0.06806818915805601
-0.11076930016534263,0.03007087780377258,0.06703761638152961
-6.4688533253069815,3.139385152030235,0.0974556827657177
-0.18647960721830173,0.026602405573437463,0.06705375928307122
-4.649556647399029,1.7543121196254847,0.0827854157739869
-0.04653764053497437,0.006104099425725723,0.06703025922720995
-2.062888350881766,0.32301871415375316,0.0700783495934233
-3.3030841273935017,1.147890492323139,0.0749754450003488
2.437943262623002,0.590702784902865,0.07128867743155498
-6.315998777148927,2.1806036644529025,0.09588066288630137
0.741562828967022,0.1593450757198959,0.06742777731834315
-3.8442755739252696,1.184009483679144,0.07780087092032806
8.26264711033349,1.6183742699000205,0.11410931985514594
3.642075539360797,1.8240066574717968,0.07654985077802468
8.656237546452996,0.6588996853500961,0.12100808398348883
4.823060829227504,0.676243633030603,0.08393982868602512
6.817423029287794,0.7023408634526407,0.10090700847075607
-2.0793016858530624,0.7041158273359176,0.07012785157351442
-0.059628645639549185,0.019782293007658477,0.06703127184527058
-4.91246310708021,1.863468933473716,0.08460093985858941
-3.3157459359367882,1.1424131946162812,0.07502349629046623
4.252421337553063,0.7897837885111609,0.08012912625731183
1.1516997435781313,0.24858132799809624,0.0679803053297181
7.503023052163372,0.7353839361301603,0.10726411821310322
-1.039480211210632,0.24985349850640937,0.06781576684662827
-3.375338542088807,0.3987093007708862,0.07531460208804175
5.110171645500424,0.995285655621573,0.08555163094361373
-2.7054016183686027,0.6158100581757076,0.07231810636654412
-2.473857938162622,0.8339422619491669,0.07141001385439383
-7.871585830442932,2.4608362597630586,0.11099391376866485
3.958857680691058,0.6505828016931461,0.07844173017910161
-2.2243977709611373,0.3696952405814295,0.07063397367733404
-5.525469484377942,2.470522762598571,0.08924787483405638
-3.0736127702703127,0.48575343259878323,0.07389776463022424
7.41882753624577,2.250816472792946,0.10535371482251266
2.000793642920996,0.5521920598159115,0.06993777494904851
5.697853782380458,0.9795034409781987,0.08968623280932253
-4.1579839582139995,1.1499880198056658,0.0796305085744653
4.845785177034188,0.4788215008491737,0.08392278549989374
1.5673875355528417,0.20925441519489277,0.06862722232787799
3.8748449147557076,0.3978544290077405,0.07756571032802617
3.622745395477868,0.5797541839284088,0.07652437674189927
-3.8948993345143115,1.4012284804042725,0.07808673291618629
-1.854715998313711,0.7571212410243388,0.06952398098956125
0.3130305820414331,0.05633388289168363,0.06709700038691546
-6.1656407882532624,1.1554427942889687,0.09363863089558522
3.3153241828235376,0.8933184553312562,0.07497423712049944
4.3693224339610195,0.36848684504832574,0.08089714221406585
3.359259466252354,1.2829301291041182,0.07521819909380467
4.152062932323078,1.3612950831848996,0.07959262626324815
3.7207048796441953,1.2218803577131452,0.07710788214627096
4.46400729256629,1.1313239558918808,0.08109342776813855
5.259749628364497,1.0762944999145303,0.08708818432016441
0.9218499322190371,0.38201140563438735,0.06764215013425634
-0.7041840890751632,0.23185879646941296,0.06738902336299168
0.8708574281983302,0.07118702886855631,0.0675778994829721
2.2135749375704696,0.5942349406759672,0.07059935876163081
9.53855025132922,1.439356327660868,0.13132723122770285
0.0441929118796098,0.01983644246038827,0.06703006114221643
-0.1644468457766309,0.045001456381834185,0.06704835333878933
9.507025807546798,2.1053957458223516,0.13099610860265942
-0.08627945604132864,0.006417415328042354,0.06703408312480841
-10.908464198662713,2.634147477744086,0.1532824508811429
2.219086039907498,0.4864167154211981,0.0704392695143532
-2.3038655487872908,0.5207106269614327,0.07083138782046361
-0.9032914448325556,0.3082238193706056,0.06760966763261
-1.8514977076958699,0.7370670699116686,0.06951510624227208
1.4830961443325552,0.5126399472616526,0.06862121977241098
0.27770632016971136,0.04695686313374916,0.06708245961101178
2.7925315993188042,0.4014345377023977,0.07267083878842617
4.5714949448710485,0.5182916992840771,0.08201861902545904
1.2015338937071254,0.22058707344846418,0.06807820144110088
2.8689125224204606,1.1290004327210266,0.07288800881542001
-1.6659818549292416,0.45381551069239806,0.0690517283179185
-1.810898963922486,0.5381334747047524,0.0694170934925663
-1.1920812793621354,0.3153687120487415,0.06805802618334844
-0.8479854479021368,0.24368681499267328,0.0675528119851263
-3.045252301487661,0.645431528439455,0.0737877537135575
-1.0997490566667332,0.24921586258635026,0.06790307040823884
8.104178946068831,0.6089293416651532,0.1143738620024709
-0.516109976894775,0.1355615178448871,0.06722271636749633
3.683492291440988,1.0780266867256871,0.07690209084378519
4.197386389501241,1.2324513924497078,0.07983484689616804
4.6407564439487095,1.529967364266114,0.08266388457385365
-0.8300558477260352,0.0862732717684097,0.06752903384350861
2.7233287187457464,0.45875457329634245,0.0723683334906341
10.62703222592724,1.6253691983431602,0.1493293730438281
-4.007766459133637,0.5848445894025515,0.07870632307961256
-2.1489764327893215,0.5653462565191373,0.07038895072588036
-2.286179487494851,0.3310239958931361,0.07081969132659904
0.8073771712816774,0.1779757240892227,0.06750004540054932
-1.1775948658150126,0.16266296023484703,0.06803763491752535
-2.8464819583332206,1.3730690509372407,0.07293391828632712
-0.587665748252924,0.14271610342704993,0.06727548623045676
-3.4514876770511904,0.7544520624975901,0.07560134156358933
-1.4607198653638604,0.38620663033529895,0.06856227436641593
3.7712082379190703,0.7036180518424231,0.07727162005850319
3.1578821298886712,0.2863371512962224,0.07429349494883564
-4.323399800008734,0.9655360543701397,0.08059949269299538
6.093043246113389,0.7603808552771641,0.09404119852882464
0.44778819635859274,0.08320553023967667,0.06716789433893977
2.205084775548791,0.37647935424403456,0.07042268597070012
-2.41956305208002,1.060125641057746,0.07128936011798681
2.8418320279798923,0.37998922864614787,0.07290653720306772
-4.589909604134018,1.3918418575683704,0.08192986733799335
1.7147206412560052,0.40966305105951584,0.06906830224923477
6.0661226993699495,0.7192337902944423,0.09375615720964592
-3.7864005607061157,0.8357530803094095,0.0773649207696564
-2.7396513346631743,0.543416774984446,0.07244419783877831
0.9011817263944704,0.10656904314178502,0.06761759872511797
-2.0226185514833666,0.7589593645980092,0.07000366773622047
-0.7767864711243125,0.2811795599873256,0.067462267721344
-5.675148518164066,2.5340745565368077,0.08976392855661453
0.6202359794415406,0.0689194505155998,0.0673034564371281
-2.9512661384504195,0.5923159482869823,0.07332199078058177
-1.6698967152356095,0.34209037410029275,0.06904024417931531
-3.7430967843507763,1.473421814866552,0.07723469303966657
0.08949770685300898,0.026188020607297996,0.06703451423318241
-3.5857738445833696,1.4229671896470848,0.07634610081345894
-5.548343969275893,2.1074659686755073,0.08939022772888927
-8.171542973949357,2.315146290274181,0.11558264406517671
3.91162105634172,1.5855683478435634,0.07799858607773558
-5.4544201328665896,1.6031631778602524,0.08839149657190681
-4.289285189666918,1.4330983059846159,0.08030195851192024
0.14828031691753638,0.038654753760118614,0.06704396981084948
-1.1847455236159476,0.2721799912952478,0.0680517981127361
-1.1912191300977546,0.1876314938927718,0.06806212088672692
-0.2606035267721879,0.04437264271617216,0.0670778857261991
-2.633241723416705,1.0633577113282866,0.07205357524361711
-6.905280618209373,2.9654523370634016,0.10175588577409034
3.2905285331159297,0.5893911306940632,0.07476608479727043
1.8058002889660816,0.38532803853936515,0.06928004332922577
0.39337571569384777,0.07073096474793732,0.06714006561787889
5.283910311469834,0.5088976963890891,0.08708057437928907
-0.6526572563763446,0.11296338898580935,0.06733470049926471
-7.626757452391152,2.6156983546449486,0.10862143619270104
7.852360597438139,2.7964198504580517,0.11197261858302066
-3.61130561947933,0.8978993597059488,0.07580326229952294
-6.55532726727635,1.8464848486729393,0.09710806449904097
12.725158373094931,1.5858459601881032,0.18506424376120523
0.7683255229341385,0.229329849985101,0.06745737371035387
0.5619745265075488,0.10931802971499109,0.06725884089044576
-4.483679137179714,1.28757393841646,0.07998697917887199
-4.340692648971067,1.2426614624670453,0.08065584100590928
-0.2770735766535449,0.07299806246240566,0.06708438362844782
-4.738228421420198,1.9554424253006877,0.08330050913260179
-0.9937887244257425,0.15862424614917997,0.06774291863497905
-2.0939121937394463,0.709178644148123,0.07020752839969624
8.164514299048212,0.8549239895658545,0.1156153526012278
-2.1410788379410977,0.3332282126744699,0.07036666806253555
2.5809001625642845,0.2809649211455528,0.07177459282975795
0.01300443426406132,0.003886820074370664,0.06702879885281887
5.7534611036395775,1.3699154940561427,0.09073000866881242
-0.10523006596995792,0.040389601170421965,0.06703631402876153
-4.666993773519062,0.9877201045909643,0.08283793335634837
1.8932212856962676,0.39264847697694194,0.06964101324932104
-3.7221865351137,0.6253225129629556,0.07706327456695439
5.762289817617089,1.2909916283740102,0.09041360007748
-0.05150890092585916,0.011482663517007096,0.06703059869451533
-3.9004276364187214,1.0795996675000135,0.077335836913895
0.7757956844564234,0.2573166430103198,0.06746738700008525
-1.102102925107369,0.11630353207530014,0.06789612512967258
1.4282794766026363,0.20595387595587916,0.06849703621334868
3.8680550422887263,1.0936384440575286,0.07793076439703372
0.15189035423326555,0.03458209570956761,0.06704549710315777
-0.16301313401947998,0.023484108908507068,0.06704738264102128
1.1597935355692606,0.18593892138507792,0.06799586356810638
6.827365150855097,1.044325660655792,0.10080113634147891
12.545913178589517,1.2011760951289956,0.18176002895158527
-3.3835120082752543,0.42945204737690956,0.07514916762934143
0.44585933403211225,0.13744595810318871,0.06717281629196181
-4.764023955047785,1.8303948752413632,0.08357117010263804
-8.083884947346748,1.0838412453917665,0.11436968829934391
-6.069501604837161,1.0830523198814792,0.09359202772822672
-3.865482779608635,0.44285688216833297,0.07773103836106643
0.4600645627319744,0.06487727519180128,0.06718278623127494
-5.181870242792017,1.4347543345836102,0.08611766396745069
-2.2960993671203314,0.5514086947390846,0.0706823204947753
-3.2309719614014223,1.0916874080034367,0.07463541555405417
-9.51649214919764,2.5027743537515548,0.12897358224042144
-7.060013677299292,2.6231229813821297,0.10257144318069811
-0.7161159335563407,0.2392828746735865,0.06739068709087304
1.6872201689516289,0.11284343344821139,0.06896158768158034
-3.3147623277120926,0.9902623487575123,0.07485434006429403
6.988793593318037,1.444996074386699,0.10235438361063742
-1.0218163057140932,0.20049209987878458,0.0677753832512763
6.768812875672231,2.295002674724398,0.1003951197960693
2.144589921269811,0.41693620476065696,0.07037911441505151
-4.963651658217453,1.3888038262444058,0.08496222227899475
-2.068764601867935,0.6220658855106277,0.07013786029191837
6.072792609397273,1.147511235061844,0.09255606628468549
0.8499661254634295,0.08079529033343347,0.0675530170298837
-1.4861188625369708,0.3470180324278794,0.06863795251333449
-5.582039043046488,1.3126545587406397,0.08939926647725671
-0.34256332661790745,0.06693638126412027,0.06711275587742715
2.2081747341435825,0.2929629589877257,0.0705809879264151
-5.029366070836115,1.8529506459362115,0.0852419525255157
-5.15820216246383,1.4046769415036808,0.08581914103931321
-6.42486318458108,2.220357781629286,0.09703651849712491
-5.463494258994833,1.6626954088886794,0.08877237831408824
-8.590091040594666,2.154207705279143,0.11798070213788048
-1.021870798691152,0.28677064726772167,0.06778934992140961
-1.385039496136182,0.20992849160313126,0.06842455270221659
7.719611067599095,2.3262715617772427,0.11023559610471378
-7.584486501296907,1.5717495645000137,0.10892896187587053
-4.146660794153327,1.0212793811237728,0.07949136970600168
-0.14787028080603862,0.026581722012575075,0.0670445791310198
-1.3346605029628542,0.3884106541997729,0.06828007076086329
-4.402895528164076,1.135392592009625,0.08115923431546745
10.112757425156136,1.1846385798412826,0.14089171422693592
5.3229499467157595,0.6464315406068504,0.08744587304985407
7.096128489410854,1.2387157440252863,0.10029532681817965
2.6144368486370984,0.7338682678475362,0.07155291121190599
3.2581515221248374,0.6164232166795335,0.07457443995288515
-6.4237050894161065,1.5155713350186706,0.0970058232958746
1.3006630201156881,0.4124634903519075,0.06826183058494395
-5.693265614367886,1.1908318213982074,0.09065455261837307
-5.831384364105188,1.412223258980849,0.08849427894080075
-5.221162024930868,1.6563770449114106,0.08688219108274631
-5.7647740539828,1.3141611367229926,0.09116137975671235
2.7437602853835057,0.6428169605420407,0.07228806189192105
1.4856696390013946,0.28943914477990296,0.06862807970178553
-2.9228022474959623,0.7756446227533653,0.07318660725069215
1.8386178462775045,0.43902230067070236,0.06925030870199578
1.7051416969913988,0.4079857443673066,0.06912756442124157
3.149794862419595,0.5065116109403277,0.07426048429735177
-3.8041753752772234,1.1969064933471487,0.07756244378257726
2.774473503567345,0.6574809291042203,0.07253778888000462
0.3942483462230016,0.07252158251466466,0.06713849038177766
-3.9030718397627866,1.21518836686027,0.07794609063452662
-3.8135956766698764,0.8124513541948991,0.07747084594077303
6.3707876252180125,0.7502403597924141,0.09655962836299192
1.5273794702333194,0.39590567325010934,0.06870446343590253
2.2615006544430853,0.6207052295473638,0.0707280875821229
-7.7504318138873165,2.10233488587101,0.11079464248115523
4.379296154341387,0.6407435997537966,0.08100416861211779
-9.404545299776423,2.408486671455102,0.13145202731185435
-5.67936763475413,2.4752513947692405,0.09053829905632338
0.22154219970220781,0.025963073688373813,0.06706384160861156
-0.573319360489089,0.11018246464625153,0.06726472593579391
-1.976953302113589,0.35702837035678375,0.06986554114801713
0.24599310242026098,0.032120267104629084,0.06707177584457924
-1.942805599134773,0.43087824498604255,0.06969400995239938
-6.267162675544719,2.765898707232912,0.09551222375648916
5.327820371490438,1.707986622925992,0.08771422860837375
-5.728323027344104,1.0534417992245746,0.08952887424897948
-2.3247279723194234,0.5286836748472424,0.07095228592956537
7.307864807972465,0.7278578344007209,0.10531159753112984
-4.070544658651523,1.4659375847504328,0.07871020945270624
1.2118721907860255,0.2747006428771196,0.06809317676182614
-3.2718177865544043,1.4688457133773685,0.07472875206260476
5.444374665491255,0.725171918230865,0.0886090813483068
5.779442955807539,0.5364730682243825,0.09113361441833967
-3.354466108999905,0.9695794583741287,0.07514148745389215
3.0772544645845965,0.6223652328432359,0.07392991855763087
7.196630011534072,1.3992030241120228,0.10466275981280182
9.692658054448897,1.6354657785288644,0.1354576370295696
-3.5913088634129258,0.6909791751093783,0.07636663106744535
-1.7797114895712103,0.6218482627525098,0.06933053572369263
-0.750623998758324,0.1971277618707052,0.06743268488059528
6.381466026577491,0.48556285329139603,0.09657477469235887
1.847461786972613,0.4012352646825892,0.06941472057583664
1.2349847708897208,0.23114208834822056,0.06812095064730128
-1.579408194730567,0.6147790631228538,0.0688141367847811
-3.413405402478809,0.9347495441230599,0.07549909184216375
-4.988264713239525,1.8925633045573187,0.0850928241333051
-2.7125674685383645,0.5984309943174527,0.07227038043618117
-4.962715195379622,1.8450854894085196,0.08383106982639144
6.208005915878424,1.0481207753518382,0.09504644860759293
-4.366590414426679,1.524204507207348,0.08091508095789202
-4.884519419132886,1.744035448620299,0.08438820920104384
-0.30209256378106236,0.038496841314874436,0.06709399685236295
-2.7057399077245274,0.7324516198883066,0.07236424661175456
7.552135732057054,2.6136790237786456,0.10784873170499398
-7.150995542249981,3.7765237103351317,0.10428908192720832
-3.530408323405291,1.4595045914145344,0.07607050421797046
1.0300606075436896,0.2789860115181799,0.06779375302692092
5.952749246309121,0.4158191787945453,0.09257618609752771
2.141963905873969,0.37064346939145854,0.07036888501090632
7.09628800629048,1.2488914004140568,0.10282859460831528
9.222857703026262,1.0607315360006544,0.1273359931147584
0.20088918149571272,0.05238160759222724,0.06705796100497641
-3.4116611304019937,0.7876072252083701,0.07543411603343653
-0.021799994190860608,0.0031756998131373523,0.06702902687659928
5.410864879319539,0.9091428082236545,0.08812032917337731
3.0071942221770986,0.5627431272618928,0.0735897460966789
-1.7548403677437088,0.871915194671786,0.06926850889292757
-4.075359547722979,1.0622761691073193,0.07904717459782462
-1.4147104219409736,0.1949678299016022,0.06848547590480036
0.3772846551617128,0.0696281060690147,0.06713128974471272
-4.136318916584932,1.2097890412289685,0.0793527043042126
-2.9422111656939753,0.647717827093896,0.0732621003147973
-5.571701407473956,1.1049802150888843,0.089444878933853
-0.30510124881121203,0.06508009477496408,0.0670955272111583
-5.40112751370619,0.9575508943176017,0.08829141399019835
0.7707572535593684,0.13486127629083558,0.06745695083119774
2.5920438592181627,0.3483803746212259,0.071925949442181
-3.3516358968254623,1.6049907510731543,0.07510309226542955
-0.3172582156509052,0.05421820707586599,0.06710013944916304
-4.00465205998989,0.9371420003329839,0.07870915153157376
4.402316477946995,1.8093249703769618,0.08104919474951489
3.4963767584347774,1.162826603065933,0.07536693233417624
3.831147957256457,1.1701963794477266,0.07748635569012174
3.039916113386235,0.8782108779727472,0.07317440817674703
6.5372702916277845,0.9456195123434927,0.09802618372477057
-3.4222597411958495,0.6690618361202193,0.07555695173460919
0.6246198713052501,0.08688279398849386,0.06731117010840937
8.446121936644671,0.90722099084027,0.11858200321712209
0.752160310711854,0.18331590483133653,0.06742603838231587
-2.653088236620234,0.6733231197774412,0.07213134909272934
2.845613317374404,0.2149713381836133,0.0728847522699978
-5.789081913257227,2.673406282994929,0.0914105911434373
4.203079271424236,0.8873633390192432,0.07989924038471674
3.8271547061297846,0.6144577691179937,0.0777053728659205
-4.037052036327687,0.5533024357527461,0.07890057745164702
-1.3210233405292993,0.6569862157597198,0.06828341443158459
-4.539614033318196,1.1913407228642554,0.08144558106852351
4.405500056909368,1.4658421072543635,0.08115688794059706
-1.4894078836359246,0.3744450620951289,0.06862599436571837
1.7316212604270431,0.1260076385922262,0.06921066367557849
-1.518073835684609,0.33096433500261113,0.06870795039017419
5.404277822204953,0.5936830196358825,0.0875866084221798
5.570186038413746,1.608922058290518,0.08811656016555558
6.9796447639747825,0.5645318929978173,0.10180596653163532
5.004300603844853,1.0221230318658414,0.08493660655496205
-4.5019445167841345,0.9808409823472202,0.08163093010086397
0.12759490719293437,0.025225691861367163,0.06704054729929432
-1.0642273492141472,0.28175193943189614,0.06784724956268606
-8.03614730993703,1.9401531556890956,0.11120548354852777
-2.9814507936331616,0.5645118367680668,0.07341652924443876
6.765995025342755,0.8907109824753829,0.10025544700308109
-5.567680851453905,1.8178534962850992,0.08961991236815958
9.094033944901144,1.2039227403917825,0.12690055351502194
-3.5044686384253954,1.0128050902309274,0.07588843753432417
0.1814214610042604,0.03783157525748576,0.0670526106734417
-6.590787695064993,2.055701552183836,0.09854533784768948
-1.4925312561773827,0.5710466934260598,0.06865194190067225
3.7557265664924837,1.105512388580965,0.07729350750544284
-4.54558051732002,1.1632018425256,0.08173737492025523
0.26616255222478874,0.03607292703359406,0.06707803141603907
-2.8224308318015456,1.3052085677000866,0.07272999077519415
0.10588156452672703,0.012887376060637147,0.06703683844148955
4.465074110959527,0.8869507132420572,0.08136042832579271
0.38223421904570604,0.04753578825578798,0.06713443795684426
-2.5757974421674006,0.4704286844501126,0.07172252339932339
-0.9798084876340432,0.2057545792145416,0.06772797058292412
-2.3943842506832413,1.129346583868927,0.07112546136501563
-3.562531745645341,0.9028095926029281,0.07571929928817289
-0.9661250100790733,0.3336687918192419,0.06770424833331923
-4.592643822463165,0.9157033817226481,0.08181952827480499
4.5036732045032615,0.723518064360196,0.08039737052940377
9.491575171569114,1.3808123828875705,0.131972494133496
-1.5859773518415041,0.2976102926665492,0.06886086764457966
1.1898067109269967,0.21855033002153287,0.06805175045797773
3.123862517661663,0.3522312189427465,0.07391602650465878
-2.3382122929246325,0.43630064009640257,0.07100768745139763
5.004172899579914,0.4938804777925158,0.08527524312368151
-1.669376843252178,0.3423966539558555,0.06898906149347539
-3.0436988300180055,0.8329382469650186,0.07373989609766562
0.3711847509123792,0.12302327932370287,0.06712911122431964
1.7532398687990853,0.2518020439103048,0.0692608387178808
-1.134030079596144,0.3540690554430646,0.06793309200911612
-4.308524329019382,0.6745271292289087,0.07993504864160028
0.5088638871488522,0.11520501966477335,0.06720516631223161
-0.007506798379447241,0.0022397171259159075,0.06702872151274808
6.383239630213811,2.9864982026946705,0.09637153222749084
1.2136641006241062,0.2939353271755691,0.06808447199432444
-2.3959203379543497,0.46322603591615796,0.07119830682254291
-5.556850066887036,0.688936041979202,0.0895092824125191
-5.270031460630111,1.3618975008906211,0.08726909285465878
1.884794993760717,0.3290218643459047,0.0696116640040032
1.484909466346895,0.11114985727569414,0.06863556099485624
-3.83377248068902,0.756570368819702,0.07764967566525305
-0.9670103963467284,0.16763743674740847,0.06770240721619492
-5.3562401999586395,1.0853010730163752,0.08779272008532246
-3.288401357841289,0.7672916446351599,0.07491027841284215
-3.7102418370993235,0.9575853499182921,0.0768143255242083
-1.0872963368732091,0.20502589187033748,0.06788628239778949
3.772944552456814,1.2972797788666897,0.07732505485374597
-4.093127950623382,0.5322057527892262,0.07924030857004916
-0.2680616229537533,0.07418936070739213,0.06707994159836939
-4.695878166471201,1.0961256430848538,0.08302507659575109
-2.3314388632353067,0.8073725484741758,0.07099062943653556
2.3066086385781643,0.37547235563689374,0.07090664327115814
-0.8916784476854177,0.27801621076385574,0.0676059214276874
5.507085852938871,0.6102382041454765,0.08888513987115787
2.6475675264084315,0.5219562736803505,0.07213741592228817
3.907916587168933,0.9553862934716828,0.07703710844284628
-5.906986850037106,1.3555787366396597,0.09237474831154113
-7.635934277919207,1.0121126516065,0.10889630368172754
-5.0846343308328406,1.2172340801848427,0.08529080447907877
-3.705392382055099,1.3775541189616685,0.0765808543464287
0.13228768085370357,0.05136420590944222,0.06704122691763048
14.390349896924816,4.142445973492498,0.21635701693515497
6.970400529139251,0.7104370381442761,0.10242317490291919
5.4004895051399275,0.579996041750213,0.08787354717230944
-7.856667897609173,1.9383864671368012,0.11158493363474309
7.490845335108489,0.9562717397195707,0.10696537468802092
1.28631575691244,0.25713963268832285,0.06820094774565555
-2.928309815740772,0.4934386901534913,0.07315399657440613
-2.2609509351451167,0.38409917357916423,0.07056706997033513
-1.67796012826595,0.35081745319561736,0.06907225662820149
-2.128607275994271,0.50686874178793,0.07032781235914953
-7.436116950419692,1.9316731618555762,0.10458830162994259
4.278403842102328,0.5754563473618169,0.07967108249025456
0.6880684303361518,0.1238870169086897,0.06737317709992552
-2.5960889526892843,0.6415343614034831,0.07192448353879521
-1.276679269914467,0.4199720086383604,0.06821627267737973
-4.964424256184894,1.4177760158608566,0.08488538599462148
-0.5674930468723395,0.15861919189569842,0.06726059654997629
-2.599809901090142,1.2940834846357927,0.07182083965290686
-3.3054975914920037,1.43780202301702,0.07499278061574999
5.480549324479742,2.1078683622864993,0.08815516850648752
2.048503420773319,0.48162349881430144,0.07008626491773695
1.7432795519200865,0.13740951762291354,0.06913616934517042
-7.14157424215869,1.5118467398200561,0.10420551699985081
-7.347438108725961,3.247596640474417,0.10637679935572886
-1.0398230011653957,0.2522700232761162,0.06780783030803861
-1.0849006442758566,0.3615628168302538,0.06788656154907324
-1.0827871478707936,0.13250476125919997,0.06785403104000587
-2.450615752503149,0.31280054500250354,0.07140595010621376
7.026266417948786,2.6520571221485114,0.10269166729526735
9.375384611836378,2.0448185615168293,0.13109435402067615
-0.7006639086914274,0.20907169375267917,0.0673863221486759
-1.0114698318071702,0.23454105830433128,0.0677675482796094
-6.1688290149009015,1.1827358588394383,0.0947669821707785
-2.5116289755857584,0.7152416235796766,0.07156061757053023
-0.8796153998240833,0.12854900404026806,0.06754482956594798
0.7282697530379968,0.11512667487713503,0.06741527925251611
0.36263852607035846,0.059337135275387295,0.06712234723089416
-4.795891005323659,0.5312548348015593,0.08344243185335054
-2.455251282710128,0.5406970546412626,0.07141810486827294
2.661324928463854,0.5930017851369266,0.0719880413769195
0.9451919952138239,0.23270603430716236,0.06766463024653802
4.482326128313287,0.47382819390516173,0.08152750692753108
1.8588078378327808,0.30497566381117713,0.06954014211962356
4.70963454553991,1.3178387683709152,0.08229156078036115
3.2843045092821646,0.3121274413805671,0.07483264281457536
9.926969134063075,1.2408986202180787,0.13850056543586242
-2.8889070774020893,1.1770980096718693,0.07309257878888764
-1.2092707308601283,0.4029887954886968,0.06809432873170984
-6.873167939220394,3.279667790405138,0.10107456068535436
0.9015187225929898,0.11284057763540338,0.06762107928886385
2.101554310195553,0.23853795710021464,0.07022026382950908
-2.2150542841414005,0.7709300010336635,0.07059703353041513
-3.0114151168124317,0.7396971200734747,0.07352609333852145
-0.29784943329047503,0.08647713033895853,0.06709314359335172
-6.190781416705822,1.6580082840966857,0.09492860662544345
-5.849097626832923,2.642634935205585,0.09147401360308705
2.028531781914604,0.21300734032728488,0.07001924049149522
-5.1442832226269095,1.2520055134500954,0.08609240560236697
-1.7996365722266523,0.3383029621576766,0.06933510974047274
-1.4073222362717999,0.14444560352563346,0.06841294206726412
-3.6829211704447418,0.45343215301425566,0.07690418917987274
-3.0564565403272743,0.9883871036425049,0.07383702542780746
5.69439069299604,0.8298994706553432,0.08984129733424395
-0.558261112822013,0.11691393645558293,0.06724846060656997
7.9485833161661255,1.2890433105421941,0.11198669042690312
-4.013097464352283,1.8418954272501924,0.0782177702873692
-2.2311778160121407,0.9071604215057818,0.07063908142412556
0.43021327758615463,0.13549012754460169,0.06716242483757151
1.50904602419159,0.34660777681370586,0.06868758957725596
1.6053570431538369,0.4332711772060017,0.06864852914340258
-0.28434087501762906,0.06070196719199736,0.06708673771681584
-3.69760766620301,0.7613075280663142,0.07694480847057394
-1.2925646693690906,0.23692712591378393,0.0682186533890905
-6.5088042739237455,1.1436730643900317,0.09749052536415559
-0.7488902652722835,0.13999421335170142,0.06742695303216162
-2.296630840546675,0.4752501022898243,0.07086617721503963
-4.465138495322843,1.1304922185575352,0.08155764025242762
3.6118240998762596,0.42630892684679433,0.07650821859374513
3.89067399231855,0.8156094977784428,0.07801223662075396
4.350273155304826,0.7339306267445657,0.08081594838569128
2.164953540297655,0.16212622523010095,0.07020108033692962
3.8146452592202333,0.3740734503230476,0.07762462296032979
-10.453899371207296,3.0688950754299777,0.1424498508984393
-5.894569757064071,1.0380921363770934,0.09144813897459336
-1.499198276597548,0.5681326615109967,0.06866537690484031
-0.058002766987821114,0.025061599217673685,0.06703112979715087
1.095160690604803,0.3663236911431695,0.06788727047032972
-5.812897538103896,0.950016091752436,0.09164797779755773
-2.3306573968938693,0.6094987731176816,0.07094795281283828
2.569509639486303,0.42732968856912623,0.0717874439685302
-8.179574198945735,3.753449981829158,0.11547954142667682
1.9697774355453401,0.43436059808621397,0.06974265144895186
-4.807359594658173,1.7240282187714793,0.08381411923165316
-3.4189496196845854,0.9341281132304455,0.07540202874915358
-4.550291305786329,1.8593960684801825,0.08195821635997147
6.29707100532655,0.4832204119864506,0.09579130643886347
-1.3952561631334544,0.23341188659316855,0.0683996751876419
-6.6550708604776085,0.7522769121413165,0.09903719989608495
-1.734158431510433,0.545571083967232,0.06892722890161862
3.525990014047563,0.5169214556506574,0.07548796085258735
-5.988223006961589,2.182825450045561,0.09316556748947546
14.370695517782451,2.3782290534424857,0.21603503031049676
7.761702120926533,2.310337264110958,0.11087419866455561
2.539176111142717,0.3655589680196318,0.07132355590357631
-6.336598256189853,1.527962769099353,0.09523221010669025
-3.686855972276165,1.0083588800565144,0.07692700785040685
-2.386276798221709,1.0069532323444577,0.0711764519982453
8.025017077891258,1.0029429599598054,0.11393655385307411
2.9151748837104763,0.8373028438070663,0.07294197514098533
1.0097500270194293,0.17044584640414184,0.06774122176757724
-2.7341442822472963,0.4062214951771218,0.07246103519828262
-2.7676237348754316,0.971366125278064,0.07260462858087158
-1.838709565634206,0.6882006791032723,0.06948251262821725
-1.6399914072531085,0.22751044074294818,0.06898896568692736
-0.34986505136550783,0.13720078000004932,0.06711732818261074
2.964280456027639,0.5460821673906453,0.07329362693480057
-3.601148820283875,1.721825461478078,0.0762001056296221
-5.706792876515058,1.0469834775682483,0.09062841252010156
-3.2523614188307537,0.7441739962157784,0.07473366668423831
-5.475656714889299,0.9310409780026824,0.08854595683916011
-2.221184171427314,0.41959991032704486,0.07062430244971707
-2.9687075540537156,1.2089469125211962,0.07325670953937069
-3.1602857751491538,0.522300947184671,0.07423507701640797
-4.1389598713219975,1.1820063626207002,0.07943316478536644
6.868492048549248,1.3829006271103275,0.10134165256493433
0.1989673246610444,0.027608702442076857,0.06705698141196437
-1.1929445075203688,0.24476440952819478,0.0680632295513236
8.56591319622921,0.6751462995881643,0.11998962188984952
-5.235305725722151,1.191439350251383,0.08695015037278875
-0.2851171466052838,0.0533256569327879,0.06708788983333258
1.0403019794848534,0.16576661238106719,0.06781136865014892
6.718732062031076,0.6150089383366655,0.0999258565717539
-3.2963388459852316,0.5741848275116316,0.0748837900151863
-6.447940843008446,1.5469428046916858,0.09732700803729544
0.8008670158475288,0.1995007703929837,0.06749383223606598
-2.2598226384918356,0.5170896732238968,0.07070983223022131
3.070298863187439,1.4306199931178578,0.07377388519893213
16.20838357424286,4.449032878786726,0.2583212325093478
-3.879266364013003,1.5760966126626614,0.07792874585337217
1.065211869424277,0.30199614554669824,0.06781984896108839
-1.3523317755462205,0.1813808604425724,0.06833932996270031
-0.2226718036941489,0.033242464212933275,0.06706459442215229
-1.6291109909871582,0.3366593936500845,0.06896285087698806
3.443834926258539,0.6518788741597868,0.07478959821813613
-8.370972293355278,2.0693346043948133,0.11787228013268936
-3.933986917287913,1.0687524507341084,0.07829416941447598
-6.103150646112719,1.6667914301512103,0.09416951909827898
-1.2167495067866085,0.23353496205743396,0.06810781095562135
6.714388341763322,0.9105624011397236,0.09980151622694222
-2.923213392863757,0.7219909283354754,0.07317827032808821
5.62915151983846,1.5952672974336042,0.0901243056557024
2.338137813728343,0.4217114717345302,0.07093917291506524
2.7242196428562218,0.3944821145633912,0.07243539288952061
0.44826036391063595,0.08160538572088044,0.06716808531773744
5.8357391896732915,0.8197526241045964,0.09137754270163123
2.363146415120447,0.1987771069639463,0.0708994071115876
-7.151350708104816,2.8039492454841235,0.1043072728279022
-2.3932540531209967,1.0459805868449001,0.07119812704041151
-5.712030941698866,1.715024066670788,0.09042579836280107
2.4409517336368354,0.6756234438109462,0.0713499709067561
-9.052320671649932,3.3382696916183483,0.12669042770831773
3.0265282114513004,0.3039558936137436,0.0736872639714159
-1.519188137391852,0.2068247899762219,0.06870997834941373
-2.7374926684417566,0.7479203380311834,0.07235673601685766
-0.8174569560445176,0.2360700253154412,0.06749532692181781
-0.5517761410544153,0.14027032809211518,0.06724825869368045
3.351322645762552,0.5477054078816461,0.07495852380690504
1.4273632545434085,0.36782149128069164,0.06848201958127687
3.579115726276595,1.6561638502545346,0.07634231059750629
0.9630773950615343,0.22667976174907734,0.06769480532222127
-0.3970946250349907,0.11259630314431149,0.06714318808741282
1.6192800574593857,0.23288401675836715,0.06890895038130107
14.26545741553602,2.183510808174935,0.21449372355640062
2.1211526066817723,0.6701650242284334,0.0703069629259041
2.574414533311119,0.8250626140917581,0.0718596014939934
8.285005279559945,0.7033666358558659,0.11705561425282662
1.6541344134761011,0.3821480805945076,0.06899559656630871
-7.634357291987653,2.5194822791903055,0.1091141635808045
-0.6815686588468278,0.20615170553903756,0.06736514158657403
-0.9016165011165037,0.21275075660054146,0.0676192759970563
-3.998999613372551,0.4131944408227004,0.07865028899652227
8.040670164039087,1.5499186552661923,0.11306762168319529
-5.884996338579823,1.8380000341261533,0.09226942551731321
10.819165345480146,1.7430670903590681,0.15215694967758997
10.972375536865064,1.4899347368983307,0.1507254774041542
0.7037276849553256,0.23391682726177754,0.06738948906243958
-0.04255175383318546,0.01636714637736078,0.06702996780510517
-5.830872909846244,1.4503621593532574,0.09181146027632192
-0.8668481203454571,0.18987095607277646,0.06754532025746429
-1.7559936676171337,0.4300580686024041,0.06926911562574689
2.5156031589410777,0.7458157774274957,0.07161108887946477
-2.2601554972669557,0.5506722972895374,0.07066983901534063
-4.436893305267557,1.1889069163896326,0.08115938078802332
2.26842952521819,0.3753775682406043,0.07076764929545953
-3.971607610635985,1.0222076804157518,0.07852250984002107
2.784579903893518,0.4806898905936247,0.07265819708412746
-0.15340339446840673,0.034831152269472546,0.06704501219781356
-2.406554376406428,0.9010250993151572,0.07123099864890725
-5.429969772727762,0.7140842768404935,0.08706510463814376
3.0881238209112976,0.24569324873046414,0.0739665610993494
8.188152574275723,0.913079696043664,0.11571415128888796
8.010268003585418,1.0701639581949391,0.11336156097097705
-7.233369105117687,1.9682461312290043,0.10464375710446505
-2.646897565744957,0.7546850055360091,0.07213561758856935
-5.229565192180776,0.9532806103913662,0.08680365774372123
2.5761969903681883,0.662238291788813,0.07173034015017787
-0.5811465934435013,0.10761195653706254,0.06727056620685101
1.0716674096654109,0.13893626799969133,0.0678450286572585
5.020652633003705,0.6583645382488579,0.08504899353541462
-2.943213004752,0.6012999146079555,0.07318841358101469
-5.860016659000521,1.251791965101447,0.09165207684674181
-4.062603455184886,0.9818127904159004,0.0790561023513241
2.716719436965483,0.5074237277965082,0.07234323443313873
-0.2443579416496628,0.028640987389119136,0.06707109442812809
-1.3699116944427465,0.19550132514511345,0.0683930333631454
-2.860744384931004,0.7988647129271239,0.07235235781464022
3.9735275771165246,1.4224181413775168,0.07844465085712216
-3.9549714245534457,1.2328934075228988,0.07840059198581328
2.5712675886092162,0.6259898763704043,0.07182063195192767
-3.7251095921623323,0.8519606888434773,0.07709055904904016
-2.207952438259248,0.5007956419127632,0.07058155202576644
1.754556847901033,0.3911303268731008,0.0692684887396765
-5.4343470211017095,2.470992059554223,0.08846869284533831
1.4886586226983178,0.3679746915554965,0.06863766162933582
-3.1408560341215734,0.8574087764710693,0.07421335272694984
6.240550835727449,1.301093306636673,0.09381552466929433
0.5513134958171636,0.08410475326081818,0.06724970725848545
-3.0302351734565933,1.1126413599829894,0.07367481709177937
0.8347091021707709,0.11738459740790924,0.06753180321492336
6.667417653947485,0.667731262079113,0.09943267488547214
-3.2554595427983473,0.48013351580267055,0.07468989514245605
5.46588022602464,0.572416623089785,0.08870602481773582
3.9175883144381505,0.6512831780537041,0.07821594410471433
-0.15319150454922406,0.057964607470413806,0.06704573524222357
-3.2259735267147107,0.8504333399800733,0.07457952838341342
-0.7589628784106565,0.16486174712858356,0.06743440034303949
-9.847369528992283,3.825361661241522,0.13619419558146606
-4.221300142409593,1.232752711974954,0.0796538177364351
-4.617294614609114,1.5228516815569428,0.08253152189283552
0.8095192825615556,0.21157595546686986,0.0674993660530866
-1.9451809106249214,0.2954494533557047,0.06977988251064193
-4.813286942011587,1.2803851228879366,0.0830559665514029
2.833575320996532,0.4521929362182555,0.07288011858255661
8.103862533369306,0.9220113717627033,0.11421015714127158
2.404555605321656,1.0600211387373653,0.07113961776969635
-3.9063336412658236,1.228577273557077,0.07803187001878842
2.4882343725300125,0.4366142228769587,0.07153493829021429
-2.664186564666845,0.9014527732447855,0.07210632380436244
-2.3094640480970297,0.616016762210744,0.07081490943458446
0.6293312253348572,0.11725561172219397,0.0673142837889209
3.135104492119719,0.7213758971611878,0.0741589309829691
3.1184927036752788,0.9235995766323271,0.07410827163756606
0.00751451632428962,0.0018119487569166295,0.06702872045144936
-6.475346573025861,2.059024721445026,0.09758127593065113
-6.059585349527754,1.6259548386550926,0.09355420614561549
1.7626336950653314,0.4298914680575815,0.06929321518600506
1.9559863762715253,0.4946785351827019,0.06973495894534654
0.287384735343395,0.030341174521055565,0.06708887938675911
1.180410357749166,0.25874972530067847,0.06804002712824075
-8.826174382906833,2.663194931196189,0.12291270750547845
3.713652993144166,0.46384541435481214,0.07702607887649127
-7.183282947559654,1.283577824679767,0.10257195093439109
-1.9599274756734713,0.31100338833104124,0.06969550734515662
6.237939312179198,0.9453290873458592,0.09525386753330367
2.9240649416646685,0.8019513305299512,0.07324878748193642
4.150874998932423,0.3288466692495045,0.07948248605975872
-0.6819413099273239,0.10766726571605792,0.06736218530156168
1.141154516624061,0.18134028754655487,0.06797235894106801
-2.9480331127456365,0.7186709942356349,0.07263940326458407
1.2304642532076562,0.21943716604556707,0.06806526226151155
-2.294859156310581,0.6528901989550671,0.07084815584794235
-7.359060873015587,1.353942810630742,0.1064609804841612
9.789301130707875,0.8093184080999537,0.1366716807721161
5.927507110095778,1.397704456169126,0.09258557635127695
-2.0739957032695817,0.5823531104410923,0.07016205354092375
1.9914913938625258,0.17040930126986054,0.06979780340036323
-6.162589447406989,1.8933869732024085,0.09459965921534297
3.8126261517089755,0.7451316411785496,0.07735474902828743
-1.6372016159219458,0.705025927393929,0.06898242499010343
-0.7744946517874347,0.10798729424958611,0.06744662609084595
5.751318914489373,1.2634677187335566,0.09108663696415609
-5.306415457157752,0.7608496311323707,0.08755244146940089
-0.5066308032636944,0.170722755425796,0.06721553415903014
5.604869034540166,0.573211154582647,0.08992741383118086
-6.789234145342167,1.9181290800178343,0.10062399276567036
-0.35206905397578836,0.06289727267695668,0.06711845585924558
11.07452746499753,3.4115851768551586,0.15625490508249473
6.235174323511344,0.5120688249502445,0.09433706863321922
5.560422355384239,2.1103755120992225,0.08853825714996255
-5.64251329308379,2.0691337407007517,0.0902309578140561
-0.19514437778437427,0.03444449887952504,0.06705642846443005
6.423207906168996,1.7391179033644804,0.09650523459233706
0.6346603824367768,0.1241940823230025,0.0673221810111021
3.0681122246787966,0.2972012336150647,0.07368593986700533
2.4702926545364736,0.43138773900563265,0.07147668004599883
-2.618593389580995,1.0720583874766363,0.07199720226999151
-3.5417210011427813,1.2785330930584682,0.07600573751993844
2.4157163838377915,0.4694787894837506,0.07119003942293756
3.1739150189581955,0.6566860555433648,0.07436400007593458
-4.5244437737293985,1.8463272666839878,0.0808356682164807
0.1922562889014177,0.04633356895562011,0.06705537801043249
-3.63311155974101,0.609131403902883,0.07661168726729584
7.14620673740791,0.569089451100439,0.10337950310164346
6.578454746642564,0.8145390057287115,0.09835718964865725
-1.6525138975650298,0.4699269074081926,0.06898025242802264
1.7826462904532367,0.6948820058583642,0.06933457081548722
-2.367116947611063,0.30083149900046086,0.07101880358256396
-5.213453312601296,2.536517972075906,0.08616221558558568
0.2871603044844119,0.03330727294014684,0.0670856290555768
0.16205979156476977,0.06681955714612503,0.0670463668737088
0.49678739467497296,0.14095783542389792,0.06720832795354836
-4.924221481549484,0.5902414667389331,0.08444070208454957
1.1007744147625946,0.36836975415257467,0.06790324796435943
4.1802311836726345,0.3000231459888841,0.07861494855316353
-4.806861444717271,1.7077074416861318,0.08386624364265483
1.1196713839159838,0.3173805305042395,0.06793665006110583
-10.2840898144165,2.737046102872739,0.1422620782487013
-5.371072458264314,1.759042330206534,0.08796773950277803
-0.419154317354614,0.1402265954010005,0.06715472895181185
5.19190137701823,1.0169144757753743,0.08652890364819421
6.01795543879079,2.3650516364578666,0.09342465579806558
-2.151658718102891,0.9977275939803103,0.07039462611194769
-0.38080077819519176,0.08565384789079777,0.0671320981200001
5.915006536574844,0.4241202477435916,0.09241822607534156
-0.5857239235214549,0.12811255956521336,0.06727632603613798
11.221933533364252,2.2833659899056156,0.1578812175050338
3.350169287823473,0.4554612021398926,0.07515704946996682
11.677411685470327,1.5476081281192224,0.1641453473191834
2.2950429259694154,0.2890251865333579,0.07085314821516486
4.741509093087579,0.6125576580235873,0.08338555178782192
-2.1209940316753384,0.42934235294801465,0.0702383760166212
-3.3665941034147506,1.615814303494363,0.07468868705501774
0.33061829609053744,0.07874914812550093,0.0671072087842064
-5.886969828944038,0.9131503294180208,0.09221830149110255
2.675394040360292,0.292265800383177,0.07222282130831681
-4.572998013743667,2.001151288869742,0.08221507672820005
-5.251330276338494,1.5877641503348383,0.08712851225682328
-5.071320846836282,1.045374397486817,0.08496460680348561
5.8509887241177605,0.6040189104368417,0.09193704824548166
6.744259731794956,0.6663130460573119,0.09972860223032254
5.665080089791548,0.584374393761847,0.0902784378085768
3.2760116080154646,0.6909165038096499,0.0745569124248644
-2.3879830218367393,0.4961782154016403,0.0711590567040935
-7.0865402211644986,1.6953042921156094,0.10340020272365336
7.227135909117732,1.1679811661277313,0.10441354756929733
-3.195083615457316,0.39784828857392485,0.07399915384302802
0.7516192360619297,0.11570762812604156,0.06742827815602837
-2.8598261827988063,1.3061194272023033,0.07296212429349647
-1.463561853111331,0.33617960466473595,0.06857393831916336
1.8196548559890176,0.1715678518054173,0.06932917942451366
-3.482280655974614,0.626266591117665,0.0758600919794038
-0.7169490140561948,0.16355582526401596,0.06739225914436842
-4.334212061295063,2.0111726662653853,0.0807214146484404
-7.380237680155368,1.632683594233956,0.10430149663824584
10.060545142800505,1.3473250818442104,0.13909485744927408
0.5128444143439077,0.1563027890001797,0.06721883908237469
-3.570479368261464,1.0289285713575818,0.07614516899902635
0.6519785989791229,0.20395210209772566,0.06733773875189775
-3.705242751696457,0.8333926372095396,0.07677718977183656
0.2866624270420096,0.07888065484515816,0.06708626291011188
-1.4073466263099386,0.47562157900239926,0.06846947094940337
3.6933200889591866,0.38175671096884123,0.07647561404985392
-5.932786132212605,2.4026458023260804,0.09267255139039599
-1.2678436027924442,0.5425556740366037,0.06819976898188918
-0.9358487955384991,0.15189268559156574,0.06766613056558113
3.0964647344403438,0.5837981033486491,0.07379765820784734
2.3393574268092716,0.4000075392147184,0.07101718634020637
-5.005678103051216,1.410791019259042,0.08529274470631643
-0.9603042221422865,0.31136139329138657,0.06769703999324495
3.5506538323137393,1.5084138166542533,0.07620813060165021
-2.0974190290416046,0.3665661238382446,0.07021665083203554
-4.841091044070086,0.6582860992602236,0.0833908140101981
3.342293882298734,0.9226808756953337,0.07517025551354306
-3.4236430849402093,1.3915763661018452,0.07552748600751558
-8.009027174776005,2.2749729470849185,0.11120593353568475
-3.99889325421618,1.745858376697127,0.07814501269738239
5.807445092451092,1.5834699698933796,0.09153455794356047
-2.0789025020074425,0.29619093209350583,0.07017636847731323
-6.022277655878323,2.1401872250086775,0.09346533492531706
1.9588379326153629,0.37142986081883844,0.06978864589499267
5.904373796054571,0.7696308645898854,0.09149353239659486
-8.09740353627477,1.213118948184065,0.11473438653738854
-2.067435596907742,0.8834364407035851,0.0700791613534203
-5.278345137218007,1.5471163765388758,0.08681388180007621
-0.5473251367627013,0.11059823010826701,0.06724279511315767
-5.258485130354506,2.677214408068983,0.08717700569847298
9.044847609894422,1.4422842015067583,0.1265741406741101
-7.507608435729373,1.7462877890005526,0.10809811124830504
2.40386788099917,0.4696831539488533,0.0712404553072965
5.257105531622627,0.5001829193747659,0.08633274117592238
-0.7347326493983042,0.1533790583899267,0.06741082683876232
-5.866689982166473,1.4576220201766676,0.092098856353509
2.9899206731462695,0.4581937675106696,0.07329462131929976
-1.0704592818831429,0.1461587566574742,0.06785711997785893
-3.742811688521132,1.0961588449427546,0.07696536984301205
5.2503729250537035,0.7967465160673418,0.08688165976665452
7.163987973251031,2.4071290879213842,0.10175372673331096
1.4207154508276263,0.36927749270148347,0.06844359772406616
2.2567842845901986,0.6754924458241331,0.07070617477141095
8.504666610007556,2.134236076230733,0.11938708058489089
-5.220955484816814,0.860291147664478,0.08683364669281823
-1.4746512688313815,0.26915440271858465,0.06860066677879217
-3.57493828077038,0.7115629966213225,0.07618635983796596
-3.0815370141729113,0.782024461362506,0.07393608659527984
-3.444802011385267,0.36272927473067534,0.07489863148486442
-0.6311253319777683,0.24367479882673648,0.06731122184513583
-9.084250581464497,2.3654154635662925,0.12534296098197018
13.150597057087793,2.669542773517803,0.19241019550987226
-3.843092596812146,1.5071461822128114,0.07753234563987044
-2.1204246647664244,0.49448041118266123,0.07022405111326435
-6.207559966509731,1.1749911946422305,0.09305006755949996
-1.1648157651463993,0.20086333565874287,0.06797775612399348
2.108473143743141,0.23168239746524708,0.07016983029902768
0.03122667885314065,0.007951179295944686,0.06702938719399454
3.071668301947455,0.7853188582438059,0.07386972323588359
3.4396377134504457,0.7678064574885904,0.07523504365110667
-4.596340362453471,2.0208211259559303,0.0814068782015559
-1.1372579368636273,0.14536093147942847,0.06795641784343842
0.7711147552192811,0.1317769054338358,0.06745190509949217
2.3909353166291094,0.5526385639027955,0.071195401732428
2.029029971735866,0.3779512344187589,0.07001379756368509
-3.8806501566672655,1.5669286418995791,0.07786585052757355
-5.163633967055677,2.068272634007691,0.08645735141870081
0.26553106083279765,0.06199778139594487,0.06708005783493654
-3.6545267861059356,0.5489599382607006,0.0767526857007288
-6.556100033378661,2.0456978614000243,0.09832917504104599
0.12032239503514619,0.025474089107626604,0.06703919393948521
0.7807963554285011,0.1427561612939534,0.06746883451146879
1.0187421934918608,0.24257763184087164,0.06778290918074836
-0.4996118641149195,0.16711551987934364,0.0672102833841487
8.80830538977424,0.8174644158869763,0.1235104885005267
4.870358399714619,0.3466209457628992,0.08392101526590989
2.680361199305089,0.3864171605849327,0.0722174178854823
-1.5627486434860696,0.37748762302718103,0.06880818744321238
-1.5994525219040248,0.39882414745666916,0.0688933908479542
3.317336720217711,0.7861708977013471,0.07504754106941236
4.529596689196869,1.3012007804451284,0.08197746244430415
-5.124926963717616,2.5522328318009504,0.08558835017279576
-2.619017217640021,1.1450618781037334,0.07183714729759161
1.6681876535163698,0.25263212867840207,0.06903127837625422
-2.816316776591804,0.944382233141393,0.07276797605199392
-1.3503525872963964,0.27461041468582137,0.06835747713598761
0.8722120561127283,0.30021745062612015,0.06754411590629883
-4.016819956455746,1.0865939399284392,0.0787175453176886
1.5258227304396728,0.3251755656337891,0.06872528966409275
0.40846966134768736,0.0852426078568601,0.0671497664824171
0.2931183921051615,0.07265190343317685,0.06709025390189416
3.0474792677746394,0.7155881357479391,0.07302244530651203
-4.8271029526757525,1.2740312129653732,0.08213289277914548
3.1561287101988813,0.8421790953876324,0.07369322182090854
-2.852656680286845,0.7265240302191296,0.07295367989378387
-2.822821206832554,0.40856995420681835,0.07276253543666333
-7.557185498021658,2.768065189252202,0.10786351400680783
-1.1143805245386893,0.2066392222920442,0.06793290523764939
5.101796579433275,0.5462676796017653,0.0854242357942685
-2.0721850531353456,0.2384170638316428,0.0701572507872531
0.38342527837940354,0.07130595051629532,0.06713420428175465
-2.818984982961608,1.1020510597394408,0.07278575058613568
7.2874542557297115,0.5559085957647626,0.10557390615540496
3.455766091078811,0.32888161106780045,0.0757136184449888
-5.801847883032101,1.9891078799976138,0.09155506308737327
4.978423194171727,0.7504878747014605,0.08502982119629976
-3.7702432076826025,0.6614207878657938,0.07729254689577458
-6.10541103730002,2.0880089794405707,0.09420030080340358
-5.4864578567744005,1.8014713024078384,0.08896867259128849
-4.588846673084088,1.0901401535416404,0.08235237492101455
0.4101293126347367,0.13866191020642424,0.06715100890056647
5.445978570863435,0.7990574618625681,0.08859038392271845
-1.3590654754609806,0.18511991078082005,0.06837491448611444
5.928638865340331,0.5571361931148441,0.09252931683452104
-6.046814868243129,1.929508176613746,0.09366446422355834
-2.9705775343279393,0.7273890339716137,0.07346092919721514
-0.953179409992783,0.21925045566389573,0.0676847493187771
-2.1130516147010026,0.9071035875656073,0.07023736629078858
-1.7798925874072906,0.7556378189004588,0.06929456402600331
-4.751076686118325,1.9353842967527297,0.08296779466684667
-2.9865451446795874,0.6803722333153078,0.0731948282273146
-3.398177507661783,0.8683056848031625,0.07544345992145285
4.497326812820584,1.5026107225921141,0.08158925435855313
6.028537951897074,0.7035603869799362,0.09311895190644826
-1.029250930258069,0.27058171180441626,0.06779720861063876
0.13287315390825127,0.04303627638805975,0.0670414881330732
-2.7262708849749395,0.5015016064928518,0.07236606869264284
-7.62625572088134,4.364929511768826,0.10941891234690737
12.041039650110802,1.4792411728677872,0.17037509411972807
-1.8253646422535073,0.4201387851930187,0.06945743866616794
-5.0001319057722275,1.5230891723512592,0.08521000883764529
-5.6425783739740965,0.9577610706489262,0.09004586902824496
1.6849672361191206,0.24918253249959807,0.06909480896450515
-1.8996045607367416,0.4394165540217755,0.06963116943870407
-2.8498562647647896,0.4319712011895164,0.07291735355790585
6.108080548506994,1.076296622600314,0.09376244722990967
-1.6679442829716473,0.2234754119740372,0.06903558641602059
12.108480167903801,2.324036787262403,0.1729946499535162
-6.013518592647763,1.8047013874147955,0.09326287195320238
7.363152449930937,0.7196040317519701,0.10573956875313195
-1.161122855747061,0.21810192376511262,0.06800245551592332
5.916214035330877,0.5311561885603512,0.09246350106245116
-1.6330382545823205,0.2349768336403003,0.0689726025619446
-2.3612450894366566,0.3784294849100157,0.07106021526944328
-2.809918626160127,0.2720099666997114,0.07278342338169685
-3.402698885316304,0.7033961898387348,0.07546194762931424
-6.5405646318366975,1.5855176690878312,0.0974054247189674
-3.9053263807274523,0.5739346561175108,0.07734685195925795
0.12111263838511063,0.02574158035609492,0.06703936674455457
-5.2691007591188415,3.1272526233404347,0.08722193725362659
2.5791568899937816,0.8433246454690054,0.07185236132460149
3.409546905943911,0.8012339904379894,0.0755019087689961
-6.952644334075102,3.4188542567593454,0.10169375092692234
3.2397412079565613,1.0408039125581954,0.07466978600290608
2.2509420480220164,0.39505466225799923,0.0706986672675427
2.4670511351809274,0.28784925150640345,0.07138854484294144
3.6705897519599193,1.5312030340673006,0.07679040295910455
2.6470216036277767,0.7206219237723258,0.07211341824294548
-0.5803880802744289,0.06038988755833951,0.06727412090314244
-4.045908101977223,1.280216844810019,0.07886881811992319
-1.6468556391544262,0.48224471433355287,0.06900077049045006
2.3848923198023666,0.65503006149852,0.07102090201424593
-4.106147654724158,0.48154102231341733,0.0791976371101546
-0.4450331079672945,0.06954248277114906,0.0671726047495067
-2.930218999335184,1.313230525981374,0.07323808643130536
-7.0065557930608175,3.30416820458907,0.1021949454700617
3.119461258279614,0.6469082502117207,0.07395037205913002
-3.4682810011899434,0.8514038307396642,0.07578987589859953
1.3682149592647534,0.3142365361328324,0.0683931883401031
-0.14319584217260106,0.0373127508014579,0.0670434577120389
-2.8797308138858306,0.40835425543219156,0.07307308603612372
5.070141123649139,0.5716694103661429,0.08568953522891531
-4.34867344727863,1.1033385678794234,0.08072057965599144
-5.3815164620167835,0.5159143072924681,0.08804467213087563
-2.868823939638781,0.6637222889327601,0.07285784077576973
0.6724156320206409,0.17482930712880676,0.06733834522908988
11.537473994619521,1.653565119028021,0.1640064634845052
-3.0830361978111114,0.7670350327645423,0.07377825806604188
-1.1740466035089734,0.17777927878244149,0.06802115932067787
-0.8837638161709127,0.2564614780953736,0.06758455872338898
-0.4054481150138818,0.11408091174769894,0.06714841861456566
-4.706803371178869,1.3850269894478866,0.08301526143982274
0.940246221038582,0.15262029152806203,0.06767272155569748
12.358661891135815,1.6464558638241105,0.17828206355877696
-7.6075463400638235,2.0561359145495945,0.1083621215679752
-5.040143413054091,1.5650101865292452,0.08546675763099942
4.801707769566089,1.7495555829404734,0.08367099511184073
-4.751056359635842,1.3342439302703133,0.08347667068433695
0.7282349527783537,0.19700919995075744,0.06741018787434327
-3.752305110748133,1.107617204169085,0.07721208071826224
-5.268503183651109,1.7954272085290264,0.08725983565509965
-0.8245262503415175,0.3145078799025941,0.067517147443789
-3.73773410471238,0.6949749324564984,0.0770636826049691
-3.330749223737296,1.3990912726014926,0.07511478115504633
-3.457987744541536,0.7290393253222899,0.07565621379291765
-4.761990778399802,1.0748441141489433,0.08355369053092743
-5.908924319574798,2.1220836085519577,0.09212912353581115
5.036975097711817,0.781147202902887,0.08519524133969236
6.828821762379274,1.0410670451531487,0.10007089013530746
4.656290905403471,0.39850546148848986,0.08274892253190702
-1.918256215185258,0.33328470337413696,0.06959852114267817
-0.036819168437802405,0.006769764824024207,0.06702965863319055
-3.168468064347597,1.2618428735717966,0.07432144285012832
2.8944795905162035,0.3022602230038858,0.07296641785915192
1.9167413371647206,0.6040238044975529,0.06963965617626633
5.56823682736438,1.0839564389468723,0.0874665400378829
-2.122453709421645,0.7810010961235088,0.07024074026003035
-6.160057586939046,2.0757881454120164,0.09415007278902732
4.7411544922217566,0.6697029997488267,0.08334416616518836
2.496031339828143,0.7534824796123417,0.07155976771479267
9.310944778590095,1.1625016923627904,0.1287988861349949
-2.315415622720524,0.5120059160070305,0.07093652822589669
2.979962162621454,0.46033709181270055,0.073319546725502
5.902207136689609,1.4437680421365995,0.09221453779481448
-4.281434230029716,0.7556684148994212,0.08037663775269821
5.060103239545832,0.6079553231560382,0.0856460977773903
-5.664479482789355,0.8222285681944873,0.08996259354648417
3.9175793954603155,0.7458310648519402,0.07784306999527701
-2.7938886230051154,0.9387673781870026,0.07255943142187837
1.0953164202961099,0.09857582826911464,0.06789732964519657
7.542168859718558,1.2187427244726647,0.10838599986477848
-1.7752972865732857,0.43838949247379183,0.06932007084886027
-4.438436464351016,1.798931351790592,0.08138435429348245
5.952087929915478,0.8082430043305355,0.09194399624219995
-7.1878897836675915,1.1007545337366798,0.10298267161727237
-5.6458340298054095,1.2120680624724847,0.08916886280394187
0.6804074243316501,0.23101678801498846,0.06735889131799488
-2.095308331257207,0.9922628500933951,0.07022771541815931
-4.913819055309758,1.3713719267615818,0.08462582917728434
10.264549140226702,2.620476793479171,0.13987444254045966
0.9600277828385249,0.29634504285540186,0.06767336192866225
-2.336487618350178,0.7993189328125035,0.07067498782732551
-6.052752579125992,2.359795913181511,0.09346834796938319
2.1862001622646696,0.1922405307073444,0.07051247561786145
9.798826018022444,1.7750695832952699,0.13701528184417167
-1.7679276263828885,0.5819864481342006,0.06926981431734447
-4.352762586802978,0.5391289457026895,0.08076857617452693
-1.1400862549879416,0.4434047929606015,0.06797213930322066
-2.578797517046764,0.5233309374183738,0.07171007557704068
-0.7019942156309711,0.2119088075594959,0.06736577267550858
-0.7328997938014967,0.14692255323453915,0.06742022015439397
1.1943133115262001,0.2487032184341072,0.06806755868212844
9.221164020823963,0.8592293642296432,0.12885046604319594
1.0210113552463396,0.1695956117415061,0.06777458531523073
3.7667149546994874,0.7349224511554434,0.07721790074558388
-4.7707104631961,0.5678389892534641,0.08356963680014262
2.670666147470967,1.005016496624012,0.07221244340923305
-0.7834486322710694,0.2689102476391488,0.06747607267001954
6.855012469948861,1.0444196855960772,0.10058326450799815
2.665827529385085,0.18492397638102798,0.07212451326191449
-3.5024788757051577,0.7777390752454628,0.07596735464575877
-1.8537720943640452,0.5824021447339619,0.06953168960561185
4.617342901244767,0.5354145549091578,0.08256925992602826
9.015060127313339,1.234115158844399,0.12594906594980915
-7.803185819440249,1.5517298671895305,0.11091910431975383
-5.682351597220491,1.839141531101722,0.09053116168927045
-0.995724834797957,0.16072639222172222,0.06769372618285152
2.9683916656818403,0.5481606243863316,0.07344881716446205
-3.3524871291722587,0.6829456530463223,0.07522112856743346
2.8742927847593305,0.5621784451194369,0.07290931884663265
-1.9699961811468973,0.4900489655729196,0.06985389422758959
3.233062137669099,0.6540714791057286,0.07443335605530987
-7.931503478475557,3.3131763235330136,0.112545007704559
-2.302264294081173,0.37486919545547465,0.07089096195537747
6.741655224710304,0.9475805162198708,0.10014979625611387
7.77658577153595,2.3146797090294897,0.10993329543658636
-4.946538806068066,1.8631935876389627,0.08480770285659156
1.8304642059484897,0.34639303208198174,0.06930415059328832
-1.068412902843397,0.11853513459626994,0.06783088957555006
-2.5005897949580187,0.558934410882987,0.07158089322659023
1.8426642952578598,0.5519382893509529,0.06945084159050063
-5.767632437147493,1.7709005027714615,0.09090685474393456
-1.2252769167594921,0.21905455395217038,0.06810968185945221
4.545460305086805,0.5005118333427047,0.0820856589810931
2.512058573448233,0.3784972968065556,0.07154100929860718
-1.3903784224596518,0.2849762163130488,0.06839876291208624
2.589312212623089,0.7582763268666214,0.0717494361320179
-1.9147229519996933,0.49783415252300267,0.0694726014728384
4.145929000936624,0.8629187415810271,0.07954847602530568
2.6508233590076515,0.3832446955260734,0.07213844176246997
3.1437384979608143,0.4905045253452331,0.07415988670328777
-2.500583233615317,0.7678031533894312,0.07153533566221315
2.6891716793113067,0.3433357162856252,0.07229726111701218
-5.950302111611151,2.545376582215838,0.09184395819040281
2.1008185219588067,0.4912289045659327,0.07013853253096136
1.0808483109637042,0.2327868528265288,0.06787608195795458
-5.157889234300879,1.6544247581664624,0.08621778166715088
-6.235570590121323,1.925860760646891,0.09536398590192385
-2.1223895460012567,0.3517053367615383,0.0703121303011206
-0.8134954427423501,0.36094570306637036,0.06750957153784964
-3.609543627492237,0.5024326177203048,0.07620234641455892
6.233871898537883,0.9324149847550952,0.09534885141156235
7.199949304051263,0.6950583114720826,0.1046919845645291
-3.43579099805915,0.5400789090826826,0.07562542016352714
1.1091739949555222,0.32133821935942897,0.06789487100435965
-0.10781951887371817,0.031553505069242885,0.06703715367732888
-6.189645131055364,2.596038444745379,0.09490968228898067
7.167094363197401,2.9939356158878594,0.10184159715577457
-2.4708967595951226,0.7373851571485501,0.07147112377917397
2.6001570822073186,0.1780192104396704,0.07177989759093328
-1.9407205625724222,0.7132863958019714,0.06975631959249617
-1.8022307524492245,0.1858561886827005,0.06908293483269312
1.6007942329227798,0.48929197517002593,0.0688512980519782
7.598376544605719,0.9140809685145845,0.10902370802862738
-3.7517674603519384,1.1229745444100157,0.07721629708244082
-3.5674439701305247,1.1909831109179434,0.07614978756982815
6.502194566716398,1.943042560056274,0.09702942260735092
-4.421842773877323,1.6041558804823854,0.08128124489558208
-2.2302820605234994,0.410991312552583,0.07059630587098342
-9.722424387044052,2.3620723573061757,0.12695299225480572
-4.675779125984815,1.268144838760561,0.082965237438275
-2.8267569623529685,0.7213818854230418,0.07268268514833354
1.8075606979426626,0.7256082863888299,0.06940904323201669
-2.8449520376063817,0.7838590474387864,0.07284629423596689
-2.6387827414902887,0.6935304132862843,0.0720843941095135
-6.4470253698860525,2.0954101414935815,0.09594581162068427
1.3149471698913093,0.3337384731703647,0.06827605507354517
4.405071353030275,0.8516397466512157,0.0807263616628574
0.6984996624980557,0.1447364165319664,0.06738432400493266
3.8699435213455584,0.5350471321197607,0.07761944108542551
11.158695766864723,3.1595349728176587,0.15220694179499594
-4.550138785599888,0.470628516570757,0.08125931678915765
-0.46519827670702985,0.05527991369287353,0.06718400501592148
-4.107307934220212,0.7318825470443093,0.07925614916783519
-1.7295045087377008,0.30321273595412396,0.06917614849083875
-1.7047438832973263,0.5474454804841274,0.06907142613865025
-1.1357210151870616,0.11970433621903764,0.06796606236290414
-5.227216132241125,1.6449599958593335,0.08693851175352807
1.6065443637459642,0.45102030036594926,0.06889629526447771
8.644652615550983,1.6080881890431544,0.12133237869652302
-0.6493471847002124,0.1824625439248125,0.06732737927324739
1.2314174871588197,0.17372202327707706,0.06809381153939253
-2.717870496688807,0.46479648170460036,0.07238125948645135
-5.110699935711683,0.6999694332180363,0.08460352784304515
-0.4020940797115721,0.11009682064197335,0.06714400480169269
6.306110865435286,2.3793151703366826,0.09592266313744258
2.5295952249812266,0.9635397726193652,0.07167343191746911
9.93464518588633,5.267669950088191,0.13884425855616633
-1.217155777066595,0.1880613966234224,0.06810359474829053
8.870350359303915,1.166292566429959,0.12394063733398564
-4.1721569681752335,1.2005225812752545,0.07968583698228704
1.570179474943793,0.31127979667434136,0.06882049365120657
-0.9253302601393487,0.1616145894536607,0.06764868675372915
0.5928268194829134,0.1570718314325278,0.06727509778683127
5.679878333165959,0.5853025806398796,0.09054452258678891
-0.5065640210189857,0.13841506081298702,0.06720665996998298
1.893073366498452,0.45703688792785585,0.06964018728160448
-1.2170891522171559,0.3142269979147716,0.0680996441067242
2.9933019732872097,0.5601607905204852,0.0735399454130351
-4.9385033904521904,1.1965411113608062,0.08458010685445883
4.373795473213724,1.851276441696383,0.0809327196830727
6.372436218134755,0.71809289050559,0.09618004466578411
0.4934662126754702,0.0718023980186211,0.0672061617518438
-1.428123448487049,0.46200877198252055,0.06851473909318484
-5.841347810980921,1.4504028732432446,0.09130142150913978
-1.7390706067294588,0.4138100272895376,0.06923006843970281
6.258050513738785,0.4251415087312291,0.09469054849214431
-6.064398597817036,1.5697476796994794,0.09383248770255026
0.0669731772571065,0.010276813396040176,0.06703191230082628
9.381477028783129,1.0028172525960004,0.12447999850735192
-0.25966020670936135,0.04395446800841077,0.06707722255954629
8.884998055900555,0.7536812948150827,0.12436488946503221
9.19300897911226,3.928709151474027,0.12807687590566053
-2.941654604198581,0.3841580973576391,0.07314330645594946
-3.1396454747658096,0.8102546517235149,0.07418544936443294
-1.8906881505781645,0.7849863402280906,0.0696100692546362
-0.3305768802085464,0.08688583848938257,0.06710498048753677
-0.3479593247577198,0.12327366040564719,0.06711317434082043
5.316938620490366,0.6471785948698057,0.08694641018375848
5.132527073473135,0.45086011491771544,0.08605380572623667
3.4136575916980654,0.3090005656516691,0.07520008607289808
19.31600192688857,10.691171509715907,0.3384439761801006
-2.7113207802764614,0.9327755994815845,0.07236877405687514
3.6649199635742913,0.5763868786190933,0.07680093544902722
-3.290177533948331,0.6330837579002989,0.07444528014111218
-4.1115241024350135,0.44730795283337255,0.07859705499646741
-3.5184279331933346,0.8377583707587223,0.07587562678109805
-2.011515318399582,0.7930922509723355,0.06997664257824987
-2.7146996606085234,0.3172712978799585,0.07239857427910035
-4.855128557890223,1.6652203012479183,0.08418978359594365
0.3468038553589915,0.12939583844648017,0.0671152764006846
-7.151424850496701,2.7714978477267174,0.1038022813814623
-8.431663632715692,1.3835500247166947,0.11843847961437526
-1.151815347507763,0.33258084544408173,0.06795672360421201
-0.9264973227301936,0.23611782429654168,0.06765379838942709
9.052468073453426,0.9533507744547798,0.12676242914520852
2.2920968726105686,0.4241193657233395,0.07075026637325832
-1.93160168112508,0.8785105453653218,0.06973871961976619
-1.4524082391493496,0.31334014415855377,0.0685662356494594
-6.0526834521211175,0.9141946794260601,0.0937018149188169
-1.190370642498716,0.3418896514578466,0.06804430025498831
-2.157194806828014,0.4708090631572685,0.07031370739082887
-2.855102472844366,1.1531514657881954,0.07268820109496499
-5.120595067395502,1.4707467114275392,0.08614057149902343
-2.440602713344714,0.6153232540726401,0.07134294201004021
-1.57852128834822,0.33463542270263336,0.0688049131582178
-1.3485422359135433,0.2534880502041391,0.06835288709637599
-3.0376590312829297,0.779790614308944,0.07373203433548126
-6.277942659337572,1.340958664327653,0.09331148615439289
0.6234267378112128,0.08553644346606441,0.06730906708541462
0.5980960712659478,0.11729986640585376,0.06728917232678655
5.364929198020151,0.7306071050912534,0.08795690383621735
-2.300341239775602,0.49185134329623503,0.07075292384724363
-3.7387203531517295,1.353741184520615,0.07709523158600995
9.317549870185866,2.01266158052876,0.13031082879416978
-2.83512279626186,1.3115108807106286,0.07288749509580972
7.732446573049332,0.7388365441794305,0.11034450758610792
10.090319397929841,1.555221537119043,0.137226510550713
-0.09401117339577574,0.013197472252927164,0.06703509216874537
4.588401986548926,0.41142842358851384,0.08233599392527235
-1.9276589338100587,0.25815449288947073,0.0696961301553587
-1.4086483186378111,0.23941176082488547,0.068453958317088
2.341187591499964,0.815527737808793,0.07101205466002003
2.7813533900674328,0.2576715485896258,0.07241392684154835
-7.858649904629901,2.319668175926942,0.10996827001839782
3.2487313801765394,0.33844605789709475,0.07454582759502726
-2.7674354886095167,0.44690622918808043,0.07261015356118783
-4.675972291855088,0.6078361211953338,0.0815277572447044
-1.5610105251399338,0.3592472347009912,0.0687330851154545
6.932993494225185,1.3936990828214,0.10174413497479529
-11.017971898562568,3.5899934263089874,0.1495478437862674
-3.056579225657579,0.8783231971154801,0.07383709878008138
-5.800310771490052,2.3765974393584166,0.09146059123034511
-3.2741555860766756,0.5545887766892718,0.07479816621001756
0.15040749781142732,0.029253944121439387,0.0670450747893806
-2.8720241147568304,1.423114615777566,0.07283453152308594
-0.6495325331011699,0.26102457794822037,0.0673361805507402
0.22311321373049428,0.026895887178501145,0.06706313358640326
-5.389675466544405,2.058853322031922,0.08753098620879451
-3.2459598971562627,1.2200740633523033,0.07469939004581061
-4.057579911139659,1.0092214927217822,0.07873711869333211
-3.3264294936037273,1.2690144268940788,0.0749248986018296
-0.18375937481059731,0.019877823882024543,0.06705310398744924
1.5622912416698078,0.39936917927538834,0.06880756421050482
-0.9452325502649219,0.3253891199145866,0.06767064328237704
-1.2181862460595885,0.18277100489976703,0.06810987746347508
4.085160857063874,0.7563920564098852,0.07914716782034903
-0.7080179545972249,0.1416468139828303,0.06738725923788058
6.833086945846283,0.6253466795415525,0.09976999784031904
5.620139483274792,0.6491983530701925,0.09003813442425246
0.24792120281487234,0.04207210681112661,0.06707340812652773
-4.082894618577299,0.966824770926326,0.07905578467075813
1.424278208408025,0.24752435548427704,0.06849904081717095
-5.907097913351657,1.7122035281529915,0.09232288354337648
-3.451285339595975,1.899460986880393,0.07568657206235507
-7.915132988230031,3.963256962729667,0.11204874700555556
0.8113180542854347,0.061368759322493575,0.06749656253402236
0.6165333814818237,0.1177206321498689,0.0672958323073305
-7.090100790924929,2.350137682556263,0.10357045370166362
4.712385497012896,1.0976913655217846,0.08317253526018653
6.510967955481725,0.8378733440103467,0.09747685692990549
8.198905222189378,4.01137506468281,0.11559481892466028
1.838017667167847,0.17405905319574766,0.06944864928640082
-2.4162274761182228,0.40293654265599504,0.07124489037958215
5.34125423362676,0.4977458374456036,0.08779247345712649
-0.07027489051562551,0.020243813749056785,0.0670322288751023
-7.217562791958105,1.6316425584055132,0.10239065845127848
-4.258668511419643,0.88216357685144,0.08023524246297253
0.15548502341794518,0.019905920051697345,0.06704627158026633
-2.5788833971383927,0.4081400736456841,0.07184189948158126
-5.264881174344885,2.1911415461656256,0.08605572056074273
-6.6716742978027,2.1015102755225747,0.09880287629997064
3.914971311943409,0.3142484440727398,0.07807644366112698
3.269646350743248,0.6699796905349923,0.07458425733227037
-0.18771963528806304,0.038273080280928656,0.06705403084909867
2.7240139635322715,0.3446499459639121,0.07214922707973193
0.8386575099492237,0.22595987678173274,0.06753048211294999
-6.102071243856423,1.6770081484000667,0.09412572729476232
-2.356724058195819,0.8661712970768812,0.0710691273337023
-0.4343831969930574,0.15643907414525854,0.0671660024085563
-4.630443953055827,1.3434640170125633,0.08265764498380246
-3.3274071350447643,0.7667943440971269,0.07509425193666142
-2.4319812592297727,0.7722205644163402,0.07131786489014158
0.987608446828874,0.2112641640865205,0.06773948063221968
2.8275466465751187,0.4243506271094326,0.07283074479702034
6.208627531538863,1.479493131087045,0.09512479840838106
3.8751295355305353,1.573156140478011,0.0778902457704248
-7.972436383183512,1.734025858598023,0.11214347575736994
2.49764560039158,0.21187895420201744,0.07139808742871534
7.433514902809458,0.5973820748994778,0.10568158591124055
1.8350817274594449,0.43407900537171085,0.06939733529808711
-7.783657386956558,1.2873558795539182,0.10909262639383188
5.021177216526918,2.561356328788438,0.08540655676041065
-1.9813011209524165,0.7288958411659012,0.06984720525436616
-0.7151908521013052,0.13312035907882336,0.06739600301118276
-8.668560709552535,2.918808749662492,0.11976553308594196
-5.86925821074892,1.816235195268103,0.09212059140941764
0.4013307158094721,0.05650547067322505,0.0671419851787437
2.5664948986560048,0.5928895820797373,0.0718137506836718
-5.82578834850864,2.3093052828174185,0.09170033703692027
4.672375913170695,0.8470198616708055,0.08294198395485264
-1.429958464045747,0.5745888417576962,0.06847622576973955
7.105920843286774,0.6917797541811916,0.10352860922380402
8.197773890078059,0.773705899140906,0.11587586223976998
1.1612598535859662,0.2516018620370226,0.06800970790483118
-3.1865048842776558,0.8507000182199305,0.0744019362739492
-3.365251518643644,0.39315607973074734,0.07514413151866028
3.593282414785045,0.39295771182733075,0.07642176890585717
-5.204869003255118,2.048470982565349,0.08636083150477036
2.1502856572624127,0.5227046723691318,0.07030381672070585
-1.5736555839487743,0.4102646286690888,0.06882525118906513
-4.732558408146123,0.5997714529745797,0.08269048159137493
-3.275031581036538,1.5608113804020591,0.07484600279037523
-1.0737177247818028,0.1684382951078914,0.06786646116152062
-3.3331266695098485,1.3187317193652248,0.07511553223743772
-2.419631827812847,0.6566059611460986,0.07125232103941692
1.2757247757740615,0.2637643946127022,0.06819414255138323
7.147515658399646,1.385680585234345,0.10413720552877326
-6.896643871646807,2.1787365022024976,0.10097175334223918
4.401015742686962,1.369232540368076,0.08054341588622393
-0.8946416223462508,0.312533094281264,0.06759061846478387
5.452346037316562,0.6022673075429916,0.08866932634455749
-2.4119346898461487,0.7698228419292555,0.07119153818071255
-3.4221630991795355,0.9678150592736685,0.07529493581499624
-2.019929901022817,0.5792978203829178,0.06996035005169254
1.855361560322929,0.4019950282973079,0.06953586548395518
-0.36668595197179166,0.17215141277239462,0.06712553307602764
-3.7415541425025145,0.8400564659929841,0.07717000766920457
2.389354844210659,0.6228175214012037,0.07117975693230161
-2.0680318912721027,0.3860217146215561,0.0701412842805701
-2.7828106263207357,0.4294783052542121,0.07267301105121016
-0.14371508897644472,0.034940971283875806,0.06704372520688451
2.8486554816894585,0.24292546937639745,0.072934617031568
-3.533924911480005,1.6734723393474162,0.07612956665721471
1.9538166284685436,0.28972205813854884,0.0697377253758763
-1.76058292550504,0.4615358104676293,0.06925155739889144
0.004718976466653886,0.0015478786330560274,0.06702869664879263
-5.079472911698418,0.6137594994813466,0.0856630336281744
-3.9707661978751845,0.7412627905613255,0.07815595005600084
-0.1272184179154166,0.0340676504618873,0.06703989907425001
-5.818090535198106,1.5983545963274737,0.09087795985743463
3.0214115582174985,0.2256500007006156,0.0735156041923598
-5.308634532967081,1.5835375844337878,0.08712533640458509
2.963340236203041,0.49875074043750334,0.07338509740364174
-4.167756903019109,0.8643308344731895,0.07964194175983141
3.5099484004523296,0.3388901621597384,0.07594243920884447
-6.242965449260133,2.2516317514047732,0.09530525273260526
-8.408483221542035,1.2636466897376024,0.11821594936732316
3.0243630610324783,0.9924188029250541,0.07367280359325035
2.748692575834739,0.4042532013151619,0.07245741063631228
-0.7333569074967318,0.14792893449805844,0.06742062261835491
3.8297032481583253,0.6839474458528364,0.0777076521365524
-3.875865545160198,1.197199130026118,0.07776604039657786
9.953165296720533,1.7386328894574041,0.13799295741490847
0.37805054884302375,0.039332624175205076,0.06713285307896522
7.098773216366695,0.5349082884131438,0.10139587460485211
3.7074639389448825,0.499026985895227,0.07703504015110652
-3.0391092590720197,0.7971398417016836,0.07362756939730464
-0.2780727198463595,0.04174482049622378,0.06708499920896627
-0.12944271777061883,0.023426652137097714,0.06704089387775991
-2.341738393208548,0.4732689779778808,0.07101735799589903
2.2065740168146997,0.31408090353476587,0.07046171828702552
7.9884632177315655,1.688697465532326,0.11329348224602309
0.30787451026372986,0.05326779206920829,0.0670975042738724
6.543182821992198,1.023138214607484,0.09813221689416762
-3.0066890077911252,0.4910851859237253,0.07330281485886225
8.231358508702419,0.8860640542454375,0.11637080761728591
-6.269245451301776,1.8327437726937812,0.0956538106062298
0.136161560088902,0.05076092141030329,0.06704168741748351
-0.3880350804550781,0.06428613997648781,0.06713547970278277
3.4584594950042957,0.5254775498814468,0.07566122236756623
-7.085110911086386,1.55846267512242,0.1030605392946341
-0.4118713374418221,0.08407989621009072,0.06715059283317537
-8.114481262402569,2.084507439631127,0.11395185447382761
-2.9354367868037516,0.5133362623875453,0.07297850955828589
0.7133834989394591,0.11695770995043833,0.06739936401194091
-1.732384682770426,0.6512371478284662,0.06920763511210493
-6.439862948527529,2.7419658007804935,0.09680289364177719
-8.017988820822271,2.428270207803174,0.11387994243653365
-2.0194633615319253,0.38061945981612805,0.0700006863873075
-4.073510395635568,0.9557593091013601,0.07887365715508565
4.846384007426207,1.5968935137685751,0.08407182604774954
2.3435742380923053,0.7279103960566446,0.07094592547930045
-4.551866132889607,2.0041878010699317,0.08210896822427105
-3.9534258078305733,1.293333897899661,0.07840885660657992
5.536029183390324,1.0668947167449951,0.08777681837482587
-8.534662039754746,2.207570302766592,0.12004881911700194
-6.424344130888417,2.447859269542017,0.09679393166253114
4.476163986845928,0.7935695707475526,0.08151385590184335
1.5434322771534383,0.27597827894645666,0.06869576776974207
-1.3724450201041871,0.2903812146176694,0.06835965569460667
0.628257002995225,0.12180033590079169,0.06730392759394721
-0.6597527485086813,0.1934878638829395,0.06734154271569326
0.28308625483511146,0.0870915295425881,0.06708699426829501
-2.3711373688840784,0.34941081299663157,0.07111321506453483
2.0959881339814403,0.34441607077972985,0.07021278721052227
13.240533293496043,4.090681352912019,0.19458776806158018
-7.305664153193579,2.946346254781303,0.10592756636086054
7.633068221108218,1.068200946005844,0.10899801809351006
-1.8113996127906098,0.3702707175715127,0.06942018287855789
-0.7421234085042993,0.14536447641056202,0.06742948854720243
-2.1412431362244937,0.40654442129143586,0.07033827477385468
-7.860077963978246,2.2039284763745415,0.11202926638748634
-0.474852635880439,0.09783590796729315,0.06719300793915262
0.7574565591346353,0.16011907319146146,0.06741339527594814
10.69265563459949,0.7572869963707232,0.14891047810392732
-3.5706387850078176,1.248940668632479,0.07631690762553178
1.609772789050822,0.2516762320029904,0.06891076390765838
1.9617175878101831,0.4328086355433069,0.06979513305191798
-3.830583108191833,1.2281726551953909,0.07770063050887888
8.295097332955537,0.6425939326335034,0.11683074743689525
-1.635768847749656,0.24438675936056684,0.06897686575185569
-4.311649143037425,2.0150767716925855,0.08055935267177772
-6.1448912669282825,1.6325882377696401,0.09418551626930827
1.8615273372945633,0.5230126675039548,0.0695174710959563
1.1951939618803544,0.1836425464187967,0.06804244845253193
2.4328447967526743,0.5490889516323747,0.07130817932416811
6.149519235199772,0.4966785230586957,0.09393739619431296
0.27406966478624034,0.031623696927830354,0.06708343342802436
-0.08054278584758555,0.03086332028399513,0.06703340133491886
-4.294159651878463,1.0682980452817574,0.08035177517186576
-6.1318628638553205,0.9106238126637224,0.0941860200978657
-5.293733888519672,2.166407250033211,0.08737217689787868
-3.504629947348914,1.035754877565087,0.07563610069938831
-2.6400591288989403,0.5046226389743245,0.07210740037960839
4.583276077134523,0.3996352572967411,0.08230130648835665
-7.021995080438571,2.083557343773403,0.10225955934695174
4.509017089927522,0.48715112478047107,0.08183072911984646
-6.474274864070202,2.4071864499005544,0.09636351179371605
-1.3169832980114178,0.21836085738494795,0.06829276804117979
-5.980733589532738,1.1627772627489503,0.09307353728987688
-5.177382020334582,0.7612638194868266,0.08499987370787698
-2.441841567142674,0.6662688177107248,0.07135778631449774
2.1848849953753064,0.7937276396018561,0.07049743031806943
-6.253081112708282,2.38869967197001,0.09297306734273247
2.189849848578896,0.5901706116136172,0.07048600055572163
-1.0151935030067363,0.288377609152938,0.06777771153650247
5.674968860875082,0.5928163388390829,0.09024716433875346
-1.9675067278587137,0.658750127604838,0.06979357470537728
5.076080141827796,0.8421463472873788,0.08561082189652358
-1.4729143323050762,0.6447494651054378,0.06857373422460533
-0.8270901315602329,0.2268734446512169,0.06751344993715336
-1.2541819760906132,0.2528868356317134,0.06817126749000146
-5.969578834900443,3.193663893611692,0.09225020348156598
-0.7537233179913113,0.11423612216877085,0.06744245828446982
-2.1072987896914106,0.7334300317691155,0.07015484419714746
-1.2262401555912301,0.20154545860033832,0.06811700387162922
4.059096369148707,0.36485997449973984,0.07900405491954954
-10.447636017772593,2.6805911138087737,0.1444146568248884
-3.770403810939127,1.5772978492711776,0.07683805467591986
1.6901876970465668,0.4766872604280219,0.0690971429328594
-7.510245334157178,3.4238116351874166,0.10798294072171188
1.0734409726581762,0.17842171292981793,0.06786816540658192
-0.6019263617361895,0.22651114221015226,0.0672902204769642
-4.428844341361177,1.6942380898618452,0.08061175369276363
-2.950274577977557,0.9773152607235575,0.0731447116903774
-1.6135481662107782,0.5326741442245135,0.06892558769270551
0.3944913355190942,0.07153878934711384,0.06713799661183295
-1.5990196271691508,0.27821930138229267,0.06883190457945476
-0.7338436901172961,0.10610189137905476,0.06741672832089995
9.868349509594102,2.246902314551838,0.13653282531350397
8.869470488155557,1.163313694261267,0.124086224853874
6.637105785193752,2.7356038856202254,0.09910602091161103
-3.8756702419264006,1.3406671234738508,0.07797400032996482
-1.460282302692473,0.2822841538168025,0.0685830193098742
1.086356362326085,0.13562988573653015,0.06788463634512432
-0.5079244066600981,0.10291619705972278,0.06721408259059347
-2.0783614836046382,0.4254215269256593,0.07017721471388949
-1.3392462566666778,0.18963915049643276,0.06829011499602555
3.7069784325350703,1.4174092192556782,0.07704477064085047
-1.0674018482553551,0.34629936285066826,0.0678393405464397
4.718442222582772,0.4426631414381139,0.08315835914346781
5.156227389003793,1.0680373568797943,0.08639914240891255
-7.140501994885476,3.1308422739934927,0.10407705120298383
-2.471944353634391,1.27079107302306,0.07145408254712993
-4.257768305130378,1.0744972719543215,0.07974679773388127
3.4483371539745735,0.29369776736891107,0.075570035195616
-2.329334080234094,0.3807766199746785,0.07098226277326936
4.626053261988548,0.8208512985244886,0.08219578339095568
1.9867776860761743,0.4377597128287966,0.06989589002142038
1.5070295763804902,0.22052743590094248,0.06863939447470935
7.83964745746823,1.4182711157104786,0.1109361594657523
-2.7633955921738527,0.35611651529076715,0.07247775989284211
-3.0305094262090773,1.2808231519474524,0.07372317445280252
3.107159243249173,0.26643056614940513,0.07390970561969679
1.0859552600058244,0.14150752745325762,0.06786761855532275
3.7416864424056855,0.5850898933050425,0.07654979670830742
4.846685135517395,0.9458028286382143,0.08412042563750499
-2.7636462575867995,1.1149821353012392,0.07255291885740411
-1.1379724322465588,0.557748764888399,0.06797219240659746
10.494982770618599,2.0857139460322127,0.142907761128931
8.319343575989624,0.9233333071257906,0.11679760356831137
1.7976863270426036,0.44840855135634833,0.06927336502172687
4.655782396072079,1.3169479582881214,0.08263334638966435
-8.37984392883603,4.0677105410546,0.1175771762309844
-3.2138135528996687,0.6675224468561274,0.07443814867901766
3.767775798536905,1.7054543144172585,0.07737468511096235
3.5313305391555163,0.6589144957721312,0.07611097969031944
3.943706278392556,0.2877444763979957,0.07819934914344917
-5.420186450910618,2.391831784339169,0.08779061065858718
-6.100850736121451,1.9595429345930298,0.09402623030599078
-0.24016600289072154,0.04537031473644253,0.06707065273483459
-4.668586855052873,0.9393652994780948,0.08231628431762927
-3.915585527306805,1.135891712870531,0.0781702942498761
-1.8227522675568903,0.7250545353736721,0.06944923138056458
-5.474260576192492,1.2809502693671242,0.0888355101575744
-2.330301290053682,0.8934038845685814,0.07092638948427754
-8.29469265018599,3.7607662067498904,0.11659685750119553
-0.07587354363237146,0.013825262199730981,0.06703283231223078
-3.3304422199348998,0.7842760804753641,0.07511309123733823
6.0587193650623465,0.619895776170058,0.09267163004540668
3.4472817937286617,0.9882088898920685,0.07567603593414385
-0.6303963638542097,0.19367947140712677,0.06731638230389747
-13.707120706505188,2.5667621038628257,0.2022497722802008
1.2228154301368017,0.24989335088022993,0.06809002695191435
-5.7433985218746555,1.417235133361877,0.09053049465971752
-1.4874178340797164,0.3832965918686148,0.06863557927286479
7.501378669542995,0.6567606013003874,0.10782011258016877
-1.0729496051747989,0.3422985445645988,0.06782564575146777
1.5810631746490114,0.37930738461274544,0.06884858475195477
-1.1151753478551178,0.1695138984656731,0.06793346438551429
-9.193974650096655,2.5378274230024176,0.12436686178401613
-1.7449747307999737,0.28547999293541504,0.06924775601175648
2.768463288962386,0.7296476480175278,0.0726154721381016
2.358890663442388,0.2547099816313015,0.07108465114431561
-5.4586531719231255,1.5505452922743521,0.08872398356261835
-5.037416017943838,1.318254481363929,0.08550774752106105
-3.0492514476657595,0.7546127932591774,0.07378753957158368
-3.5711535420208897,1.0527675019958234,0.07624763876840324
0.7458929300321423,0.15759323718701548,0.06741608304909219
-2.0513285612408385,0.8430861973001593,0.0700946776225283
1.308405542764141,0.1998401481320381,0.06827311432517646
-7.511567214703185,2.3271875508981874,0.10674311397712943
3.134736851609658,1.0596921641527492,0.07417163131820736
4.074235272521048,0.7564842412982729,0.07912366871872845
0.8910282550905331,0.09756362843500269,0.06760266947787796
3.1580787255724796,0.3141449867824763,0.07429860318529158
6.420742202769067,2.3408030839460383,0.09634080648477328
0.5765766946748404,0.1586058642391346,0.0672670831981157
-0.505328623295215,0.11530926649497385,0.06721237892185428
-9.927624698081415,3.1047863625163608,0.13783195746985633
1.3277998620111369,0.23213453577797427,0.06829091017336408
5.447722812454773,0.41125369826812475,0.08808871294099874
-2.605885144063264,0.5454502240007345,0.07184466528144995
-1.680955532069401,0.2876818017102891,0.06904332573106586
-4.992917857390082,1.4386323695273338,0.08425518226965767
4.366471630715989,1.286926176156204,0.0809224698341765
2.7376361724985934,0.9956959966147495,0.07247012694901711
-6.05450998326401,1.8945369538716081,0.09373123032224684
-2.5454861036396266,1.0109453933658032,0.0716682208076036
-4.394944947653066,1.41056266661104,0.08109338993691995
-2.2116486911680107,0.6835252588344586,0.07058228422704427
0.6167774382696894,0.11794484687300708,0.0673027240804126
-0.8435926257943178,0.20796083996160625,0.06754730252049501
-0.13514792199380102,0.05997367668800747,0.06704192620256855
7.760059454170949,0.648695932887899,0.11063431118326494
3.9580163008329956,0.3855929032593998,0.07841613853406615
-5.390047548880357,1.258195591271858,0.08812663980552127
4.624836745469437,0.3792187923700968,0.08254405398944564
-0.3368401971194592,0.058512017772318806,0.06711138559983254
1.614289073040448,0.44229193834856245,0.06892338602754322
0.12059563174832774,0.037610921739303936,0.06703925437371228
-9.312247932532037,3.2221017977191466,0.12969037124815752
-3.624574063568054,0.6160649242728993,0.07617217588127645
-2.3098252279388563,1.0764827388780378,0.070916561061651
8.477169795900467,0.7672633562310955,0.11822540038972662
5.739965095950394,0.8182425598198658,0.09080738718758241
11.153186253839717,1.2470469817059002,0.15584673691106388
2.6705182878724507,0.5046085446563776,0.07222662024511173
7.099098688963996,1.0876715239398949,0.102084542639854
0.9534301609918331,0.21098921306274737,0.06762316878333052
-3.430610312589514,0.5729461553486339,0.07537389700598918
-8.824413786063433,3.3027431532876745,0.12378245890770267
2.4288064064962414,0.47714945746567305,0.07132646970249601
-3.6668158648446103,0.8982146481579661,0.07677771313977866
3.771882248512957,0.5520198388645596,0.07721694700632131
-9.624400311764006,2.066143327525265,0.13454881719504874
4.409467000175433,0.45807876951798404,0.08116445161816144
4.970060094544954,0.3559052830037213,0.08440593485515224
0.8134831971899841,0.2915806213508729,0.06750708800036986
1.9551338665028755,0.3756653583078049,0.06980834960676174
2.0728674821289217,0.47038116157020043,0.07013552331217598
-0.42243439034735053,0.06520779394068196,0.06715874206702321
-11.391962901304868,3.35837114992284,0.1582379105200874
-3.6727867193732355,1.1148488764377482,0.07684790206298342
6.7373630648005784,0.9692301875517638,0.09901381452039759
-8.853317327350275,2.1130981933978212,0.123214870839636
-5.104160326628136,1.961514521572687,0.08583727490141835
9.922381080072746,1.8570614909046708,0.13692139369194767
-0.48876763729840256,0.08115565748222432,0.0672020310474234
2.250623661378096,0.5069230267207753,0.07071739505712293
0.6482331949207565,0.18461919878571031,0.0673287374787428
6.513410515819933,0.7970365701900068,0.09792093250063905
-6.700171607863258,1.3543597145278816,0.09964552183158026
-4.6233214383486185,1.3597033489882853,0.08260337769801407
-1.1196085552700186,0.2533401841161289,0.0679191228893774
-1.9903828900392286,0.4608710375404307,0.06989035704425961
11.675434353003709,2.3494921693911928,0.16402181973728192
-1.213925692470254,0.40088113624314503,0.06805996723680185
-2.6867112644797024,0.9458800797321716,0.07218783929603045
-6.435830463226102,1.246443175536532,0.0966139650384209
-1.4548552570857418,0.670295193704264,0.0685634179712663
-6.876577726304725,2.988111505443406,0.10116587591106863
-0.429067698682696,0.062266791401566074,0.06716118802746995
-0.07310321713361237,0.012642586350594709,0.06703257601794621
-5.101941308148076,1.8772026067674372,0.0859409861030791
6.271839787637123,1.8440233494467266,0.09568644910152868
0.16784188041865913,0.04267706398114116,0.06704921125928032
-0.9561170255130416,0.14889121562037397,0.06769182019269582
-2.475641506468993,0.6437144951962616,0.07149120350397153
7.180945136365715,0.5702900381214397,0.10457705894699088
4.407102203633814,0.46899879962635366,0.0811767231700029
-8.239785612757023,2.05701097638485,0.11476125215315303
-0.7982858206819073,0.13500886513530935,0.067492797810223
-3.6704457593398354,0.8203992338422468,0.0768118951298028
-0.9299748364787567,0.2951276812744175,0.0676590949287742
5.609137196160145,0.6566276591129484,0.08923428334706418
4.195543194765192,0.3448731298998653,0.07978696454064593
-4.265427016904677,0.5748549778688032,0.08024068070940893
1.273676305352118,0.39838975214547645,0.06819912075649925
3.782221247524669,0.393778970912627,0.07744736273757913
-2.364306223087685,0.4128780759058877,0.07088589538578727
-4.687716890217843,1.3662591027307598,0.0814702503561584
3.8130570732129287,0.8042067908659195,0.07759602408253419
5.528443175705097,0.5356709910041386,0.08903615113190755
5.5955849196700935,1.4238416207800055,0.08780770274038618
5.230441607490951,0.43258461776872675,0.08616530977551673
0.3498721806129177,0.06391432024980072,0.06711685657895439
-2.34550750876292,0.7366073311843384,0.07089892616713034
-4.82190348460622,1.367577989584284,0.08392578388198557
4.241524410712766,1.9209154620985307,0.07992287442095103
-9.308482759146676,3.240945205534362,0.12895096407018591
-6.991851023216183,3.302475899361524,0.10226441380245166
2.610251625106493,0.6133620216918862,0.0719774850702426
-0.03173728527938124,0.006944516096292948,0.06702939712363687
2.6027441663177626,0.27882836513048853,0.07191360821420933
5.59112482888532,0.3877832686941814,0.08955529929759787
-0.4534332383701536,0.0941924478163266,0.06717853259176687
-1.768947886626741,0.7074081842525995,0.06927332662524077
-2.2738871325447936,0.25043891687271547,0.07079666861942668
-6.609673497717004,1.6674538171079587,0.09885734503368238
-7.043684395129399,1.2623705525504687,0.10041430379000105
4.838541217242841,2.1679144853102,0.08379485593965186
-8.636131177571627,2.736564575645405,0.12051597078239051
-2.3395271867100536,0.5809697369004528,0.07094369218433383
1.4605565040419595,0.11933869676394966,0.06856290914329721
-4.801238029617924,2.2081147983257328,0.08313247139376001
0.3519755867165334,0.026529457580908328,0.06711871161090743
-6.365228706612835,1.41020441448356,0.09653250168109584
-0.12576116431513445,0.011018200551936747,0.06704003052338792
-6.1008052546843565,2.697088435323602,0.09415549667835776
-0.012964505487491413,0.004169408527524382,0.06702880294681424
14.715658657701605,4.01970088458664,0.22215356244320894
3.210354102301048,1.2379934814776778,0.0743514458107638
-9.707410050574284,3.0328163791116483,0.13303164255506594
4.271437811556897,0.8202701364595774,0.07972973046472442
-2.824611473689062,0.5932945959287375,0.07283614830810015
-1.9451502229510433,0.7792564775782299,0.0697400580390326
5.153152444195497,0.47076645843414494,0.08607223423338461
2.3054238294896607,0.48962160178215686,0.07090292906994133
-0.12062062028017044,0.0323855639348882,0.06703899355520271
-1.5192169309202406,0.30280728488391806,0.06861511748353455
2.126997125625416,0.7890359934799313,0.07028485753557945
1.6506949442451304,0.2635048415991926,0.06900868712608443
-9.102630586975446,3.604275610807226,0.12734636639523644
-4.989474374071429,1.0979327159168253,0.0851753131818227
-2.2397291372367913,0.7343406282407721,0.07029132475345612
-1.6210072747490798,0.41607374609451386,0.06894347594489836
-1.3638011325568888,0.4265475610495508,0.06835091974370311
0.6414118647079639,0.060457225130041675,0.06732724595447415
-5.581807501153696,1.6231884991491312,0.08958044652335939
7.298908703964299,0.6590167985541442,0.10586011332361533
1.311618211821253,0.36504998714884757,0.06828200854621025
-3.4209528505905404,1.3293599967916319,0.07555718336609574
1.9925328315955777,0.14912536813293026,0.06986261457078857
0.22339615869962406,0.02933792747941477,0.06706371453947357
-5.9076335654225085,1.9440097902663538,0.09230991907735042
-1.2227791653967677,0.4260139511599679,0.06811404728478387
2.8785909385931143,0.4190889737553501,0.07305242138510659
-6.09114499557445,2.366376628002158,0.09323418953893237
-5.502809448986598,2.13389568409988,0.08904520826987672
-3.755588919521143,1.2180004978260441,0.07726460091867626
-6.620226771026921,1.7115738197361967,0.09897506347196605
1.5675706639251015,0.29703987186544667,0.0687892918885945
-1.74269814233065,0.46194128871944656,0.06923361176407594
3.109382336728087,0.29292282695575167,0.07405040740520352
-7.950387163977436,2.947602633481685,0.11265036397553663
-12.059426289974494,2.5386280368021303,0.17279856555340278
-2.0963413777327062,0.9404677376862719,0.07022625061697385
5.290843447678066,0.46804829408117676,0.08743283047474004
-8.91687424140241,3.070905603276539,0.12483791710310133
3.944681639574214,0.8403201540517359,0.07834496832804849
5.374388504966166,1.085210940638962,0.08758078486432597
-4.284771898528101,1.6352512083537187,0.08038025949867755
1.0166548054940217,0.2079005800036371,0.0677470812302019
-4.312082953568695,1.5778896514798686,0.08057994202437424
-2.802091146084517,1.0188723981904042,0.0724721844708488
2.4917129827994855,0.327459397303964,0.07145343453805297
7.1258957190478185,0.791906713669292,0.1040331603457213
-2.881911120491367,0.30760686638701307,0.07308121402089773
2.702152080216624,0.7778851928153127,0.07233536137152052
-1.8767445704704353,0.42108183719268794,0.06955641303915372
7.877696503535221,2.6755479728686966,0.11226303326483544
7.14212339998816,1.6570808768946401,0.10344750025660565
-0.03699165478699168,0.0051374856590726365,0.0670296752109798
-2.5669701086011587,0.9710836548047265,0.07159316563546025
2.7549093028307428,0.4538532839376344,0.07256089741680904
-5.893105817512126,1.1415019963768587,0.09234134277360473
-5.7037545652013435,1.9716102077354485,0.08923339281800402
-1.793375475791736,0.25622388212547054,0.069303394413883
-1.2048999048460385,0.21241387702415046,0.06808003351245095
3.6346785595286564,0.7315987106237691,0.07619797008782103
-1.8813379590388655,0.6424812273001634,0.06937127707344792
-8.853879625160385,2.8428939312179216,0.12372956830815207
-5.833343280709927,1.3841060629520976,0.09181554604205122
-2.092614235920605,0.5471262381919574,0.07016968720622063
-3.6742003868127124,1.7343903358713482,0.0767029068977233
2.944476598242886,0.5110860402359815,0.07319470432334174
-5.7816874666807525,1.1563609802894859,0.09138398451694985
-4.887892484748621,1.5618275762782097,0.08438783738573552
1.3142281388527977,0.2733067914519325,0.06828755045254298
-9.029237646276746,2.3087735136143666,0.12510816372433875
2.770160802831605,0.24451368170360063,0.07260120159747296
7.492517855837195,0.7400372094309398,0.10794594095492771
-4.494579338657709,0.6466775437432393,0.08131555845910476
1.022288258547815,0.22462278663220372,0.06771029345898649
-0.9035977596141447,0.18391686707089067,0.06760159927953813
2.2349216384324033,0.4302668419322064,0.07066863278457525
1.374221733224424,0.3068170406608256,0.06835678858616212
5.693930627410714,0.5178983549910573,0.0906200520291014
-3.589734108884944,1.597570786267011,0.0761026465430823
-3.182841081849336,1.3420328075020735,0.07438747221304509
0.9510416640122612,0.2274420390549564,0.06768017227924739
-4.402239127951581,1.7966252149429223,0.08109526303705494
-2.4450875639374186,0.891325654088448,0.07137851987273314
1.4273837950339145,0.4546690252498388,0.06850358911945631
-5.647554172547585,1.3017214314789813,0.09017196420541473
-4.215193815076732,1.0874401306568664,0.07991343610259694
5.432997366676047,0.8867456307323559,0.0884966945859691
-5.667346247503899,1.6546972666507356,0.09019691335678359
-1.3369335349322178,0.13894847827164344,0.06829599854198332
-4.447272247006605,1.1815450949168917,0.08129194513759574
-3.6186315778795306,0.39832163706872137,0.07562763008953921
-4.67082002330614,1.5245306248589139,0.08250573280867668
1.9729862175024668,0.552190189765923,0.06980506760852456
7.5792932580543955,0.8146677629352791,0.10890231547245299
4.184340943592037,0.2777104553933133,0.0797861365242597
3.917960000173018,0.7544871809351831,0.07788972573262465
4.001626721473473,0.7279555244173964,0.07861863955758974
-0.9825889785035116,0.1805647484659343,0.06773244359079356
-2.1650926413883345,0.3727250261716317,0.0704378277891099
-4.427358389628977,1.3855295367618008,0.08126698531296583
3.128087315124444,0.3190594771993709,0.07415467139649268
-1.7607616947353864,0.3598456965256756,0.06928497042061399
4.139700608704135,1.5860920521474449,0.07911968019503302
-9.56734066665237,2.525936030165319,0.13294938530238898
-5.234039860826682,1.586819733695911,0.08699665212804886
7.4763723747036535,1.2799793643262352,0.10589629910955523
-7.110389822303612,2.508197908009937,0.10387584265464911
6.08328020364075,0.5704398823688742,0.0934604387793333
9.884923233916737,0.9226233928036199,0.13757505265284464
-4.370111606087899,0.9048617659798358,0.08077471276744252
5.214957847923637,1.7983980952524876,0.08637167435515347
-0.7833846018851898,0.15504001150380745,0.06745776567824324
0.4529324933846898,0.2378291487824888,0.06717737358574705
4.973205315982395,0.46903562806896515,0.08495717372928047
8.256593523118582,0.8988274755811742,0.11663434352473834
-1.2953032038219416,0.22638291639551578,0.0682385099468038
-6.12435775286135,1.5116246147458208,0.09435496129732823
-1.5918628550423515,0.6595591423615694,0.06887234076014803
-6.952173048654222,1.5345173389053106,0.10219458709060136
0.5857496351293241,0.09340994621871404,0.06727850707284833
-5.919952111762857,1.5299397043397633,0.09235583285407589
1.0130825611805105,0.08681036669535225,0.06777680840464606
-0.19864111716726687,0.044281443273100254,0.06705740841054464
4.93235584787004,0.5027526736255904,0.0842685530725037
-1.764821347245702,0.5334031395313196,0.06929218882723776
8.530919719920842,0.8797277074697909,0.1200666277025465
4.032509298681775,0.8916548373036748,0.07800559640125582
1.3843470911999642,0.20316682657895035,0.0683993637171465
2.7159740096391216,0.4457182846088558,0.0723933472089835
1.0732178994822463,0.23849285284688648,0.06784619741388309
-3.907682396090473,1.101279960049111,0.07806591476979696
0.364832456484775,0.06110133445745498,0.06712534916260171
-4.4062268698777745,1.177332069041571,0.08078744542541727
3.3524427766963965,0.38868045968049303,0.07514242015453321
-8.136945961720393,3.8426175134586606,0.11525881862863296
3.701004243972646,0.7525685192994492,0.07700002686377083
-0.06403053208332933,0.009828914535576144,0.06703166207149736
-5.291259832348815,1.815850072143219,0.0871939003308051
-0.34751113054960525,0.07652662358309316,0.06711062899081066
-3.4755692760176364,1.2246386838135261,0.0755683743469614
0.17373569292406302,0.03716067370649499,0.06705057802254422
-2.891515591417822,0.45928984928639627,0.07311933364076217
1.138541429322355,0.26012598297415074,0.06796571840556842
-0.9837403065685539,0.16202134367090718,0.06772937518031097
-9.463474197593635,2.853626804793,0.1322915569565971
-4.300855409006829,0.9826132564255023,0.08051064509011208
5.038672501697538,0.4877015167799898,0.08553138952694994
-7.6715139694786565,1.3352802500869418,0.10891735715589013
9.414816102491256,0.9382637929475752,0.13121091389578943
-3.1684155769031355,1.0004978319871107,0.07427864988239641
14.77179128250285,3.942292988603969,0.22592014801445648
17.157909037965748,4.046189011376356,0.2816203133525267
9.086862633503282,0.7954459938598613,0.1257028102328308
0.4598909095813751,0.13694866321358404,0.06718260584953129
3.10071665849338,0.2768337323357306,0.07398196142416791
3.4607104570954337,0.653634636990451,0.07566505076565089
-1.9381878245767716,0.4593041971253167,0.06976693315838411
-3.2507182093529425,0.9149847062208469,0.07458475236029649
0.3149721070868441,0.11167934868158318,0.06710095729999799
6.786753819924598,1.0793758208569106,0.10026945090124795
6.315969815561367,0.568348705353943,0.09539951290284732
2.116572235144618,0.17597577276178994,0.07028161694805946
-3.699887247242076,1.459043069191919,0.07679136577570067
-3.485496137302414,0.9086319708570078,0.07588373111898639
3.8484964624404543,0.9153507919398524,0.07758589940054239
8.816136055551494,1.1035682091843844,0.12347479283477114
3.2923446439785224,0.476174143767634,0.0745327119911875
5.1485312740718205,1.2188550371666873,0.08573747352079153
-3.6996168958335964,1.7231435402303745,0.07698623762604462
-2.672055221839698,1.001967296959617,0.07222702205754461
-4.702025371655367,1.6231299266711203,0.08312902613899831
0.7603490029744726,0.2025132416814191,0.06744836271388122
1.7015351528980402,0.2904617184126165,0.06913587894513418
1.239532793168149,0.23350013915810314,0.06812514826961125
0.7245199090314502,0.08171663731785216,0.06741040654116282
-3.7451075890990406,1.4533835162535313,0.07724386826347818
-4.514911912230831,2.3422871499156943,0.08167840433782037
0.5367100148648503,0.09147019925603743,0.06723861159734257
-4.1997751731307655,1.4847555453388626,0.07987657091371914
6.525505887240363,0.8002263157108241,0.09726707646583221
2.8038237277527838,0.4626616396860005,0.07268761399445711
-0.902185729083069,0.41731347996420004,0.06761634321016341
1.8626409807670936,0.19971985198780062,0.06951111398372545
-6.225890367485975,2.768094125264929,0.09508265571006547
1.8220034331616335,0.30848838031025116,0.06943721016018511
-0.1773005173922475,0.044616022216239844,0.0670515125722928
-0.39000797093167416,0.08261139517090003,0.06712953378475739
-1.7357255455400629,0.6409625332433719,0.06920954427378001
2.6193204141980737,0.5346046564525598,0.07202607632260649
9.317733235953904,0.7307655756240471,0.12956757630869042
-4.2730052785642565,0.5532912116758837,0.08023520975938025
-0.04601133966649536,0.00809341686222551,0.06703015141226798
6.142061418275538,0.6278152968868316,0.09444162416042745
-1.2588409802357423,0.28118926139585726,0.068182186560094
-1.8006517564485114,0.7209325013454994,0.06917631548458636
5.851145974718011,1.7392510373354721,0.09195465632579891
-4.621863971396053,1.2880541081774397,0.08222626093382368
-6.083284815181769,1.4404983647344796,0.09399877138530954
2.4997520671002116,0.3091840870896329,0.07133479552334132
-3.8391941834697976,0.889263195331042,0.07736747934259514
-3.0217052014467165,0.5854912181361969,0.07368326769612177
-1.549568958444452,0.5513176029298982,0.06870378878046934
-6.0111272506931686,1.580726794615785,0.09299261961354954
3.1737087249556395,0.588428476864847,0.07435203420833958
13.492436332105077,1.9688161531207944,0.19958279796685374
4.126371117402149,0.7519382906861335,0.07941511908072896
-0.7029280088819443,0.12912580477320884,0.06738884108034526
0.8719866610892579,0.2057718543515553,0.06758282382368064
2.352038967807505,0.2869324802913855,0.07104307140756694
4.469727106110059,0.3380889308937046,0.08157591353236393
-0.767493861857815,0.12681083346866884,0.06744425139533772
2.1178966342186536,0.4468162510625615,0.0702934466081957
1.2428531179509577,0.14735338612957322,0.06815382835411521
3.5200022423322306,0.4241189931797365,0.07604096066738464
-8.803625746891907,1.27327406258564,0.12296794148500811
1.7748725865204242,0.378620318755334,0.06927013494822787
0.2661129786277409,0.04815978844009757,0.0670793442567732
-1.8796447884967027,0.28418425467859854,0.06960309633403716
-1.828967190034814,0.400343434759991,0.06945912403918619
-0.9657868399338596,0.30792599992971825,0.06770680400106466
-2.7306259494171057,1.2207968817218215,0.07246259130273414
1.5657618835974012,0.6229713296918501,0.06880749119413421
5.333131403629245,1.372926422847871,0.08694141999860383
-6.075985287085976,2.317941384568035,0.09381240745724562
-5.052096840687852,0.9773605545995642,0.08394186683196847
-1.6664170700238246,0.28187036578004726,0.06904665629322249
2.7545449346244797,0.25456513526304997,0.07255771516361642
2.6724834447034715,0.2586116228147166,0.0719112971195639
4.342958923696328,0.7274285313194967,0.08077661600228903
-0.08338446439258425,0.024136488971688574,0.06703374149346375
4.166420817081306,0.9313481348449288,0.07929999843910285
-1.4506040044082107,0.2577257723761873,0.06855530699893364
-4.258311812512078,1.1032939677792013,0.0802321711867634
3.67148030943568,0.8281776752049003,0.07679671400045651
-2.862218232514329,0.6019350189052395,0.07281556048093374
-1.7762759412215263,0.39831384447783613,0.06927540158220469
3.1072002455345884,0.4796012939589498,0.07406146630028243
-4.639514920206361,1.981872061925861,0.08237964203648729
-4.324733134113265,1.8188753286675836,0.0803886280493008
-6.177895069337692,3.483864259909776,0.09484928715619179
4.92558090234857,0.4086289161402547,0.08445698014156
1.9617386723656696,0.2247466889144277,0.06982594055038849
-0.8024058761981283,0.11542808876185562,0.06749130696263106
-1.4124109204678768,0.2628371283643657,0.06848261653058463
-1.1570228944226522,0.19086019450124825,0.06799398847899696
3.9390204932130852,0.5224738995900848,0.07808363315605393
-3.779216312209247,1.3372092874646075,0.0770606081635814
0.3621214914501381,0.03720012216544133,0.06712161336388534
7.574200309006904,0.7336125344914155,0.10792297507711746
-1.6341073084764302,0.6255058746818667,0.06897357717491459
-4.632713130083294,1.3915402527757388,0.08241916270226657
5.374412568585537,2.5202133603617503,0.08808206647259742
-1.583749071220165,0.30653163531342675,0.06885627226902569
3.3576213356597666,0.4946086873335721,0.07501662352359728
7.402709425027997,0.6270308657497781,0.10671443186801366
9.645198479966671,1.2515326142020216,0.13311255337998273
7.050535772027897,0.6917031924164581,0.10299002106171395
2.696851168642865,0.8186406708568255,0.07211112641704731
3.259227309765608,0.21135195238510954,0.07457423314701395
-3.739778688469581,0.6663725323549989,0.0767262063219204
-3.8634433972872952,1.0301163407924696,0.0778358371950757
-2.1711180281677236,0.5027073605593544,0.07037635399148912
-3.1425533754089074,0.7741817308602451,0.07413534365650754
-3.466284595446113,0.7029282447324764,0.07574031836194017
-1.6427368901127117,0.2115177194298371,0.06899366180823474
-2.2799637643908657,0.3976365013565431,0.070633193324663
1.6094528821733867,0.3484123676017914,0.06891364131656785
-2.3497527102060856,0.6173497399260304,0.07092226216642095
17.433790968417128,7.334229740378516,0.2869800443497377
7.43586935835299,1.2851823854433275,0.10611956047657012
0.7519743872872792,0.24314955257062182,0.06743158442741004
5.25061024152206,2.1971329494502183,0.08700247745889944
-4.793668225855483,1.3282192756575018,0.0824964341264447
1.202719983709493,0.2687583968574966,0.06808277535749085
-1.368621351098316,0.3546169464498282,0.06839122914872331
7.707847258130431,1.1602753040325402,0.10888786233878012
3.8968403918153953,0.5149071358648586,0.07807411265970754
-5.800835866506343,1.2234204893458511,0.09146113066178119
4.666701454245646,0.5395188740220038,0.08276367912782712
1.214660059014315,0.19854019991885452,0.0680721370416989
-5.8780311015262905,2.657465678371069,0.0921785153190946
7.343203455165846,1.0550301426145838,0.1048979241599367
1.1671539339647798,0.15217460005943959,0.06800913589122282
1.1495524890665707,0.2862542501809179,0.06790277628494923
-3.717157431860776,0.7055555235272575,0.07699986303196871
-2.8962722354912125,0.5408429637459218,0.07284696493290477
3.7665806786379044,0.8135445998255556,0.07701538326509949
3.470091239814267,1.391554408906369,0.07579703592917464
-2.5765993335209387,0.32327435420557027,0.07137809305254272
-4.210042053161711,0.9995530883920501,0.07993433508253067
-3.1867012791772353,1.1982781606059119,0.07441287610821423
10.746818681140313,1.0111313632544163,0.1511247139249179
-0.31000926466957746,0.024142173100544756,0.0670974577845519
-1.3487921665083775,0.21227799010344314,0.06834768250149537
-0.12428249353374604,0.01924143711235,0.06703969675812527
7.134862954334669,0.5302037970823452,0.1022420371138687
-0.006456937759601792,0.0016613442574350012,0.0670287108641705
-0.7720377273776083,0.09757426535343372,0.06743565709609056
-0.49408587195783954,0.12424578571829846,0.0672066276661828
2.5320482932542334,1.015902772190181,0.07163912667655936
2.7820844146485877,0.46187926288737585,0.07261679736396687
1.1272795176246446,0.20881888991236952,0.06795073508018057
-1.3070116547069466,0.6924241001269954,0.06827175096111726
8.863921067272418,1.3206173341363947,0.12395211740905576
-6.718715506426437,2.499209877810649,0.09940440376218462
-3.157480996901164,0.7213174842711921,0.07424660747826739
0.36431685534934444,0.1198679300720197,0.06712379724112205
-0.39835001434388706,0.13832989450075647,0.06714057535286311
9.7890407286573,1.0114076760232555,0.13686819970658537
-1.4770493829237823,0.3805278189607911,0.06859730986772794
-1.7861262773492195,0.28744746221657824,0.06934820546638532
-3.884646622961029,1.0851476278871661,0.07799382293983781
0.6891667726054509,0.10263498099044804,0.06736920518578027
-4.7233767325428895,2.1152783507442283,0.08323338170138972
-0.887514964886536,0.2320165626604805,0.06759777274660161
-8.512080435655117,2.23617911517793,0.11984355862664586
-4.372705345545553,0.7710980634945277,0.08095149184315065
-2.3313133727768904,0.2976260601743838,0.07097808785944515
1.9328206681945674,0.4378613530783019,0.0697493129142025
-1.0093477893099692,0.164039295691671,0.06776683274811357
7.47392457226467,0.6882515890091497,0.10761430137911887
-4.1532239242338616,2.1143189004280845,0.07941093483141348
-4.1856132509759565,1.3463812448424455,0.07979902559533247
-1.868150658746993,0.19881643711306818,0.06955757300396659
1.6540308687401488,0.583447125253756,0.06901018914433954
-1.1126402366256682,0.4108809097708381,0.06792134470929279
11.410875850843162,1.6279865015035,0.1615663340945408
-5.877244664169632,3.022135969344521,0.09152850028211124
-2.6393625872977418,1.3267744783492998,0.07203632161104034
-0.5422053593292755,0.23797120450532144,0.06724180883308051
