model,LL,AICc,N_galaxies,N_points,k,rms_dex,rms_dex_deep,deep_frac_median,deep_res_median,shallow_res_median,deep_regime,deep_collapse,delta_AICc
velos,-9452.3960970092,19273.32408330841,175,3500,175,0.006359931651124471,,0.0,,0.40335271722104266,False,False,0.03568599653226556
simple,-9452.378254010933,19273.288397311877,175,3500,175,0.006382440864556016,,0.0,,0.4035707685466263,False,False,0.0
standard,-9452.394511060558,19273.320911411127,175,3500,175,0.006359919316622994,,0.0,,0.40334805169102594,False,False,0.03251409924996551
exp_linear,-9452.378340292269,19273.28856987455,175,3500,175,0.006382440864571296,,0.0,,0.4035707685393163,False,False,0.00017256267165066674
