feature,VIF
logM,6.9388165883390025
log_j,4.26677501878412
hinge,3.022167352015029
