feature,vif
log_g_bar,17.591414109818682
log_r,20.934063032026934
v_bar,16.345197847778195
v_velos,27.919423526166874
hinge,3.4098350509088986
