n_total,n_deep,deep_frac,slope,intercept,stderr,r_value,p_value,delta_from_mond,log_g0_pred
3500,525,0.15,0.9728504605981433,1.9868289102514165,0.2869793217457027,0.1466307072575534,0.0007518039278777515,0.4728504605981433,3.973657820502833
