bin_center_log10,mean_residual,std_residual,n_points
-12.7728,-0.004196,0.113430,263
-12.3232,-0.004235,0.113301,286
-11.8735,-0.000811,0.118624,261
-11.4239,0.000958,0.106561,257
-10.9742,0.007364,0.104550,292
-10.5245,0.004203,0.108223,268
-10.0749,0.002936,0.103958,247
-9.6252,0.000959,0.107817,267
-9.1755,-0.011806,0.100804,276
-8.7259,-0.011165,0.115443,276
