metric,count,mean,std,min,25%,50%,75%,max
F3,5.0,0.496,0.02073644135332774,0.47,0.48,0.5,0.51,0.52
f3_scm,5.0,0.496,0.02073644135332774,0.47,0.48,0.5,0.51,0.52
delta_f3,5.0,-0.004,0.020736441353327723,-0.03,-0.02,0.0,0.01,0.02
beta,5.0,0.496,0.02073644135332774,0.47,0.48,0.5,0.51,0.52
beta_err,5.0,0.03,0.0,0.03,0.03,0.03,0.03,0.03
