model,n_samples,n_features,intercept,coef_logSigmaHI_out,coef_logMbar,coef_logRd,R2,RMSE,MAE,AIC,BIC
linear_regression,5,3,-0.2666666666666993,0.039215686274508,0.0686274509803961,0.1078431372548924,0.945280437756499,0.004338609156373,0.0038823529411764,-46.40201453113367,-47.96426288139728
