galaxy,logSigmaHI_out,logMbar,logRd,F3,f3_scm,delta_f3,fit_ok,quality_flag,beta,beta_err,reliable,friction_slope,velo_inerte_flag
G0001,1.0,9.7,0.45,0.48,0.48,-0.020000000000000018,True,ok,0.48,0.03,True,0.48,1
G0002,1.08,9.85,0.5,0.51,0.51,0.010000000000000009,True,ok,0.51,0.03,True,0.51,1
G0003,0.95,9.55,0.4,0.47,0.47,-0.030000000000000027,True,ok,0.47,0.03,True,0.47,1
G0004,1.15,10.0,0.54,0.52,0.52,0.020000000000000018,True,ok,0.52,0.03,True,0.52,1
G0005,1.03,9.78,0.47,0.5,0.5,0.0,True,ok,0.5,0.03,True,0.5,1
