galaxy,y_true,pred_base,pred_scm
G000,167.19306327563407,183.5906249222303,174.00572026195985
G000,178.78097598165283,170.79863989981348,184.8374153886732
G000,170.7481379822992,174.96625882341544,174.26403928545113
G000,161.13959562758694,171.98123780740863,162.32964596406882
G000,174.59856204864587,175.72670962177637,173.18590938323194
G000,188.73463690195567,179.81264590970997,195.29572997787199
G000,183.38085067194226,172.32014615684122,192.2020130959671
G000,158.61860768789873,153.12589777989066,166.7259646022963
G000,150.19331415931282,152.8356556409534,156.11128110061748
G000,159.82551928694332,147.71010108447848,161.4337311349086
G000,169.79452591521226,167.2844190167517,164.3570920699425
G000,134.2991746054211,132.38847448644736,134.2791310063807
G000,165.8927612660154,172.3829082822451,168.84689847385891
G000,150.48597201620763,153.0618814862837,144.68834542933462
G000,158.19062590445185,162.4550984129309,159.96867517527087
G000,161.01075148214397,153.1648081691239,162.94513810884402
G000,164.4301338794663,162.87477027515305,167.5623261372992
G000,175.3490942706156,184.75679991135155,170.02056342020825
G000,184.81233676664377,202.7335105092929,181.8346751924681
G000,167.24661628084309,152.13782989559365,165.2826576686986
G001,133.88234438824776,129.35158232545405,133.14301872143395
G001,100.35316530466346,87.25941189323312,95.51852344263551
G001,112.72637067319877,97.39420867655947,116.65506035999645
G001,103.91323804918689,111.47817593840567,98.15146529797131
G001,131.5439194133276,138.51790916228126,128.33511298556087
G001,127.59724103752333,143.13194687081673,130.39182137845378
G001,117.29211557366948,108.2368460785503,107.16648029258381
G001,74.73917802159599,95.00846745092007,76.47784121064437
G001,108.57226084519404,105.12360835149005,105.95487708135127
G001,118.04711909294376,136.9400184390788,118.53887773159393
G001,122.85124986892829,117.65781970273713,122.51059300093459
G001,98.52322056068174,89.69742105257444,99.43273533837956
G001,135.1219966812206,138.11942113992458,138.24577039640212
G001,87.98536168109635,100.36279869953002,84.57269780205351
G001,97.86890590406746,99.8010208246516,104.26332500447108
G001,121.81757605300608,114.79123016352604,125.08499810327102
G001,108.52764543867542,92.43300886975538,112.32444241904012
G001,137.82771498597458,121.00947240696544,143.06960290097422
G001,110.61961411898272,116.65180831748111,114.16376111665913
G001,98.29391487841234,110.170471277842,102.092268941016
G002,94.83943527908454,99.43252120233367,93.7767394447463
G002,114.21536654337531,118.04833718640388,122.38950827734045
G002,104.69832344127994,100.3913637388165,104.47421908051155
G002,94.89991651619931,72.08029293568738,95.28970319964775
G002,120.11783490762534,118.81085817273626,113.42600699408605
G002,107.71280123171587,98.06801904946775,115.12582703031832
G002,100.79397647375856,113.75593742421319,104.92267239925789
G002,100.59602684285704,97.13082877091252,105.39723374438034
G002,120.26729923956424,121.26900351284836,120.48182653001679
G002,121.62112228148568,111.42585081416397,125.74606883119637
G002,136.077905090433,129.9504354756555,137.74716584835784
G002,116.03232301606911,115.89392627583007,118.79167386643464
G002,131.86863943212285,114.04413722096031,131.18377111928555
G002,137.27501544551836,140.88323681705364,130.64251967932955
G002,133.4935275861759,132.22066054480288,138.12337215129023
G002,80.7614844497759,66.5328467897131,72.05416608503222
G002,134.67129883198183,105.89250444720858,133.59158381132067
G002,121.33534316766016,127.49196877422382,120.41499196986169
G002,122.59761333673073,119.02660486941076,117.90474270230047
G002,121.8094543099744,115.44935335135649,124.568508423489
G003,128.8249933507234,138.49866565290364,126.57495540139202
G003,143.17564419934723,137.4591232305333,149.2976521105309
G003,128.22933262630642,130.189411972802,132.74012485410424
G003,156.21271785725725,140.70096438414515,155.5271939960482
G003,140.64984437749234,134.9880865206015,138.52487263500015
G003,128.26302343216605,144.7984348648363,123.74141890054142
G003,106.21404359489947,107.84281240370508,103.0641941544895
G003,115.76172028116541,143.48608212271608,109.1325764451701
G003,151.6804800062081,142.2341671003222,157.10026331810695
G003,134.6189572880125,141.5823702887042,141.77711083007978
G003,131.1311422494896,128.78507231549239,125.47852093571481
G003,160.02679244832308,166.8166066102602,154.709219057734
G003,116.13827957357415,116.05174325766907,108.17997621668303
G003,126.59315123706224,119.85877391215233,122.25580719876746
G003,128.28920308330538,117.87780191144495,114.31068747753056
G003,144.17307745765214,180.9655183262389,139.0328221528085
G003,125.42499026012192,124.49684954343132,131.26110955922428
G003,126.1767505054722,101.97682222267326,124.62122412288211
G003,111.30077728140593,103.51756998656592,115.14640633824627
G003,146.31825929495048,154.45473602043845,144.11789850766127
G004,199.88661829938394,209.10008792352016,200.40709652130076
G004,191.16831417202388,183.8424744192355,186.35086432839293
G004,235.1847089347423,232.9554214306833,230.6726295890946
G004,192.0312707098945,175.033398312926,189.1500898856378
G004,178.57999830828405,168.65117158709018,181.8753560244849
G004,199.92699858357776,232.99668928288918,194.65960994574317
G004,196.3158229758049,208.81074127614247,189.86155640727137
G004,212.89321685166996,203.5161283515422,215.77255118994566
G004,183.07383968670894,167.02507278836944,186.46849975758693
G004,208.96910252636857,197.26210855917267,204.6539008412946
G004,209.68957561279046,209.42928529862564,212.2203651606088
G004,186.88303917515003,187.29977263546033,185.57069323828364
G004,199.34700864001627,190.414681428846,200.70282343450728
G004,184.43706920136103,168.99817560050928,178.76274794106612
G004,232.0854696617861,249.15401172476746,235.83349468390986
G004,186.3362551199736,191.75648053551475,191.75092041349785
G004,190.10223189914538,185.60741566433015,192.9690614594632
G004,180.91077822472548,178.26284373093245,183.42330805235363
G004,191.7065294265785,185.35216391707047,174.7312912240262
G004,196.81020815372253,161.5776628015172,197.98304202452377
G005,183.22131597849972,188.2415459891704,182.36057098856412
G005,175.9683287316294,171.4560029250325,175.87888218193999
G005,186.25747320489802,187.06830367701116,193.8650321089253
G005,191.6087596581197,188.11336472139544,194.40832315534573
G005,181.47017617308535,184.99868188878511,174.58925823590735
G005,178.47713648554665,160.35986632911792,187.597642414141
G005,203.87330574528377,211.60359202356005,202.0957613055392
G005,168.84649197215782,166.08730219291803,164.8889232559884
G005,200.87932654855285,205.18262336034547,207.51602848294394
G005,188.07918553715257,183.99546400755807,187.8552846158162
G005,173.3624139019583,177.20674817444754,171.70910220475685
G005,181.077270140155,168.20651649060795,182.06180709036354
G005,171.62709453901175,185.8969474888733,175.42909405070247
G005,195.5529663573363,175.1104313056887,200.02297927735972
G005,190.64552501075178,178.17465923340154,184.45711421051445
G005,177.075055953897,179.90304878837262,186.0682225701198
G005,168.89372409538137,186.44783151759628,173.1546012413617
G005,189.95273998371076,193.29025560540714,188.2463352046516
G005,199.78778268382368,196.81288122047465,196.1038133519773
G005,183.7194533404665,166.6183716215473,179.35889740205457
G006,160.39842227839904,152.9532725432602,165.57739591894193
G006,158.64555721194563,146.5881105840297,156.9140740922051
G006,182.28748276536797,186.69707723431532,183.00038584759793
G006,175.5871768486383,185.12586966443695,175.82722374931862
G006,164.20009781488778,158.43474654066924,169.15340124249937
G006,181.13238063402403,178.6451910883759,179.68541710838088
G006,190.6293460858285,183.6569552156855,177.27701939090076
G006,153.70122200179875,160.07623658943302,150.2809574465088
G006,161.06928842910975,162.1379608939804,161.89599388301002
G006,184.2579942945416,203.38787709860014,182.27588737262542
G006,180.90277517846926,167.75711073881885,184.36696900941286
G006,173.51914953781332,177.8691795281059,178.08812101969843
G006,187.5549845046203,192.88288130038035,186.89001136007116
G006,153.79549075445698,149.4702087025662,147.09208647973568
G006,147.93159918467688,154.9340087132698,154.1603421797034
G006,157.12105633208998,139.85878454420472,161.99479708257067
G006,171.95682812428404,197.3824644930359,170.61046802008244
G006,158.17736506481688,142.0728316253796,167.66466291608427
G006,162.81039434487306,173.8480814716529,161.24045477445608
G006,155.49366490473892,142.04019275746825,150.37662616285624
G007,136.31514689538147,143.07093788328774,134.97522473628626
G007,106.08583952465719,105.87293268421766,104.53345946722827
G007,149.41601732894665,153.0356401270255,138.13870306102632
G007,106.69974794421408,111.81300513782891,102.8390792073842
G007,134.46397530851354,144.59490232069197,133.60848536794347
G007,128.31457677584257,127.09527008660228,135.13850182999698
G007,117.83678526905257,113.63919468434999,118.56012903514542
G007,136.3556358435613,126.41584804096269,142.65963313174393
G007,97.650659329772,86.94987141606474,95.87897824035448
G007,140.51121796679277,154.58063269494863,139.37411935117763
G007,119.1923807282413,118.17812287221187,101.64498294299678
G007,112.01111241484223,121.45444498792875,114.09609894127382
G007,131.38525188339614,115.81688572728311,133.84718235942313
G007,136.04612636678357,112.78810907271338,143.98304217980075
G007,131.69457262214917,119.10547785014961,129.50414717358143
G007,150.14019847846973,163.8997220885838,150.56389218135644
G007,136.3585323035464,149.17546158153593,133.18365650730155
G007,139.40024064910102,143.38470394332603,134.10708385695975
G007,112.0496821051472,102.42364030322769,108.84069625483089
G007,121.74549781872537,120.17586611993512,120.19300446033932
G008,91.41849082157465,82.91690798239873,97.94015940466622
G008,79.52714463795584,76.04234367708038,82.34541001572742
G008,93.51348420659997,95.22844800260181,95.17527469719406
G008,94.64888711637448,88.12139445492657,93.15875539391162
G008,81.24183594334956,79.64041724090251,89.40477120586694
G008,108.53382118241788,124.1082823166018,112.18701833624782
G008,63.060083418324226,51.446245042019555,62.14473240657302
G008,88.18214736172918,111.30209987135086,81.084751183657
G008,101.36130776741265,123.91344029599648,103.0395897053413
G008,71.30882899082116,50.74755573524943,66.161998576364
G008,96.80412301262463,95.11185103126836,89.08236622971219
G008,110.77871253588106,114.8910113716292,109.52253076127612
G008,98.1903857468285,89.05993269675135,99.45700570848629
G008,66.03291763832007,57.13995159410333,71.80408318989431
G008,80.46239137144524,77.61340301063068,81.73342458522886
G008,109.86986782053792,118.74000486587653,113.4969556928063
G008,95.86034545895339,89.72433939158826,90.34387328544919
G008,91.23743270562434,113.15775844506574,91.13603790702034
G008,98.00332570370632,101.48301373176871,98.5622766405766
G008,102.20105103306211,100.97014762406224,106.08115886385171
G009,113.03536079436279,122.28795271205053,106.17669315795898
G009,93.41118770590768,92.71547570507137,90.9137637706826
G009,106.34350001576205,119.2364348656322,106.5068771164259
G009,107.19717244138104,95.15445757747536,101.56248869588028
G009,82.22754055376492,72.87284751485198,85.1615894396346
G009,103.60725585107933,118.83203472354391,103.52383119118657
G009,96.1687385182936,93.81573084746117,91.50640695114065
G009,72.41285719332419,68.10532943287055,65.57786015944741
G009,115.35027662468568,116.28114565688854,108.3051244535088
G009,95.54629621800018,87.27232672976585,95.77594897108666
G009,88.18832555067678,104.1716219730435,82.98259006887737
G009,95.31442526715747,80.32447344704661,89.17246706386145
G009,103.04718096978952,101.24000498946467,102.00666426007457
G009,123.5928186877718,127.75625211620014,133.84157104961045
G009,98.48517837747166,97.2318135486729,99.73411000302221
G009,108.06028887694235,98.43283833252778,111.49342362769505
G009,121.57786707603113,111.15719671500088,122.53509963424
G009,108.97743439167158,114.08216750152147,112.50085413916021
G009,117.00263878384658,104.63687338184616,110.95873985675429
G009,93.82652853830037,101.58144100688085,91.88922467243373
G010,207.84785384373103,208.23539845091068,205.4088126307174
G010,205.23670778287425,220.11692516658303,211.37430001313234
G010,198.12846488841157,202.46661457666315,200.5868408330009
G010,204.24085954399257,210.5087199529887,208.63523148207946
G010,196.50363872618567,207.3845236919866,194.9048281732442
G010,171.7891108616589,192.58466772723307,175.15548531957808
G010,190.19897945897182,192.01605643965007,187.11122080776622
G010,215.25140016767222,230.0054105048697,212.20939240237368
G010,231.47277541963004,230.70274482358096,234.15587467155285
G010,235.32030865441092,228.7662828692091,232.62762938368365
G010,209.56788223988625,213.34573387529701,213.01991568448403
G010,221.51736043621764,214.24760626031758,232.2799408456495
G010,221.7362747452165,214.8587241560177,214.1485883289537
G010,197.7327183265345,190.43983076122754,194.3477986339889
G010,182.64750862764657,155.10241828124856,187.6881664459386
G010,208.57991587487783,209.84590960680498,207.92706411215832
G010,181.68359112594754,166.51756682280194,186.90849545001413
G010,203.3176618902332,202.03043244221388,198.77237266113514
G010,217.23836238639615,234.6379877522141,218.72941118653202
G010,186.8155637630556,180.56355988576811,186.1380603328528
G011,156.37920133368897,143.48156932866775,162.01357905768066
G011,133.1123656080192,152.6786398966555,128.85263102430756
G011,135.30039876746912,150.90860641131496,133.7278131474745
G011,172.40112115128989,168.23806473555425,163.26041059256897
G011,155.81066672157286,152.1905507971391,158.2450315571042
G011,153.00765604214794,165.44692656897817,156.73484611145892
G011,150.75134020865522,148.7304217356122,153.21953095533985
G011,156.7605985284503,141.16948008688095,160.8901247220258
G011,134.07340995677683,149.25992706793076,136.05659030821286
G011,136.42705106942753,142.15319400439472,137.9683703287179
G011,170.98008475595503,140.78400817591242,173.1128465574011
G011,153.68158937556598,149.92330810920745,152.47870143177624
G011,164.16697415266904,165.89101659208112,169.51444953435285
G011,142.32750094403943,148.10246286874488,140.75892665147572
G011,172.0633417532481,173.88915602498773,165.48275809004974
G011,156.59163712765132,148.96273556072782,160.41566338893435
G011,158.6311483366098,157.24203980824996,166.95931084639147
G011,159.64340111359525,163.18100492891844,155.32272107678742
G011,139.45732245727658,136.24127342990838,138.99998237410873
G011,123.42664809685762,118.96383946038313,120.3421590486265
G012,188.85768363033762,167.0792162974199,193.3936701457415
G012,169.5391622619252,190.40238759902468,167.9630896877213
G012,184.00148398463344,199.2272672713282,178.52802863113155
G012,166.17677825790693,173.05357016593302,168.89154257363631
G012,179.64287448452058,208.24598123532996,182.17569687620295
G012,170.37524424384543,172.83498741897222,165.6814125835794
G012,172.28037856174058,182.13812555458318,183.40633911648712
G012,162.36762884376975,153.50666106855422,156.9243093715793
G012,206.45660788463226,220.0688967800542,198.6580957149022
G012,195.80217532473603,197.816086961405,190.6084039063936
G012,159.40432840179534,153.9899266635228,165.79792769480062
G012,179.21387514292462,204.61714552271513,178.4225198772588
G012,178.10971005509663,174.45211408060663,176.43545495977978
G012,177.8021271311138,177.908463062416,177.5224173860138
G012,166.4630363652955,164.09567687738195,163.77827377967213
G012,199.48207487416957,190.4140239153318,196.37588951419775
G012,182.22833227102277,188.6036010773879,179.3428625488983
G012,195.18852269598545,204.04943794077823,198.37432255158885
G012,196.06762553113916,200.32009586400386,200.65967701666162
G012,208.79796872870605,180.47102959136683,204.05005219978355
G013,94.04247811056868,100.28963512898191,93.70915910927721
G013,65.99309024924065,61.08827264289192,68.10068610324758
G013,74.68087061157445,77.49642465567756,74.39350698009251
G013,66.64840705717052,56.6890149821855,66.577915440993
G013,62.85394134657383,76.23542187495103,58.39401032654724
G013,83.74731252368241,85.8595633927695,83.8449797994508
G013,71.1773839218805,85.48431791675851,67.0289037200345
G013,91.68630582900059,76.4931589071155,94.00697494573895
G013,81.77804065260283,75.85585814219353,81.31355544831348
G013,88.4087798199073,77.69799021657045,88.58814269917329
G013,77.83512580253431,71.45182341903629,73.82476915062799
G013,72.69440875299703,64.38309238676715,76.31131786273464
G013,80.85927246523066,79.41278125378315,83.97468505542544
G013,82.14442753768344,81.93746181294932,86.02128521840757
G013,71.63153707408308,71.13971869772433,81.65477443819238
G013,88.61830131848485,81.95201483634293,88.38196409816602
G013,93.4182923314794,95.66739446614342,98.83360509261453
G013,84.59061007179628,95.0979960181671,84.03338494288863
G013,107.92173281935578,97.09442602748871,109.69512565063712
G013,72.73428434707165,72.7449478470947,74.37830277132986
G014,215.0703609937524,209.97180073820078,212.0106697765213
G014,200.63747261085797,198.37090798248244,206.64742700819696
G014,205.81050253966882,202.75890239062733,203.30630275969918
G014,213.22616302607383,221.29024872560427,216.770096703036
G014,231.414326816524,225.0310065449681,231.3988024725214
G014,192.56116828121048,187.2982358640399,189.4086985772986
G014,178.10452901020295,184.60779406621944,184.12678682827854
G014,197.9352359487312,195.11145778780042,200.55516226731032
G014,206.54544481065847,209.14290153280658,198.66234226689798
G014,207.821174714002,215.85320309427527,212.5074846058421
G014,206.57978510274768,211.64341904008432,201.74322337424303
G014,222.9383701561284,225.9403195319402,222.13775739650657
G014,219.83726520770486,217.47996651559504,222.8437756052824
G014,204.45749974167722,212.6402289787957,203.10816051898092
G014,198.15331147466387,200.25991076984388,203.18855972494129
G014,200.00638509520908,193.9481520824681,203.43207201751832
G014,199.85195602120768,198.04224577721956,192.7560157740163
G014,201.8125262085246,187.19497368065421,199.68657250457258
G014,181.60675989280173,170.06808820303877,182.87609169229788
G014,198.2809071613073,175.6860107199649,195.69341309561463
G015,133.1320586851482,129.87783251533037,128.99892200674577
G015,125.88700461456574,107.22174929157889,124.61645153064015
G015,107.32599948699101,102.79460291148435,106.2777338239582
G015,123.75438055461846,129.84214778145108,126.3084519505788
G015,111.95124048766583,119.0238576818951,100.49466978601848
G015,102.9073996258821,90.52648657958092,101.3745874148001
G015,104.18444726428292,107.77419510612242,107.60271543601446
G015,125.43961807082769,139.31651437089303,123.81202100330813
G015,120.71357942441047,141.77467844559965,113.84236307566474
G015,121.2167621426903,112.80722355030578,122.68645391931811
G015,103.94214929622767,93.57174915127626,105.45724037432346
G015,118.37634176450027,119.02933219394502,117.15913950069229
G015,105.57777089807755,70.44068882725696,100.35869021526476
G015,107.23937751081448,100.86696949700385,103.9063393559426
G015,118.65838366245734,115.40668403071192,117.24647937224341
G015,100.38442824450647,94.87232439405182,96.44453039359418
G015,131.17429400982058,112.16781527187032,122.53349144223232
G015,158.43852778340755,155.4919144906517,154.97673718821733
G015,128.01763375067497,118.6983303100068,127.73978604555198
G015,105.49173792938132,114.58153463087879,103.20996762656932
G016,134.45597521309978,151.13563596120028,136.1397033421916
G016,146.64973803412073,138.67763294068018,149.2910371567848
G016,166.25846738042927,163.49881351465723,172.46832300379884
G016,144.17778813055202,158.38461107107224,138.8703489312728
G016,112.1361773304235,115.782099470757,114.4309632270917
G016,93.34693131912138,95.65158352259971,88.50909784570902
G016,131.7841729986162,134.97549437673084,130.2796763037152
G016,134.27193205752536,117.87803754263496,136.4510113499933
G016,115.77300594113727,111.0983642574797,123.03755964325117
G016,137.28158758668704,125.80423974010668,133.7618453455487
G016,121.69701171062397,124.06597553839575,121.27042856945168
G016,139.24115152038047,132.71317395553845,144.4442171381776
G016,128.31833293407848,127.7896234760815,121.6141963969343
G016,139.16304438952548,138.23553363039417,140.792552505705
G016,107.05317761707443,106.61673299821426,105.66592594028394
G016,126.62410240216643,126.20713693922806,122.65647503055118
G016,130.97216543156773,123.14362815496455,131.63200413539897
G016,111.82798465215694,99.17995110547852,114.50515103046764
G016,161.43617940205687,153.46390368981335,157.3317304715889
G016,125.08950434722306,137.94796443494684,126.7994583655334
G017,64.19890383131998,69.59622901183714,70.41496941053042
G017,106.12729642546255,67.75915172525902,100.34247766906657
G017,99.17464346866288,86.0624995728752,99.98405444545682
G017,69.92720220302394,79.47301119232877,66.45067551123198
G017,74.026640180398,66.98576118656085,70.97354220898099
G017,94.38780692757422,74.87000933528157,96.56425338619393
G017,75.39436771061762,98.50116761176929,70.67735539425583
G017,55.23032434302142,38.303902455742204,56.907358582388845
G017,98.55933510737161,92.27894854385274,100.27245125046515
G017,82.95782476584729,78.48504677435895,88.19784037855996
G017,111.43149628583446,112.42922901356687,109.91853679359772
G017,88.18811026889549,83.75404784604811,92.89773040903444
G017,85.6909907621059,84.71940981930058,93.43411694244519
G017,125.94361064227267,126.63354559118359,133.08368089966476
G017,80.24809323208922,79.20797608689215,82.8854395376505
G017,68.5488669482075,69.6681530365264,70.57011427188802
G017,86.26407311489942,57.7169648611031,99.08662043816615
G017,99.8624269666767,105.15520333988745,109.9072187812657
G017,65.34930125856427,48.49582088279183,61.899523480074784
G017,69.20212678177886,43.202380647030125,73.35836744503116
G018,158.74896998460997,164.4154839369624,157.46389343374264
G018,159.96464253396744,152.44108512543144,157.41499993780835
G018,164.98173474906986,179.3961828387838,164.29062881594257
G018,171.72533522207914,173.45060138275394,163.89247911632543
G018,160.94650598690967,175.19924591131308,164.89120460721605
G018,162.76186378053166,170.84314966271356,167.0894534224294
G018,178.54706277427476,180.5300512374587,176.55458034646335
G018,162.43076171354568,156.68843278021703,156.22186589695997
G018,165.84029528783137,166.21838621961774,162.9301035736401
G018,172.51840951082667,182.4545353366661,176.7826739944671
G018,182.1638943030115,190.535787112859,184.97873778322946
G018,176.0705720001411,161.7235561700962,174.71898097600663
G018,163.32318235453855,175.63136698748988,167.3609188651712
G018,160.78218987177613,158.21529457407482,156.0955264682798
G018,139.31090439436394,149.09406904641048,136.5540409044545
G018,162.04589622368843,153.67603708676168,164.18162883376414
G018,142.1074116629478,149.76167511482672,141.67580167927775
G018,142.3043664393988,132.74526384548437,139.65285079320037
G018,167.42259197417093,168.97487395408174,156.11801718686962
G018,156.15630030849883,152.57994262786303,159.1767738142529
G019,91.4971491548353,84.18445639186032,85.52640590666708
G019,126.64586937473452,120.00242219692811,128.01337440842602
G019,117.4255277017278,110.18717406183703,123.49065909960478
G019,121.82350574372134,133.2575939316056,120.1848993220801
G019,131.8188821817466,120.94041027442282,126.11036390709019
G019,106.54268200886669,116.91699731381289,99.64291985899247
G019,128.3444472966936,127.95331843720254,125.28151458093089
G019,127.89879636285835,129.96340923228152,135.00674356261916
G019,129.06372017200925,147.2043407788173,128.1288922531134
G019,142.1803207576992,136.47631258901134,137.5095755744452
G019,127.52200672442706,147.46274987819578,124.77938792568712
G019,109.2176184280188,92.30418651553475,107.04166605715461
G019,144.61675038518482,134.71958605794677,145.81201075368247
G019,101.03129589903489,82.09059906181525,98.06122185794503
G019,110.70013016773639,101.73874755913775,106.69540208171613
G019,103.1739384180407,110.16852358458138,102.32786198759732
G019,116.09957208997888,124.95232086954245,118.20858855066187
G019,133.87427333126192,137.5555769729498,137.10097028694173
G019,137.1077734357154,140.31287697569957,139.58516750891778
G019,124.59374532016516,110.5138215996755,122.5350091366473
G020,205.637647737884,184.11958276317858,208.090392521459
G020,221.8766107801796,209.69292985234577,213.05714346906194
G020,197.6108605983901,211.0408329239759,194.22809514338428
G020,221.404678225781,221.15789769927713,219.75927072177862
G020,208.76575064337868,204.40463805682163,202.71186918866198
G020,208.88293057849256,207.61199710187523,203.85467323216827
G020,234.40799500137166,267.3107231512181,237.40442317932894
G020,220.89637932921747,233.31863521831568,222.21241812676675
G020,238.169232473436,228.86153597828857,233.91353086608444
G020,203.52659506159813,223.52759206748237,205.90928010875604
G020,234.57650776300153,233.51096850809887,241.41326074754951
G020,231.25159603467048,240.12819923500206,225.48071588996777
G020,172.6903481830679,165.65078274986817,172.9659992598572
G020,216.29132920449567,205.03705734467957,225.18626026839294
G020,240.74875601489276,250.37170794996194,243.49897551561065
G020,229.28625059855875,220.05960960616105,232.94648365701187
G020,210.9955725325195,201.6197551465417,210.0948855152688
G020,214.12353402096144,224.8975456108719,210.53269711834216
G020,198.06965816248086,184.12482980614558,203.214830789429
G020,220.70977723194224,203.6787532109693,223.65153948067137
G021,73.54282633134356,62.642641925078514,80.6910910372212
G021,54.30698377740681,49.923874216090674,55.72609787365491
G021,82.86145564047861,82.79353360661459,84.54151652229261
G021,70.14717073523728,66.26732502255233,61.43390312257918
G021,78.54504817797778,80.37257595688656,79.98614259925178
G021,90.5874929674948,116.89991113423977,90.56458097504449
G021,92.82290278924764,98.39499312003599,85.22467433577192
G021,91.30787673938227,95.01236299243958,89.36663959609417
G021,114.34882718677264,114.37074345746964,118.657235037247
G021,97.99964014139576,95.93674888139849,92.42515567296999
G021,69.33168956710297,84.12702476961996,75.14996980818417
G021,68.24833335048285,56.35319618189691,70.38493028480376
G021,115.44512307252828,113.93816877173558,114.41737666643233
G021,70.57296982929977,57.42364305628678,69.93249703699553
G021,79.86083206569606,80.90638848877678,83.59550403481903
G021,106.6957485200389,108.12435238684246,100.25447426224105
G021,106.25260032112743,117.29867841848424,115.43602905066368
G021,79.70338176625339,94.07532121605124,76.04299388334823
G021,84.15200842677669,92.1087804263786,80.70823383801479
G021,55.9962226724835,75.46333411756777,61.489679559835274
G022,210.50297562235147,193.3951750330706,217.26614031115986
G022,206.3118162955715,205.09770677904007,205.5141032395221
G022,196.26803911957603,193.04821742935664,193.91847323789096
G022,171.47633798825797,175.89664789682135,168.7415579616125
G022,183.52950153702426,195.38245334521326,192.60639712386725
G022,193.5986906569302,201.54318124462972,187.5000949569834
G022,190.3643616306992,215.82376032273365,194.16663558371505
G022,159.83035787736497,167.76296813883158,160.33171100052505
G022,206.28818057792913,201.62237047825852,214.93221448348555
G022,216.5892371171762,236.14899174309838,222.48993151115437
G022,212.5835281679837,208.80919138864775,212.18609705115463
G022,175.35420579045115,178.7365679219038,168.41759692135835
G022,197.16160188368247,199.3309370000457,203.59498117840604
G022,158.7246289188305,131.20585261910765,165.2858254232301
G022,215.97237231734994,219.29421175844132,211.00031334201688
G022,161.52394654092214,164.99722598292925,164.87749727834523
G022,196.77973163631236,194.26327097664378,193.17628216644508
G022,208.0607955169509,206.36535181384053,204.56793913831015
G022,209.99192615156534,194.57908422930316,202.75001576410315
G022,195.78165790829794,196.771217614354,199.97973143204484
G023,91.57895338511449,102.28687394204775,91.29087188810158
G023,105.948581475391,99.78789148603296,107.40484144899196
G023,94.1908269733919,117.92880605647836,96.45510048855775
G023,92.92989877703172,90.11094059366887,96.44876086722216
G023,95.40056561048958,87.79424323695449,99.808698690081
G023,68.19287976140902,71.74942822230419,57.37903462601345
G023,83.64448040525426,80.5534065955791,87.70996190388759
G023,66.06753410479588,49.66146033553007,61.35401911018352
G023,70.66276076536722,70.34887932709161,75.6760693517736
G023,82.78420990207945,101.93263919286032,84.2991093778198
G023,100.08977169710995,124.12015950638798,102.9272908771516
G023,115.03466763297402,108.23017010708534,112.60050176605567
G023,67.88355998110173,78.74685522480351,69.15549092724889
G023,86.76141366986688,88.35176712810386,78.35895706261054
G023,83.09780088139756,86.50444043722523,88.02641065656815
G023,92.06999176083302,107.2784463193979,90.58121743694934
G023,92.89760565912415,103.12246399859266,81.24674433238785
G023,89.59777488892858,91.44961987806649,94.37445088039509
G023,69.65380928777748,58.50887785955068,77.19929105771322
G023,90.08158876878205,76.59381866999183,86.13900594496401
G024,204.5436496178757,214.31727354525623,198.91594971134703
G024,181.79217193557096,189.95313047997678,183.76109182059233
G024,210.42159427037168,189.42268524522495,214.0133696545618
G024,220.68202816445563,215.21716706940322,218.19923678709557
G024,217.79324832522863,226.26110336965255,220.14955148163062
G024,217.3439506269812,223.52871851110606,215.60232905984336
G024,220.23632425099638,228.39405146665328,219.7876106697907
G024,219.03831633890496,222.81053443513807,219.59362718837153
G024,212.54940683269368,202.30696520495655,219.26918276895776
G024,206.76926078726203,221.4400351753517,209.05327568053616
G024,211.8029686713608,195.48790218080154,207.3069596829313
G024,210.51489289219117,222.34398640127603,212.83612445306616
G024,211.24614203303804,211.04964045815083,210.25079481697276
G024,199.24567991527977,181.5738292238398,197.14705807519553
G024,207.651065616804,202.89716001016043,203.87213950796405
G024,217.0233742163383,231.4683951745431,216.90520303483441
G024,220.43126504110748,213.37044500314138,220.1606690823174
G024,214.82954717178134,200.30231841000943,213.01972653133117
G024,213.0350826710316,209.56959926592594,206.7749196225894
G024,223.80672948814404,213.98982998564537,216.1244541693312
G025,209.76791453684382,196.48531958829398,208.5936886436341
G025,239.84177354528066,235.29507164230884,247.75134905513823
G025,204.4148980945536,214.85119400949793,196.89113580021805
G025,222.41620442257422,228.27964471634095,226.83063816102754
G025,225.02289906978842,227.8381003699686,227.3096995686948
G025,206.1788419041314,214.24858860955024,208.83850698396594
G025,208.24685828656368,219.672703102974,209.44299802264885
G025,200.64718717583364,190.35062246703222,201.57049783934514
G025,233.72223139676456,218.99889845103925,237.91077737787452
G025,184.46836066616623,170.62418313794893,179.27965911723842
G025,206.5001510054345,228.8042405550688,200.8906672504814
G025,227.8566881465548,215.2034972675795,228.587727705602
G025,205.47964228499643,202.66459681445636,205.71432084756654
G025,198.53078073832052,196.30504114930272,199.2672514688492
G025,210.58808278917806,222.96080477168655,217.74503121495147
G025,214.9996634252385,194.13981023842683,212.39277133422013
G025,215.60648934029723,215.13527080885635,218.98742376543066
G025,211.3194929590319,225.89215312121618,213.0495076258627
G025,218.34621003046612,231.72500717675334,228.9957408409983
G025,221.28035907498008,226.19210300821806,214.97051914323492
G026,89.04409220656089,95.11304478432025,85.44596660142618
G026,115.70498616611555,119.77909982507197,116.70697717550185
G026,83.5971641545153,68.17258743668347,85.10665374178245
G026,120.76508770979854,149.1950539456809,119.91437812605007
G026,119.86756741407385,119.52840946781285,119.39368778314527
G026,108.88013248046256,137.88308451844858,113.2633455931722
G026,102.45658332045834,92.04752596482832,105.91327172327263
G026,72.55326988300445,65.73911211657222,74.257663896142
G026,98.62818532022867,129.8241232034327,95.85183328874774
G026,74.43586783597812,61.53594008490924,77.93494534125301
G026,90.45654687288092,95.48101672118347,91.27199042127837
G026,98.94245371649899,94.88399042276224,95.5771955540499
G026,91.26287203251555,81.50192395622344,88.66684058581141
G026,110.15802705019016,136.09098220960564,115.6869419631576
G026,93.95830051010871,81.90872790038111,102.26251934173382
G026,72.6672094129859,83.43642943215308,70.28343911704877
G026,79.9950843265932,93.24683549639894,70.64377763209828
G026,76.78731686530456,64.64569939959885,79.4309035917747
G026,91.14948705056447,68.38278356031215,87.08480433264856
G026,114.60971557235035,93.24203680518589,117.90595729606814
G027,116.90158755847256,99.8319199026652,117.90593806461374
G027,85.14127794124346,82.76141533984065,86.14550662311149
G027,97.0003708778354,113.37344316531656,95.45233690347065
G027,65.23180439187273,90.79067713266713,56.17113159104757
G027,41.16823878466993,44.39740445580512,38.99745954578961
G027,85.48757713716775,76.02028479281775,92.33864801932067
G027,87.38705671265922,63.56015118741148,81.62348697488315
G027,94.26210489526491,75.7108717644425,85.9726137323972
G027,75.15043855630829,74.08378795406757,74.16550781997513
G027,64.0800327914746,66.78921795390355,62.22429099713146
G027,59.45017972340546,62.52985881636356,53.632391812105574
G027,91.75472408170144,88.59899449634055,88.36814686525099
G027,94.11197425253869,75.59330899540755,91.9471183793213
G027,70.32123543518753,51.403764278433904,68.46330034959396
G027,75.53709105686917,77.3049834287594,76.26957325749495
G027,72.53482872740764,62.64001414364236,75.71481336285963
G027,55.02949811791996,70.6875246164472,56.77133519119641
G027,86.44434449187922,68.93739144981063,87.98221380042233
G027,96.14785211034443,116.39302719439098,103.70849541022898
G027,80.10736470015834,72.10941051345111,85.03622921268216
G028,89.90526673181074,95.0753190479186,85.46716640843275
G028,71.70444152847134,34.330331097862185,74.41723364601812
G028,85.01564742416805,94.10178301434196,76.67983364036544
G028,106.91880235887184,110.96789590437658,108.94845067513306
G028,92.33490252508935,79.32474599411957,93.48786019556276
G028,88.92685543670162,79.97065423737047,88.92517175310277
G028,115.10726732934836,112.66117177346428,105.51052534285861
G028,72.79602526203392,77.75724477211753,79.84628357747467
G028,93.94547913443034,89.45715937190548,97.98832928719587
G028,103.58407726887359,117.58811456443567,103.69859476775804
G028,95.71471495490601,100.67222230451233,97.77889794319798
G028,77.90356621892997,68.46470934836131,73.6763465386254
G028,95.01418093653504,89.35999790848625,97.31941012705425
G028,107.46537701676996,110.19633249871771,114.48576917881496
G028,100.71144398471716,109.45193236394509,95.41005883101533
G028,100.11806577239851,108.27825147851998,112.23547444619007
G028,99.96441482925246,98.79328980919958,97.99823450837167
G028,97.38056976339122,99.17451033389764,101.10390519163016
G028,76.73378235047093,76.43256985380759,73.0162838322725
G028,90.71616159019918,100.58004069337494,92.47298693781454
G029,78.86048083685127,60.72498161113516,86.55751491121192
G029,85.31673184127035,58.51379400069646,86.70355164223706
G029,78.90806688464313,64.79659547143885,70.43033319238286
G029,85.12394153594921,74.89610511493288,89.04504755659522
G029,103.38468399702654,102.75425741051284,106.14714976620348
G029,69.58911273183963,47.022646803423896,67.99431442764049
G029,70.80909343852619,87.96538785449219,68.2988297784204
G029,89.45127986437028,102.21394881365848,92.73684382613423
G029,80.28254597325711,95.22459027467605,81.33529997542227
G029,73.68915519954994,67.53447262252297,75.87990658871925
G029,90.72588288991132,93.65389802286816,96.24510918665567
G029,80.27988820601777,68.91151638271387,85.64924299637435
G029,93.78749398530258,112.38520877251995,97.20980295992885
G029,88.14898996842005,73.59268921793714,90.78277113680899
G029,85.72716750412584,79.56366363363617,79.97533624711878
G029,87.7217916737502,104.80278217490176,82.70222542216199
G029,104.09399726206581,133.97174261504335,107.77734949308412
G029,108.45695849749626,107.35624075043954,111.36937100050841
G029,86.35132670147571,81.38051599335944,88.68314453568426
G029,73.29587749631492,43.21029425254446,77.07743985051042
G030,129.5451256199122,131.42425576975924,129.74161576223602
G030,106.2380589541106,109.60861486944664,103.42909556163724
G030,122.0069762389931,120.75768665224716,127.56268646300745
G030,135.01116338547126,119.97898621511133,126.72943674688825
G030,110.91830711834031,127.83259220897418,118.29363979944713
G030,150.3648931390053,137.84179073404522,141.25243897816003
G030,138.08246654490625,127.6349504870888,137.89792661513152
G030,141.6528814528561,149.52812856193904,136.77950653246717
G030,117.90392811794028,120.06242571604304,121.59475269242671
G030,100.23703257419537,90.68458807086607,96.75388102959823
G030,110.5924266756809,102.70185815791243,105.4936213605457
G030,129.34627871123152,127.44190882118659,127.8161662915609
G030,116.88622863585931,111.65324247623147,115.03668946892226
G030,131.89175166193718,139.65006755053653,123.18411606665282
G030,123.32809789723265,109.35746847815244,125.37342054422037
G030,112.22496783853701,116.58481598834209,101.45815312748636
G030,135.08450347244911,153.4509212870248,140.37802137751558
G030,141.34744463562367,143.76379094639105,139.8621526985586
G030,110.08903595149863,99.42951505370476,114.37756645841299
G030,128.7498884668694,120.07342668556845,126.04737663382338
G031,154.29735208590913,155.677910221066,153.00047524547205
G031,135.75903360072886,122.21001181465715,135.33804089618357
G031,121.30703874931599,114.83581866308973,129.8089672182919
G031,143.21497682923479,132.47366374826274,144.45345421718488
G031,123.86508587854374,136.96741589663097,114.72134852686047
G031,144.32752163183073,121.27872002613458,145.33913456890028
G031,165.2052224835374,160.95250164654485,159.43688294936715
G031,158.9611555958599,139.1724000304987,151.47944257347595
G031,144.54890593146408,144.30351047583295,140.30701304550917
G031,142.03534904579254,138.22285282865835,143.50271075934495
G031,139.7693490194158,122.8887100086451,134.75919458356142
G031,134.95794902774512,152.23476200502822,128.65228573799726
G031,149.84723820666179,168.6085532149562,148.1383113119365
G031,142.1528535232424,135.38266349229684,143.97360144044913
G031,138.7956426849113,145.0587809897006,135.66194040671078
G031,148.57184605913267,146.78616591517513,142.69288232530255
G031,114.2454789922085,117.16676748741986,104.46836222915363
G031,173.8683326623009,192.25390423154192,170.37542146665336
G031,153.97313760202056,150.74945023655064,157.77252558947154
G031,123.61468014478702,145.12068994760006,128.12408613997493
G032,135.81721860468173,132.01482234703462,136.11078009922628
G032,140.38685799368818,129.62668099080238,146.0106217269805
G032,157.46213892097836,155.7167229889687,160.8399917891916
G032,125.41642582992796,143.06114809986508,122.91525504326873
G032,143.907720878956,146.46194951631293,134.82306859831363
G032,110.38314129738383,99.19265899496995,106.29071727019735
G032,148.68105216962564,144.51279021782878,150.3425841609516
G032,131.68094165674353,138.094378455698,133.5675884106927
G032,121.11211571253094,122.13601657878037,118.85201522983127
G032,150.03909646188987,146.95136936336513,146.17944664464005
G032,121.77806295540914,129.03293791315144,114.57668937518102
G032,125.4373620661431,129.77040228747356,117.87586051794892
G032,161.49886356066995,148.5662713834493,160.94932302027254
G032,122.75621097263917,99.77721474517959,115.6699083173551
G032,128.60651183687736,134.61237027564528,128.53853488309812
G032,128.1977698276859,150.48709928362132,124.60685590408706
G032,150.2186015227778,140.3698247915845,148.30086108073104
G032,110.90791177809685,109.21577117102447,120.47206640126842
G032,157.2025224827009,173.45149907276362,157.41970386603683
G032,134.79627927742854,155.6718868626912,133.25029114459107
G033,148.60486531877046,160.33233838073326,150.75727163284677
G033,190.79696245963416,192.57046494828188,195.45642627063665
G033,183.42696979692826,201.5872499339871,183.14085015376642
G033,162.72979653275206,161.19457633928937,163.17686652060462
G033,174.14904604267292,148.18437603966046,172.5967848480952
G033,160.6360576214447,184.53330631138053,166.2172097453718
G033,176.65394195231246,162.7413472220985,175.20866772461147
G033,150.5651327317635,160.16897539377098,153.64894943108948
G033,174.72178405010135,173.19094064305042,174.26334610400667
G033,193.22877108446903,192.75373553711313,193.36757229632985
G033,177.4039426232667,179.05542890288132,171.90018065383575
G033,161.85838270183933,155.30798988714673,162.1135870567439
G033,184.95627320017428,187.19527948501013,184.8228658188144
G033,199.96786845371926,203.6599686908362,193.29166627010792
G033,181.67373400628804,191.29294074699752,178.34175222832167
G033,172.1682337018102,173.66849182406574,170.12589841531346
G033,158.6764486083404,162.50075450992392,151.79727795993304
G033,177.2443089475326,193.1825232048816,171.7670719920793
G033,199.5437246815187,188.71946296633732,206.15675955648993
G033,140.45652099300327,141.29824775583728,135.8216000861213
G034,188.69077592826073,209.96822516439266,190.1497065873496
G034,228.03792136985442,240.77619857441334,225.14888825436367
G034,223.40031505011154,216.7734805812951,217.87478219455116
G034,214.4004418726421,194.48324394993065,208.88615627442925
G034,210.89080314704754,197.40259514206477,209.88740067136104
G034,202.24908635451058,214.71374079358182,208.77884296275002
G034,205.36105518813665,201.5054239313897,204.57559828150295
G034,199.51487149497993,181.73945034193983,204.34393437322757
G034,219.5012039290627,216.80466340115748,209.3936119362621
G034,220.01010823008346,240.32258021306737,216.23613346558005
G034,223.3166189505207,242.6274613114847,217.65566468275145
G034,240.36061810979524,234.68358428235445,239.1251197714463
G034,220.23472208420037,223.93210448846034,223.70059872239204
G034,219.14511888008226,226.49806776045003,216.68601820194644
G034,224.6826622536595,206.93268041197385,219.08244972057253
G034,186.49704472997277,180.1019749056253,190.76187210528877
G034,209.69817956376693,204.83321902172034,206.26858328079672
G034,186.93964912961255,191.78827536982755,188.16616060740498
G034,233.2859750353943,227.162359151372,230.29348734430945
G034,202.23204834523847,185.4634043869808,204.5591176938066
G035,149.9692527927834,140.98758901236428,148.93813893200078
G035,147.35695174951647,147.34049737938835,148.7907850860667
G035,171.36092721310317,192.86749278132763,170.62702326508284
G035,136.83926946351346,141.77298801484733,134.04216836094432
G035,123.41191545515608,126.93779077324174,116.688650564937
G035,120.62512657539565,114.9083823535319,115.48728868739222
G035,129.08212920914528,117.15124861173634,136.65369545463136
G035,143.67160008248769,164.6573086221436,143.31582721653527
G035,127.33451020602524,125.41321494089343,121.9848713462685
G035,160.82639851616554,183.6022947545049,156.75810419740804
G035,141.04665791879415,132.83992092474523,144.9770867071941
G035,123.38660110835292,138.44603451345588,119.12442640068485
G035,131.09758668339214,128.6337854654708,128.28350344501928
G035,128.46617866086734,133.46755987467844,123.44132746002667
G035,140.7158942997892,155.31639800151726,135.04980830540043
G035,122.66128117224012,127.9596965027948,130.08205675070127
G035,157.2713501272067,166.90227434900322,156.6373471123962
G035,132.69724520897034,113.94208959861464,131.25046407714729
G035,134.4826902103477,128.95427187676947,131.77616688930084
G035,151.88913474325219,176.42540172123984,155.09517272633605
G036,190.74104745015373,195.81751372205807,194.1249024966925
G036,188.40891184770237,194.41717815877098,185.13621262614475
G036,180.99609890423952,167.38671512616696,177.27983155427714
G036,179.14259701835863,156.05211809684792,175.22199633553
G036,160.33239225958573,141.08707093459483,161.64800980685925
G036,178.97925068299386,186.38517201523217,184.55252669857916
G036,218.80929276761026,216.9704336407363,228.8179036780792
G036,167.76437478906112,145.74627692928843,173.72359669161358
G036,186.4215017896152,179.81141881165266,189.56109493939388
G036,191.391805463286,168.14762224253167,188.29433533161452
G036,204.26630081856274,201.10815832749785,204.61121776042927
G036,226.2300730736609,215.84575777750325,228.6756398576189
G036,180.40398510489655,173.7083955071644,179.85384623608252
G036,173.19937477150276,172.18711624319,181.58225231834663
G036,202.25850709607522,204.450066701203,198.56872875004566
G036,189.5510575876001,190.2657220252963,186.3374374463967
G036,216.45159398757778,231.95172600488763,218.16179644262638
G036,197.23598003026433,226.0483204848342,206.266582037892
G036,176.32396720251273,186.5475397713745,168.1666264216729
G036,183.40639734140032,181.13080875280227,179.59921639568483
G037,134.16034348292328,130.60835440610938,134.4972135854942
G037,175.2310303963009,166.9735107497837,179.87608249981125
G037,132.02181360350613,147.3684315167195,137.45827904573915
G037,160.42949863279645,164.26746705507693,166.70207742617248
G037,143.0219464251447,135.46802316915497,143.7555607007908
G037,151.237992699808,134.61441551235555,149.82141503140943
G037,128.80633211252007,114.91426734906653,126.64717841190755
G037,120.25149601466268,107.95695123962601,124.26204444018944
G037,155.97785209239512,130.10604411270305,152.8212600585333
G037,136.40499467877302,150.49225560563437,132.29412712341463
G037,130.5642128165221,131.78942113537056,133.05899891905887
G037,127.76521585607901,134.20506222783737,130.11873464088745
G037,128.66907216437312,111.64258041013721,131.5335455254466
G037,164.64300848427587,158.82171610961402,160.82152729899877
G037,130.50495938735565,127.62376516692541,131.85827680091114
G037,136.2075159080763,137.1145932709223,140.3263533238911
G037,173.84487467490374,171.3694431468378,171.68563307558193
G037,137.8598701385576,122.92077780494014,136.65324756060147
G037,144.25976302755217,157.36195374055097,142.91896978028154
G037,149.85937211323613,158.38278037922043,156.69585482587462
G038,191.57180929904231,213.80756996168435,192.00961733233922
G038,188.86908459210522,168.29259306790183,196.07199109791037
G038,221.43201795399182,237.80472004900255,218.48950655032613
G038,208.4838109179708,204.90910942783944,201.8997391993442
G038,219.66894444550962,196.11052346353958,226.84259903089853
G038,215.6657887835188,233.15800377731622,216.98178860634906
G038,226.82437044863042,242.23319716132366,223.89660661819366
G038,187.29463196774688,181.25565329980805,186.17120727257878
G038,203.46241222297667,213.8697361097819,199.35053244634636
G038,215.44526838075623,211.17453394774935,219.66556567886477
G038,215.1974002991837,215.80851558662633,218.40742583634955
G038,197.45826695191175,199.45350094969345,200.28684256068098
G038,203.7729732094027,201.00084657043254,204.7638886341414
G038,202.89271505658385,209.1851865181088,193.66752765753293
G038,212.35054481433477,216.9795328802899,207.00914203558682
G038,222.18882107240265,215.9142024099122,223.46862245465178
G038,207.54832987050176,211.10024779638857,195.60105975657817
G038,209.3845464958164,203.13749615508922,209.02789622976792
G038,180.26769474156112,181.8735186174407,175.65378908802793
G038,195.76380573877466,189.80137054810254,198.61362739071546
G039,202.7877963613595,221.07719030698067,205.60986408972235
G039,191.96884468796077,180.89088972643316,198.17536284605532
G039,188.61025592693787,183.1707150096507,192.64238822086853
G039,172.30393166656893,162.91054573698025,173.34784917670632
G039,196.31965396961212,179.5054918996817,190.85737273479683
G039,222.59326377548453,230.06438773875618,216.58087190723333
G039,161.2473579644385,148.6131192409902,161.15472421103885
G039,171.54800876045044,163.33731065000325,169.70927449514306
G039,211.8654148947553,223.1786899790917,207.65997095648746
G039,194.58089312203495,204.96345091972074,196.42456388030968
G039,182.46508035523576,175.00798979111553,187.97343665742994
G039,198.6337010669325,182.93722783388944,198.3273073847579
G039,191.89140618932515,190.6403623869634,192.2776662059098
G039,177.11469549823883,157.94030484703148,174.65335359216593
G039,176.87966097004912,164.75457046822316,173.78392688586396
G039,199.7331536872939,195.07983810732296,208.614592353104
G039,192.0535954300888,190.15603274747923,186.39974584626506
G039,203.06926186299313,196.40649932293385,202.3437508691632
G039,196.71073585943162,194.96659704214036,194.69860519367285
G039,177.6940949606307,194.27857880776824,177.19958260603653
G040,106.72807895732731,104.33738825738007,109.15370419240601
G040,89.71995948125654,90.406701713757,93.44989595704692
G040,108.6740750154219,101.77633630301075,105.96600312648988
G040,80.32343186009503,74.33015785033612,77.81858116838654
G040,97.15679612766903,103.48131823729355,93.45570744931064
G040,118.51431982917599,92.87811602431418,116.07955669151018
G040,83.1578203549831,73.56402197043988,72.74892273082668
G040,94.89840055517533,95.0010630105097,99.77534788018939
G040,114.3003384697637,118.40890393196662,108.98832160926844
G040,79.18447614830949,74.4979782936478,81.74818192261696
G040,92.7865166277058,94.42120514984309,86.94452976024724
G040,87.09963384444663,82.90605745036974,87.62526451654216
G040,75.0674930074888,52.73893021536701,69.70191045357112
G040,97.88555609138349,109.1712062657303,97.79610067564758
G040,79.15970355838428,82.3756555092468,71.96107047669854
G040,116.65795619817419,105.16967193275099,113.9943114494532
G040,92.13155731984273,109.83125676346981,95.09994066037733
G040,88.66939627630447,96.79933018713727,89.63192930277168
G040,92.43471640990535,84.9286628564579,93.20442297689986
G040,93.36345016724944,106.64225093338067,89.50048849257333
G041,149.50976091163477,134.5849324727941,148.50499843627495
G041,155.24088593164203,153.37128891162527,154.26928301887168
G041,185.09388197810176,182.01474132826053,189.58985853518485
G041,171.44800576293167,168.60700521650068,169.71915145926013
G041,167.65208268782507,165.97128203317706,167.58682308409144
G041,154.17719642578695,137.27614815958788,150.86769707363982
G041,151.9662538854387,145.37221794311836,157.8106479967114
G041,172.51447346349318,187.92862839365077,170.94347737444346
G041,157.3243784723258,171.291700947676,154.41379381664981
G041,157.85173020083076,150.88238843426979,151.01109682898377
G041,191.67296472515625,204.6917149933292,196.0210783356886
G041,148.17785674496633,136.89947442674887,145.51519577332314
G041,158.68106154982084,142.31355961394502,158.36431446065777
G041,159.15979788836054,134.95264042589724,157.31278764977316
G041,153.13515047908066,139.77917158179332,152.2958181789832
G041,141.7316485383347,147.25018042468503,132.8101820613652
G041,181.9904074997816,178.08383233606457,178.45980122464024
G041,141.71845280311513,161.6580622795595,136.84220131835247
G041,149.2909313530279,159.36416794944088,159.09371056394394
G041,166.7491255313495,162.49854878317095,172.81002221386174
G042,194.11222773449867,201.10895521263345,194.44270737582008
G042,175.9706067061356,177.46210197761815,172.53882645733242
G042,136.63991997476597,130.96743586059333,134.19533734676
G042,137.5324006313437,121.30051532249216,132.12570901478762
G042,160.8287460449244,158.74646181291732,158.36478395866598
G042,155.7701535478682,178.14364206706213,157.18849425167724
G042,159.9829309513445,154.1795861800177,165.2876370035502
G042,144.4368038968775,136.74213005597278,146.77615569948995
G042,184.4933343498908,181.6053893437325,188.13696550356335
G042,151.5440691686859,148.98964381906896,155.55404326112054
G042,173.61422654289686,166.90412689205485,172.1579071807623
G042,178.70164486659613,186.42049626649504,185.24080125062696
G042,148.03224036760585,151.94175913941754,141.94955985936207
G042,165.4564881959264,179.65093814505445,166.01170915442404
G042,180.70544750294846,187.9235719489896,178.33954880761618
G042,178.68445149809767,180.9222639412865,169.83994702080233
G042,168.08730448474714,142.85050933567385,175.5527804671847
G042,163.40635148848054,165.77211943427713,154.41673997644335
G042,157.99352805161698,150.1559709008485,161.09560415441075
G042,175.84227498190359,188.77500927654765,183.9115626771102
G043,187.5806527981884,185.93064182745837,186.97026560482976
G043,160.8294806835638,157.91982911181142,158.95169437539025
G043,185.56412258733255,177.53702928552246,186.47179157212207
G043,211.07500272655318,201.07252310065763,217.18144880207342
G043,181.47943589266688,169.45876878109766,179.18234580539158
G043,174.69524304061198,164.98212044783273,171.61459523728573
G043,154.57497819478453,159.48412978728882,158.97821992572813
G043,208.5964064732477,209.03388138963206,206.63584911849108
G043,195.48805360975655,215.3540235256367,195.74687099642296
G043,184.78093423967056,192.0209289279214,184.3053764490752
G043,204.95298555019426,197.81228295503925,213.40931741058816
G043,181.35100697374844,174.8816192460323,173.77689402487073
G043,184.30094948597377,182.22528772266682,180.6068736795492
G043,221.17154106916342,216.97128753206567,224.1001077656875
G043,175.8672424628768,175.911570904663,181.08767489454493
G043,193.66621322908995,216.96057291363098,189.0354048801233
G043,192.6640799308919,190.84033522917926,197.96886433951016
G043,190.77285820881866,192.3568220869119,188.6531977218178
G043,189.40533385129186,175.10569193776755,186.13715755080466
G043,169.71131702565748,151.70475772784835,166.87575432332036
G044,109.27454027968221,105.3341319059291,112.35912120979225
G044,88.88375314185197,99.76211822089418,87.22632199423055
G044,105.0949036135543,96.8457901509877,106.69339480057367
G044,96.27407215665201,82.81787345845964,88.04167019296865
G044,84.11378554524885,83.58845635371357,85.42904084736361
G044,127.38224143434914,105.56629707173256,125.22925994293351
G044,87.49265892573176,78.10360470635395,85.13951815689265
G044,103.5435536528098,89.8689731685455,92.17749978995705
G044,84.53249186621657,79.58253533817074,78.01108075845241
G044,95.53453907559368,111.2826426772794,87.67958135282909
G044,103.36852530909657,131.19874455712605,106.09306732341678
G044,104.42637861299153,111.54298837500946,100.27768709912355
G044,86.64909713507333,75.12154537727882,87.87903410932846
G044,100.20735008696568,108.98055738093339,103.17244201661214
G044,107.25463708294082,112.30053949456497,104.79576662915771
G044,124.26811241050098,117.03969447830124,119.64454881598486
G044,113.9777310336198,124.55065633200938,119.42502654208135
G044,118.09867674011996,112.2959119942502,119.27741293452013
G044,111.50080970032556,104.54747369123736,105.95373397058623
G044,91.99872727902343,92.68717821223562,94.16059582545248
G045,202.9502922909165,195.8042411466359,196.3891953754345
G045,208.36954328128976,218.39703929105977,200.3858858180912
G045,183.7228334580005,189.5515137897168,191.2597044829852
G045,203.351520588743,199.80524115871947,209.76408136543793
G045,150.80516321044524,144.63721763997552,147.98563508165572
G045,204.18383522207654,203.59829626501204,203.8363557406066
G045,166.5760576117783,161.1418780832825,166.80100742194946
G045,233.86023702780273,227.69426798305705,238.82456915028555
G045,201.28935090633678,199.69705305814477,199.0934573021177
G045,186.7737021839186,184.22684571780073,189.43675786634122
G045,212.9761178629858,214.25744477095938,214.20811982820135
G045,184.2102373215681,201.24768115476556,185.56307813624574
G045,197.76454159135275,208.7058004860582,202.50761616476643
G045,191.70331556633448,201.89803539038635,192.36327997445596
G045,195.9945789507416,202.2023717351265,190.22863053343852
G045,187.5837441146849,180.33828207736602,191.64456518076534
G045,202.54901134574928,189.8210732880785,200.35729594737103
G045,184.8791669721788,182.14840419620265,188.91931978085864
G045,197.66472272360105,211.8986245255541,198.85609394628855
G045,205.4043164740852,219.7946791652564,201.00319574796345
G046,110.9556823470547,100.29184938383617,112.9755299611751
G046,124.53445589865309,128.7112377665131,125.91290689876563
G046,114.41681184473056,130.52964137418155,105.77703150359753
G046,135.63195930462612,133.51250864295866,130.46948137573824
G046,109.80529743266855,89.38968102811609,101.63234823767935
G046,114.96671141014119,120.44847096738333,114.2787620191988
G046,109.98297555718393,132.15188721531095,104.06704077350065
G046,108.57272900403564,89.40597347649589,104.53509143871273
G046,116.43490237853173,128.7328217068689,109.5268213708734
G046,123.69431736356138,120.90005073029265,126.72369285218124
G046,128.8920375047874,127.79802777153674,131.57792918182943
G046,121.24678151400018,123.54760006970781,127.93538577288166
G046,113.65497760973902,113.80280807727708,112.86354354807241
G046,97.09494708572713,107.44840077445824,100.41634525253977
G046,134.61312376737106,120.6383242402887,139.69632499933343
G046,112.86691200539121,111.83443437815544,122.28109369274691
G046,126.49219057769571,115.26516567436727,120.86920821591923
G046,104.50458973080701,98.37604458857014,100.85805223277019
G046,143.194529665821,178.86542117741382,138.78022396707706
G046,130.85453252636876,120.70309246116037,124.61470512826963
G047,149.67920565697875,129.38064697038962,153.03490795811746
G047,117.78999722352472,103.3332354638877,117.80261238585818
G047,122.4713365305582,120.68860561018819,112.78279241823316
G047,143.46269242889974,127.62522647460328,142.36536130833795
G047,131.38163451476495,135.10616475552894,134.05136778409465
G047,142.19239238269466,143.46222936130127,140.31460828082285
G047,136.2210647286679,144.88752246934504,135.78578849979908
G047,154.65745159086072,177.69787680740845,156.9639544600709
G047,155.65783784769533,143.79615417882036,147.47057354942862
G047,111.3094657352809,105.53822526665539,114.88564350218235
G047,159.1014799078059,151.84982457243595,150.5798367726313
G047,131.53002386808555,126.10403035299487,131.9599527899948
G047,121.74671794037644,126.58706653815517,124.33403666762487
G047,147.8008030012637,154.99885528098943,145.54203652930053
G047,124.06172862024854,117.990202506726,126.16390047517035
G047,119.89861824914391,135.87906316003662,122.12098806415501
G047,133.58263402792363,130.3229859902754,131.1898396401144
G047,159.17514871681027,157.78449536966158,157.26544506874595
G047,111.48850663057226,100.80955894185426,115.10602314009525
G047,123.13735568339467,131.15305970990437,124.51648567792964
G048,106.92143979587765,113.66971811819013,112.65619801968447
G048,92.2189645604837,95.96067780389093,95.3321897729663
G048,84.90435547316679,97.04431381644194,85.60454960326368
G048,85.43814466319084,85.9572958533706,81.53441214119967
G048,80.71964480009808,82.55794711008495,78.09542566351602
G048,70.62669139901828,84.07623906447712,71.25606722122382
G048,91.90852929777225,86.72914052733826,99.5908400067212
G048,87.24668620525223,92.7912578278032,89.85045038791228
G048,101.72389471300319,113.66803389730693,103.40192364944328
G048,97.33464408840038,108.16658073716764,99.95183228486273
G048,106.356133666845,116.33825667708676,100.32514000963019
G048,117.64635148833796,125.14728616929443,114.67554666938422
G048,86.04493407459387,82.65962283537871,88.36916277793489
G048,97.0052500564241,108.8185279314951,101.61154874000842
G048,95.04785694179942,89.01341942845094,92.37902533834182
G048,87.65536693229346,82.61346089119492,90.17077303441374
G048,82.8637668070935,80.31579456295098,74.39303025168132
G048,101.65362793244786,108.15833050240927,103.9236159698586
G048,104.7122950154654,124.02637745610554,111.13679106504772
G048,96.5997221829853,112.45516768248754,95.69953456267432
G049,215.42490681939512,229.31403272427607,220.19701517609388
G049,176.0378980988355,179.65266877891318,166.77706345911992
G049,196.04663370292326,213.9807608977184,196.60428260752622
G049,165.5515294214806,167.08369574597128,152.81861237600236
G049,157.4687892015597,182.5170100090163,162.52821413222915
G049,152.35122299239833,159.54934979879727,142.59175825741247
G049,190.23446349566277,183.5470695363845,192.69889687799352
G049,150.42929084035785,152.6460209356771,146.36654653263028
G049,145.36031575872633,124.45992281485613,156.87636770545305
G049,166.09305582673304,180.62604821030047,160.40255667088493
G049,169.46604329913217,166.1859362204837,167.98633396193839
G049,171.16270640347915,185.956590312995,178.77939303661603
G049,156.69155048237283,183.20387492466105,158.68807747839313
G049,163.18445835372276,163.30971849995512,164.11750325122443
G049,176.15027296156674,176.60933667434145,175.11604744308386
G049,146.30282978960716,144.49088654332118,146.72822891645544
G049,176.76316821953887,181.24024809912618,173.390173549772
G049,184.38232578197042,210.97959302591363,183.637205248204
G049,195.89226739650138,211.300874374931,195.6956769707206
G049,182.1286303274823,185.0258317185372,185.41767786653563
G050,198.52157932807148,205.00542812837926,207.28270129579812
G050,163.51675260427874,149.6901099845079,163.3584541463939
G050,206.98118503802266,188.36694317013473,213.1900892850872
G050,192.68777625852883,167.79668664214122,181.99265549238342
G050,210.4140724084958,236.52554497791294,217.11950272004296
G050,193.8035666939925,201.9381832942753,188.6934343536297
G050,184.29822968374407,203.7170675457299,179.7375316053288
G050,187.93841858452754,183.44997762433965,186.58939989848682
G050,168.51817284239203,181.98838998244565,169.8532512317599
G050,182.4289743609191,177.08695084429726,177.03910233367142
G050,188.61589451955533,173.46255253781206,193.09836838478716
G050,187.84132792265854,198.00485405687473,181.35143145852155
G050,161.27535421110315,157.7419707017209,161.88749998582733
G050,193.18306459614635,196.30192748841714,189.2058924946563
G050,170.77110953538948,175.79843834429326,171.73135276451865
G050,182.6007039202824,189.6984617382709,173.52164347187528
G050,198.590068932105,196.0370516047533,194.18320400801773
G050,175.22633904141105,147.51276712543367,169.60558750453197
G050,183.94413090929376,169.68757966202085,188.03768639749055
G050,179.21870543441318,186.00463905633637,169.14011114520795
G051,89.35249827283447,102.18803593691675,99.73391994487774
G051,99.89855691835314,116.01203966056765,95.24427827936431
G051,58.83854469802473,42.510297195309235,70.16985008222662
G051,85.09654461298604,107.39808213859565,77.04121336591416
G051,109.61558512635217,110.23647977132178,106.47701856389229
G051,119.55666548550353,117.50789401027221,122.59099617185935
G051,82.1869525181719,93.30410649078283,79.4971537223102
G051,114.04236519634516,104.83595436100978,110.03701912118441
G051,99.67632576723912,105.29445533882364,100.36502270389623
G051,106.68121322987855,102.75160629924838,108.64897538850096
G051,93.86380588184987,93.44456963330255,97.79876598713129
G051,119.7759864349035,124.42505263965448,118.55130188058497
G051,71.43788140770955,71.69159965078234,62.30912147813327
G051,106.68756406181343,102.74921976652155,109.26427965584278
G051,120.1164136739122,134.57857875248658,125.94583879048375
G051,108.58833741223908,115.47253801018097,106.51267203355357
G051,92.75151219741981,98.74280631340432,96.29180657571465
G051,104.8144528119486,115.43378193364293,98.67993031549466
G051,100.9724687548042,75.90072422733007,97.72179569298592
G051,92.92131495541791,103.83261692908172,87.58238050793292
G052,120.4950918640018,134.52762657934025,125.4631907838284
G052,122.73615210218333,114.8316046263552,124.36703400704637
G052,165.15265090171062,157.4464034364636,164.9873704749902
G052,147.99450717442838,152.090682615547,150.2122182957543
G052,140.96235345078497,156.1604438323717,143.85674893345708
G052,151.04579098973232,149.8163442090842,150.59073762278226
G052,159.47058089146654,169.7005773846293,162.59668991273043
G052,146.139861124841,125.17487874042558,147.93115188455823
G052,127.76016572467728,132.61248272474916,132.0835778011511
G052,141.61789850490055,157.52177511126217,139.47702454221968
G052,133.76352886339706,135.71196268199265,132.06625061814034
G052,148.38687873630445,140.76152589903344,151.25012280943764
G052,134.50192993664695,147.83695929475786,137.693293760884
G052,141.37144513231178,129.57079478976732,141.30018600525685
G052,156.06047393690181,152.67417180446762,156.52795901900703
G052,128.32933442333686,135.69745512731214,132.65546084497265
G052,138.0932495645097,127.19844751386759,134.29357756236408
G052,136.80769733472744,168.62212136195367,131.4341464114493
G052,131.16537655248308,128.89105466925616,134.77055806367582
G052,178.6918141548055,154.54268117145043,180.45717608993013
G053,191.57556458757227,178.94884897284857,186.54176051940848
G053,184.4676998233139,196.82692620311835,183.29828273776627
G053,188.0207060221943,176.06540997961406,195.60779525655963
G053,215.68537127740413,216.21534888873504,208.9088492357364
G053,196.59300259623475,215.23876980907144,204.86839290433178
G053,179.15356068118302,188.44196924026346,182.00858351140306
G053,203.69608990314097,189.37085738567532,199.10341027530998
G053,203.73373813237959,209.94815521569205,193.7352819694069
G053,194.88910054998027,165.45381273385766,195.15896536030826
G053,194.77549208386426,175.741880739871,202.61967402148608
G053,203.3712813569589,203.79461165592974,204.426530392476
G053,207.35403429568464,197.44636408976848,209.84825722539009
G053,194.33648403549793,213.26456640975954,196.52701740671864
G053,187.3260279441112,188.92798925149503,186.22029066002244
G053,192.37848085756474,207.7095907846305,194.16594217859537
G053,210.49469690821257,211.90566861697178,207.66985215849493
G053,207.3924742529529,209.4264598279722,204.81302264076822
G053,189.47552620924216,191.54951423584487,185.31873029599623
G053,238.40317059832785,262.00137508622305,236.72026391460514
G053,233.45497046060922,252.86617232743754,231.76928171045694
G054,78.99009044757535,82.89565146311297,86.00688732723256
G054,59.3124099705349,80.39309900830563,60.19479825285791
G054,67.59111898260768,54.039140648812456,70.83370156274938
G054,80.15385786031858,83.29739295962581,78.4575017327119
G054,92.11076935920737,93.62522667524667,90.24896738601768
G054,79.83133859218137,88.20750374292373,82.0746896505097
G054,90.0353289567833,76.34088201744731,89.53423748650528
G054,61.09433830428205,80.31593415217871,68.29942683838694
G054,102.01293220433385,112.4722311484174,105.39842320613062
G054,77.25487374940624,105.08091941564876,72.59811810903126
G054,72.0854638218378,73.05307764392106,65.37948350766516
G054,84.75502541746825,77.53206587340469,85.47106649979199
G054,90.93439641231589,69.3724449086105,96.35409690821253
G054,80.78356953571777,75.11906571522977,76.07892548088493
G054,94.07427948535893,78.84727827017649,89.89199522017849
G054,57.682209514014836,33.548057575823805,68.49411547329306
G054,82.67275119724069,72.27873913294951,82.80809851785207
G054,97.08913379016201,93.94982171921946,95.5980188342257
G054,91.36706248785859,89.36410924058448,102.56522461077745
G054,79.91931120344783,110.93761629143668,78.59752348520044
G055,109.13846509647689,141.2676745818783,110.09663219287641
G055,89.15354017537855,89.12704326274522,89.34382309029563
G055,84.10624536037909,71.06135341761797,86.6342767789582
G055,122.36300997262292,141.49306951509448,123.08460956059565
G055,99.52832889007426,87.16219062641389,90.86033134055836
G055,115.248850656609,102.83194759478442,118.31540459149477
G055,91.27242511769104,113.02332734444713,93.76391244812817
G055,104.27889819571178,109.64281690051989,106.05616458053277
G055,89.44119595648458,77.33907163328273,92.77168745907231
G055,93.73069672388402,94.9455448526206,98.77524050992284
G055,134.15417057480738,151.17040793580307,140.42331393897845
G055,119.14012671125994,108.29088745888582,111.95604616889784
G055,118.11938300359637,120.71909774016362,114.71889528799235
G055,107.57398230133438,136.91598840631886,102.99889149423345
G055,102.67651880823689,101.16689512801517,100.62911630954059
G055,107.49443577427103,87.4895892797424,109.15300025148302
G055,101.43448857756727,96.89560592982671,93.4000068919344
G055,115.62514000152248,112.28596231303607,118.6356530707404
G055,106.4830440222955,100.2624234742015,99.6693277195172
G055,110.85770981631605,131.89854899749974,106.38657134039443
G056,177.42895605564212,193.9615660278717,174.44858120688798
G056,189.6433628206886,195.37552982152866,186.80852882061737
G056,153.96238389481684,161.29929554431098,157.76559795640972
G056,208.24817075991277,220.3966687443061,200.60857248065395
G056,170.34720393773026,170.3504166302902,170.87725143225032
G056,217.28415551460512,204.27266028875243,214.38804358137307
G056,161.74130038404948,161.32171148518708,159.45994670695495
G056,197.78115298981118,198.97459589026477,205.98631750556564
G056,193.36948228981979,206.90147130710443,190.21472263530794
G056,181.33168420051862,189.17009625485332,178.01458391648768
G056,163.34826195895283,157.34331650274393,156.38777840887056
G056,177.80219393663324,180.5772892830633,169.38649807364305
G056,204.170537342241,200.5927888868455,203.0841958132845
G056,197.69874472816628,191.77256170267214,194.61447306987864
G056,197.7296925484694,207.50062698139578,200.8387146579781
G056,207.21116039517202,194.67690639395482,208.12264237750716
G056,192.12690474366354,204.89335443615914,188.03111186380337
G056,183.89843279239682,179.7833835954321,190.5066366727652
G056,197.9201771824044,203.1062176929351,202.86790356633878
G056,195.28687367525208,190.48829078957462,195.37238510357102
G057,243.73000905425158,228.29094213421533,246.69039580127588
G057,223.94101900332686,209.728530639849,224.51466899215814
G057,209.830591402449,209.09633614250015,213.3942244100124
G057,219.79430022695198,208.29102263091778,223.04224837907378
G057,220.64189320502666,233.48232073592527,223.82344773168504
G057,222.1999769244349,231.10900284733887,217.81211894245146
G057,235.22384627143637,233.24460579935874,234.7883609864028
G057,222.80156385110183,212.58061410576582,220.37357471663506
G057,193.25541648597303,187.2240926699558,191.15406982506087
G057,206.0286206700635,209.52149924322055,206.58365032888986
G057,202.03847153350247,202.29092852203448,208.86003185648218
G057,223.35414244858762,220.80627305651961,232.75240869301632
G057,214.0070410280095,228.08212299144347,210.30418390497638
G057,223.32653232629428,219.1313026022529,223.14307792126047
G057,210.6208822663766,208.96430291351743,206.9986922261246
G057,207.11119841581285,213.75873726410106,203.6021038505076
G057,233.29622276745036,236.54564724297057,232.07979057379717
G057,224.08141437202613,237.05132555841277,216.783582885725
G057,214.44629386664207,208.53843408943393,216.06418272161307
G057,193.092700433191,183.74833080002443,188.01859639953358
G058,89.60910378547928,86.13340020528963,88.20910963494374
G058,111.77817002293517,87.03036064757768,112.26196806468083
G058,113.59002248187461,119.91958729538351,106.76678109244237
G058,110.65412459898813,116.42188314917999,107.58613870217145
G058,100.68290581956353,83.45888768170991,105.06402296933791
G058,77.44308003812833,69.32819230867037,73.14360643887981
G058,85.68982374447587,79.90340739643784,87.19278131275215
G058,108.2202942277346,116.35335279672196,108.04870839906668
G058,92.43597525166017,89.42644146840368,99.8320710265651
G058,96.77352857600988,108.18101550773395,97.40086719326796
G058,109.29710983230915,100.20515942464236,100.85005038939434
G058,133.2794183798882,143.50510911771087,131.3774362793223
G058,90.40427372851777,90.42406576260547,92.30481297833963
G058,108.06020743409717,103.60615582611949,110.79373390045293
G058,93.02048988783349,103.01950616552108,95.11011162285673
G058,84.69308146632181,94.24589829369746,90.40988602364126
G058,96.4140442489076,103.3181936968303,97.5510563633282
G058,97.79176619814906,96.25170595745092,89.26998217597416
G058,95.04655791757698,107.60577900617722,92.16847448669122
G058,109.21357278957449,123.53838912710944,110.1647299246485
G059,91.26646398160153,92.56271583400758,87.07977302909055
G059,90.30240836969071,99.24652189736537,85.58900922508474
G059,110.23680075256779,110.26618741623444,103.18689388388103
G059,75.46314464541936,81.14662425459598,78.16644121152274
G059,68.01646555768468,56.90465867594966,78.30047121011212
G059,67.22625299610407,51.85691573654572,63.98253039735662
G059,78.90988813091873,67.10912661431037,77.69666835823578
G059,93.55223523501756,70.17945862624205,91.92952342928241
G059,83.69925870134932,94.0171953910881,85.68432777595696
G059,75.70758399296075,104.31116314145211,80.13318935474716
G059,69.41988432098759,66.91548482227874,69.25469955817609
G059,82.51789164606443,72.9905685484072,80.71709372403551
G059,95.3469855677648,99.61576814318065,87.25884308771074
G059,102.77657295894791,121.91141714178166,105.62386600707916
G059,104.77484375327042,105.86067247619559,105.13147594266769
G059,96.70136202644805,112.1115789230629,88.5664791066026
G059,90.60732692191638,90.49302000445027,85.32407649677779
G059,76.69120031449,79.48430745329884,72.2533854819777
G059,90.71392580085056,72.51766000295467,88.70716156944333
G059,108.3033644053439,112.49949774985882,104.26429898863243
G060,201.5825259182793,209.86569588913744,204.20206782174148
G060,208.27430334483336,184.88416649663137,213.2472410713424
G060,200.15331633157402,196.90658917781653,195.43408197155875
G060,226.21415371405678,218.51271307545704,227.56137347082824
G060,209.38564416086524,195.7777877286175,209.73671034193728
G060,215.93121253957042,224.09611738884323,211.2042599009913
G060,224.14122881351048,214.92596262822838,224.82410345562602
G060,215.6973673761839,203.22441165915208,214.53781848940426
G060,213.72338924838843,225.7371004353141,210.1514159481425
G060,227.1326609294947,204.58577853220424,225.5072829793122
G060,221.47124720934838,233.87376001598668,217.07482147836896
G060,217.58947356832365,230.38316895331667,219.3812261341755
G060,210.0791379474895,185.5455235094022,211.92211910108549
G060,218.29776968610588,215.56208816646824,221.70224252939875
G060,205.06409855066022,208.50595232999794,205.51583237206052
G060,238.28598308056627,250.49955514583348,239.2354078663206
G060,220.1079129505511,213.74122326644004,217.59211927570834
G060,222.60628173483272,220.61659651080134,225.53829349893994
G060,206.23165677520856,215.16689075409914,203.41934789342554
G060,212.5037077079607,201.68280200411184,215.04458683931225
G061,127.04561046022394,124.61530378416255,131.75155448918304
G061,144.50563714028448,144.3843912690741,142.69070561937176
G061,163.17864634874917,167.80089324886333,162.7675241132585
G061,151.50111442293755,169.95524735581864,155.07607737197782
G061,131.91993435902864,131.69985255577336,131.32593327080852
G061,117.81750741219247,124.08298938846445,122.49605992590156
G061,116.11761235434703,115.0099438006203,115.35993019289536
G061,142.8647242708241,122.77592588838058,146.23424164278268
G061,141.11715025412508,154.4652108150612,136.56528332603287
G061,109.71017421368877,118.49931490137078,109.63306100298523
G061,136.27665464546706,150.69286375714572,129.63677379172987
G061,154.81524688878685,142.19048950810722,150.93233153292667
G061,138.276555771714,139.97961621280857,134.95526423394853
G061,138.1749544948011,160.99027345028242,146.87302726102862
G061,121.25750035592816,147.71392587391088,116.49339853956188
G061,149.0047426282851,149.90920706630118,157.72685407092928
G061,128.05975369039132,131.61281556686728,131.03115612958777
G061,130.10565684976464,118.58582845837432,132.18412461249048
G061,155.85288304380498,153.3822042388727,152.57154142471398
G061,123.46195790797837,114.27645876855574,127.12522875371593
G062,227.42542608045227,226.37584701858947,237.06365213837643
G062,218.7082251329916,211.8402804707314,213.1912173757387
G062,213.8852815929941,209.04080665776695,215.33201561109047
G062,223.1035356674926,230.99318331244265,217.80320639250482
G062,215.12926056934006,235.48580758062255,211.20113475525943
G062,209.63299149198664,197.42607003986396,210.14680501132008
G062,225.79646101691418,221.56599972354473,234.00706226410267
G062,207.77001166666045,205.13847974237592,215.01046438196812
G062,226.05333864038738,221.42050787335887,226.5655391111169
G062,244.3050482395036,262.31762283066325,248.92568111092433
G062,227.14472593713262,237.77262033250622,214.69962527613086
G062,205.50669794466913,222.50381351121015,203.92176256901337
G062,209.93648942862134,204.1795763702432,208.8073958241317
G062,228.65073291521813,215.48922013031503,231.2319798371524
G062,200.3867047729302,199.77331408132196,196.8599489693382
G062,240.7667940230712,231.7959108078657,236.78375505181307
G062,209.81552628912263,212.39607744778604,205.66230682040896
G062,214.82044643738536,227.53686735961912,217.38321357441203
G062,219.07203888948493,192.83303467970802,220.75848432422598
G062,261.5997281411184,270.4612204545434,259.95076021502086
G063,163.1552796302575,158.2066791735598,174.38283897253532
G063,155.85816931249565,165.15312865351038,156.43753566573986
G063,154.85691577642604,167.36814062366653,149.10569519051612
G063,133.85861735726235,136.76493085624634,130.64883680863122
G063,167.73358788168017,187.21024056053594,169.86720490261604
G063,175.68761703084294,181.00102443018386,175.27935661677492
G063,172.7421870244238,174.46304886051684,178.08858140648152
G063,205.1879123226402,230.71445771393212,209.20344477371415
G063,159.99259145367336,150.7555854488141,164.14276220340403
G063,145.92315565098596,160.26017950808875,149.80902994681668
G063,192.08534986634368,183.2720736201807,195.7761978247824
G063,188.75905708692991,195.9405735148915,188.23372216089922
G063,153.50629616525254,163.31108285957532,160.55039073333552
G063,164.3852135701919,175.86313893036046,169.47118019953513
G063,157.92182708037308,175.35616557754165,154.79038970407535
G063,173.3869082584459,165.4091329629115,175.40321902260564
G063,160.21673486144755,145.26496104871165,164.91089420447358
G063,176.82062182607368,179.37139799999196,183.35170284709807
G063,180.02015651744458,183.92817363143809,182.17711667705802
G063,195.01523491184156,194.07016627986246,198.91347295977144
G064,126.16007134970904,120.45056305512513,128.17387685512296
G064,130.05057079876008,131.98935776836765,126.00393658354616
G064,114.67107037340264,99.65918503073397,109.4134066581879
G064,129.89340279337748,123.54437945282051,132.45991206246978
G064,126.00848885295049,118.53537660543667,124.016320384742
G064,112.51531437087232,103.46437562601997,116.33972890743996
G064,138.38035611982556,154.00324404643732,142.93675091905595
G064,120.01525966786565,123.27394327810264,121.7080536878633
G064,124.07293546653808,149.8329267978513,117.61930518397253
G064,144.46403650378932,153.96447371575758,140.45558550324077
G064,120.23350939676367,124.68492635604454,111.99941888896767
G064,150.92476405487503,165.99582522175652,148.63252419385933
G064,136.98615713203768,151.04364834386857,132.98183315857625
G064,117.43272882149944,97.99110458433296,124.46864015059862
G064,108.1358037477475,98.48804925324056,111.03800843842572
G064,131.1347688498542,128.4257826919672,130.01609215493056
G064,118.93333222926798,122.35876788449153,113.44220032339791
G064,112.20692542112138,115.58322302109379,120.33234677612253
G064,110.84565258049979,92.32492299070766,106.89960055653113
G064,122.13711613052529,126.66736802619853,113.06738688767649
G065,176.30236588494995,164.04042496037025,172.8556247710792
G065,210.1647325016142,207.7324235594792,208.54268998759235
G065,182.51415988971874,179.61285241087677,182.9960355822699
G065,205.5983056155076,226.2201141038936,213.07743463251407
G065,220.49575609859954,205.1591522744922,222.29370092972889
G065,184.11448361580892,182.7392966138986,185.17667166105616
G065,196.1448828800589,193.83049237713408,205.16449991005825
G065,226.54907248023687,236.41315536095098,225.4797124942861
G065,193.8943025316967,191.08748076005628,198.29755877488074
G065,194.06474884735562,190.7012065977265,191.0212297233136
G065,193.24169449768087,193.0148295577584,193.67852061335708
G065,186.6629873140385,181.11191887311634,190.78054090348604
G065,186.00688632773472,192.61043334950483,182.78304374833934
G065,213.5969758466972,220.20955674404212,210.63501612022802
G065,216.51589423636034,206.06960263812346,215.92400511985855
G065,184.38796020270115,194.61230412676215,191.1362687815552
G065,228.01402715578334,231.96065203310206,220.58456460033705
G065,222.631025417049,221.22868204770933,219.95826747682796
G065,193.27966235895573,205.0184243515657,197.7405725203464
G065,173.08777929793757,188.51236233160336,163.2080714698241
G066,128.74439154288405,118.52329548693399,129.34336108007054
G066,156.35501878321466,158.78216690241712,162.2396400607873
G066,112.0640097886962,107.62981697437753,108.4953090998538
G066,138.69651877323633,128.26633067387095,135.92656404658607
G066,116.51397334945412,120.24052817906586,115.79219531813548
G066,130.55569292932304,140.4749090460585,125.1232241472524
G066,115.1849116411241,100.51487900103862,112.47657480765263
G066,116.75271496886944,120.93922891556166,110.07695786473617
G066,100.52825225289124,109.96283112214353,92.12864298066543
G066,83.76213467196634,80.08727666700123,85.26916933039115
G066,125.44237131334273,124.48513354278369,129.21091459697544
G066,161.7275645697865,161.78697754831748,169.54334192654292
G066,121.88939841707469,124.33235209669365,121.16507379483353
G066,118.98382551107396,105.44845182339475,123.28387109038131
G066,133.62421578216262,127.434024897631,132.2979465995543
G066,116.23079843594196,121.19333528237563,112.92508622890894
G066,118.56506417416401,109.4607875307737,121.4679660763754
G066,107.35209964973357,106.31362696919103,106.22125509555266
G066,112.35207456897916,111.4795370331103,115.31497230840297
G066,142.44736456119622,133.092538025232,143.76361156494855
G067,80.37267241412383,59.750510857143965,80.04648865653678
G067,81.34740927409857,80.41007411175686,88.59396648156505
G067,86.99648618287809,86.75667171242765,80.3100787366542
G067,110.50047271599469,125.12661840299654,104.80248971060445
G067,95.19934043299091,102.9274452696509,93.95825182876003
G067,118.22758140712898,109.27915354791301,123.21366266546781
G067,105.07158043174911,114.74676997260904,104.65821174141071
G067,94.22085273515228,97.7388875648559,88.12446944662874
G067,84.04342715923569,102.83693135987524,87.53801219756382
G067,67.4160484391428,78.25949071582399,62.356162188368025
G067,113.16157334388248,111.91777125075724,118.93544630817541
G067,116.45472755238526,128.97953330092216,120.5255552191586
G067,93.38603810370559,88.90938399834542,100.16018309267972
G067,123.11923791895543,111.60945684299477,128.76220711642165
G067,95.91964124763469,98.82488307789151,100.84841425108009
G067,96.52882379702369,103.21107288554617,99.74913531981574
G067,113.99456537625835,126.54085267228774,112.60133644995328
G067,97.0740868690304,96.72499803582568,96.6191072856233
G067,90.0734494931654,90.77011298374521,90.13693363517072
G067,91.50755051393094,100.20930460768108,92.39784263622248
G068,96.07363573482168,90.84331251592023,100.35690204247284
G068,128.33196733586732,137.8271417712416,126.84631600860405
G068,89.46813410737582,80.8381988439655,98.38728456204731
G068,123.23077288900657,135.64637023343352,127.94855067740218
G068,137.57368349534235,150.47684121354587,134.20447762527462
G068,91.78134100266067,115.61493736566962,95.64227735865629
G068,127.89491817426658,153.10669254169434,126.90963211893656
G068,105.32233961695673,96.64878730008465,107.05556556865665
G068,129.02431370452155,120.43717997266653,134.5304459388217
G068,98.60902723533908,87.64956969087719,94.89512714911608
G068,126.46806861095772,126.26732739252613,132.7928269139628
G068,96.72653256313173,95.2175075161699,95.52669389886597
G068,87.41260183596603,84.81272003439916,92.33615538645174
G068,133.57954476753602,119.79856283797298,135.572274242634
G068,94.53502811695006,110.14166687032154,92.05454339833761
G068,87.97135282957589,70.18372370503836,81.85650243245756
G068,107.55732892104045,101.10576979848074,102.0484962643894
G068,102.32649241429915,111.93065228568385,103.66429481488059
G068,124.89870389087625,132.42627538056414,120.00595731268419
G068,94.05675289625216,91.57264863726499,91.83126004876813
G069,142.7285201549976,148.51772544703473,151.09061307269272
G069,145.64062398428513,147.5636111795238,140.8642859999006
G069,161.45335254994407,167.98499358602425,168.88126784823703
G069,169.13032410241183,187.690237824789,167.53100733676536
G069,159.34811517042354,169.59979037264895,162.60844634345003
G069,162.02446517586344,143.45553862516707,160.10305022475688
G069,160.36135056354183,154.2391647642923,156.88211285164363
G069,145.76584971032563,119.28769115031355,141.71440097269118
G069,155.12728034104822,161.6913810627465,153.24922636217656
G069,126.98836230818051,121.40538382319224,128.09570287408943
G069,153.56204249172524,138.3125225715773,159.86851072538272
G069,145.93134817863216,150.2452063333982,142.3599033355745
G069,170.90896837646,157.64382015974041,171.03716464987835
G069,124.47641159628942,136.57552822672278,123.26422631735487
G069,136.29553247215742,144.90069292850862,135.9161608033075
G069,186.53464431911289,213.35033685309378,181.93087305790183
G069,163.37000448015314,154.3373082637971,157.15763039600006
G069,173.08777978606474,184.54196214087622,170.9779225793643
G069,140.51539736746398,135.1035084468061,140.37025100312127
G069,130.5386963962542,116.0923035357484,141.36117345615259
G070,155.33719220922393,155.9501592925802,163.87325010291102
G070,141.9884706532147,125.96599915017232,131.3696370742954
G070,135.76789274654502,148.86922276070337,133.7017497395159
G070,175.56157257196506,180.44716113765,172.6478907608044
G070,179.47003037503603,165.85193792707844,186.00073214371344
G070,192.56385703032325,181.60224773226497,195.56696357210978
G070,157.47285111032895,164.18394164557137,162.0826192393595
G070,167.2532414298533,146.86914764931805,170.56117821909547
G070,156.27154914611415,157.09708612281557,149.41374399735932
G070,182.78387425115739,187.12655102511496,184.67410408953555
G070,175.34092871365152,167.42102445246826,165.54071111749695
G070,149.79445521228877,146.6085953004334,151.78300058662586
G070,163.9487450551378,165.03346567618092,164.8542604109853
G070,146.42349481257213,153.35743131743945,145.61164002164173
G070,163.0804245935572,148.0957329360128,164.15379217044264
G070,140.17965111013302,133.43785892868442,143.39664703712376
G070,164.35630737451584,173.9673294402321,160.83900398125647
G070,179.30202879177196,147.9692628428563,180.9154387420504
G070,180.3720876089435,192.13723709378982,186.92475054990265
G070,142.8248551938657,158.87435770342293,144.60566852434843
G071,212.16775219924773,227.57665351187933,207.99172656101473
G071,192.91794208027937,205.95856951818536,197.5209087582869
G071,233.8132707882712,239.98295590734054,237.13688550236333
G071,206.19968041937605,207.10295655181235,213.57780022134708
G071,212.9890413538186,219.45395729067883,210.9420582097465
G071,207.91103471926758,211.69880609551367,212.99247172840577
G071,207.0514634307856,204.24630176053876,203.37958938267408
G071,203.53825184790037,219.49652382590165,204.01297900962297
G071,201.82138574196358,200.7089441605342,200.75999712022866
G071,226.37026310508,219.95315687774095,232.62384527680214
G071,232.8722653228338,212.74031267033376,234.8377649415976
G071,216.01719871763638,213.43882795343427,224.8391134458733
G071,195.05759218926204,176.65318617477823,196.85821153274895
G071,211.39269827203594,220.5453480818226,212.20099897432914
G071,245.69372563594862,236.02076624981726,245.4007744298077
G071,217.07078637921973,206.08793206322582,218.3083050573488
G071,209.4471918807393,182.2745206135095,206.22575977336803
G071,200.09838289520928,203.41200932119398,195.30559846436827
G071,220.33820361800912,216.70320118679516,217.95219890885787
G071,208.79631998835916,217.19581055819643,207.18531196295783
G072,170.53271163930563,155.69438325163367,179.81401320095625
G072,135.09366255923064,153.29126491336442,135.20844805011117
G072,133.36191075588533,132.7732299796124,138.1240220290933
G072,156.67172315837865,158.75581876146276,153.4680198627659
G072,151.3221558485712,137.36976380365127,146.85850017694813
G072,126.8765524475089,145.4028818208791,123.67370999977182
G072,150.62751735525248,149.29374062591356,150.3709420966546
G072,153.01829348292785,145.81732870238056,154.18683503223366
G072,125.33915857762936,123.89905201065154,130.0981333255817
G072,135.7477577086092,171.9124893309699,139.8985169428682
G072,148.5136047143078,148.90439146746823,145.98223166996425
G072,151.3997998753586,155.9213740937883,152.7354726809997
G072,126.67156845302313,109.5061549089192,131.53821031780873
G072,155.79039671438022,148.26624951235388,149.78143633999173
G072,146.0259654082602,123.71461546745327,142.99454089048868
G072,124.10508486900729,135.61079916134224,118.38708323949636
G072,134.19610568356939,126.04992626906034,136.93565800938367
G072,165.34125235011754,159.98195548689213,165.23857106415107
G072,143.69612499159823,145.2235767467669,139.77936856746567
G072,109.43090020323773,113.81524320433562,111.72534109422125
G073,204.9511542643501,206.42293884123106,209.4358271424082
G073,187.21632968316675,196.28501349498384,189.1625987832626
G073,195.10861382576192,205.42531904718294,197.29623862914596
G073,169.3161018030344,174.12615643522597,160.59942211133927
G073,196.94394543684496,206.22374297326652,195.17860761286036
G073,184.46773599290407,170.9816805041044,191.0141816412338
G073,164.77026601709514,149.0615138934523,161.56135551659798
G073,162.98019924692312,180.414596728483,166.84005520526011
G073,175.54325035070912,171.0050547425102,171.54996049149537
G073,201.90107356406006,209.71807087795196,201.21114116634078
G073,158.36475553031647,171.5355829459277,170.27613975017306
G073,207.78497370932385,212.19650708948387,210.80194389508944
G073,187.5378812828583,197.2303225183225,193.45801972636275
G073,193.65724358824107,179.0938382612436,193.4383006341753
G073,201.4550175943437,185.68523148594,194.5491722858361
G073,178.28120279482417,164.39091622145008,171.74652772646834
G073,189.71965771462249,182.42311983043464,193.45315247045258
G073,187.9677036734089,156.7105935424494,189.3196306105086
G073,181.31131819962204,176.47016312439084,187.86108036122707
G073,202.9835158550127,180.7600428846837,200.8409273782909
G074,179.1902794567988,187.33937299438134,178.70935741920317
G074,199.59440545876282,197.9965668075009,195.18137866697643
G074,158.38961517434456,150.9009980863463,154.00839129774812
G074,190.1848362422067,203.68307412406196,192.73527353758675
G074,176.3188226065881,180.87680153220265,182.02251235800986
G074,187.67935901172814,164.16298956581423,189.54576838128028
G074,204.84093597125212,197.14852375273153,205.3659824707473
G074,195.43179958657052,213.94494372759027,201.5786092524625
G074,199.02505128920842,197.6420576176408,193.6173478839482
G074,177.71657002491017,201.47516109433107,176.9849021373517
G074,149.5433326562667,158.58631748260933,147.7557890537822
G074,172.7332347911743,184.11673209317078,170.3765271755714
G074,193.54781242412642,173.56419300764338,189.22985349824148
G074,172.08386511307125,166.35555053899108,176.58522900998406
G074,195.18724875415606,213.28846569930823,197.84870173570638
G074,161.99553109083834,178.472925284606,160.9524528219683
G074,187.26948123155535,189.62411875101148,194.16215354176066
G074,209.6042047282328,201.64044185297323,202.88149847767644
G074,197.16232617657835,186.3892022288735,196.31883550093642
G074,176.87864147452748,173.6115441323529,172.66464975430478
G075,141.89816958610223,135.33224109969015,145.9163301235695
G075,149.26856279370182,152.84934982168267,151.866036767248
G075,139.28897561916847,137.9030023424361,143.66986823868427
G075,161.08139452011068,148.40000628594353,161.8913633845277
G075,152.812552718716,158.79379845899214,159.91318681670597
G075,151.88732771665408,146.79208370995855,156.14222386934784
G075,146.95019370156487,147.72969038580808,136.39997239611128
G075,157.4818174553793,171.8466239475498,160.92215774598446
G075,152.2944310931164,155.61198156984935,154.14853382501113
G075,153.91286651768291,170.148011918235,147.12893006191084
G075,123.1777118144485,129.757486609972,128.33231417155525
G075,162.90358667819416,155.01463276303124,162.69741618068403
G075,160.96170193023954,151.92852107710308,158.48228869660105
G075,155.01355746871195,156.16950108555702,145.71951140012513
G075,140.38240976149004,128.10194848301643,140.32260185991063
G075,145.25485459573545,150.78638724537106,145.30605536512377
G075,128.5627158217041,146.6540467552278,131.38770822691524
G075,137.42879407847926,134.91681127843188,138.55763363224708
G075,174.65613148888244,173.32445488451526,174.57460345227167
G075,142.89989019946213,165.9202437547359,139.4693420109156
G076,143.68108447912212,129.90973136846782,142.18581323700846
G076,110.0144865815121,118.49453222949595,108.174001556963
G076,127.638009483047,130.88062417742756,124.36599548795687
G076,135.21249320845362,145.21830895281155,139.27239412890444
G076,134.65888776733266,131.59485495096797,133.53601239553498
G076,145.4272188700307,137.0812645193732,141.90650973308013
G076,162.5278934181938,156.2266853259367,155.15652390589472
G076,130.48692403674727,127.23671509669678,136.69898158049818
G076,131.74465081849795,130.15415041754622,136.14493306991736
G076,129.37313284105758,118.0220561877182,129.1785669399219
G076,103.28990328799978,99.76443022987245,105.25354982783519
G076,153.34546216101933,131.23285125259574,152.89895798116908
G076,140.2904218872366,135.69348844151355,143.64927133548747
G076,145.85305481254852,143.73551113644749,147.372964907331
G076,135.8148200043411,159.29374308779754,133.86799765541082
G076,148.10748884851517,167.15852772781625,145.3745646225562
G076,131.79452147624738,146.54461934507984,126.12051675941709
G076,145.8649793071861,155.07932764262088,144.34354953188054
G076,126.04227280257098,125.68580871459444,131.22736420786333
G076,153.54925272419288,133.28255339102913,145.58813757338928
G077,94.7585702045337,95.70799746513529,94.80397995784746
G077,78.75269283495729,90.14646568428643,77.13373319897227
G077,64.25161517307276,79.04575282857724,65.21840713676379
G077,78.8103539453319,93.79767982121714,83.1240136018732
G077,78.88773716446883,67.06014139566028,78.19167394586107
G077,96.37674484592164,88.03512586195231,96.0204375007299
G077,95.3989989299237,95.70306168855751,89.42742552304269
G077,83.68713933506801,74.91032215212584,87.63758184345336
G077,96.66437276446824,120.30482997303679,93.85604172442925
G077,75.6035218907706,53.08341391717546,79.78436306429984
G077,88.47343663621945,90.90792370511436,90.8429983505894
G077,104.6167159124962,86.98816024616642,110.34852967825238
G077,83.07488327529548,70.11332433520012,85.0048233488342
G077,86.7365383081552,102.2729106262004,82.76860272984177
G077,67.61171792335239,66.22228449247818,78.18309293714152
G077,85.05409621834077,86.51031673609869,90.66199031611842
G077,95.11738403227717,100.80144240775445,95.21170404337172
G077,80.75494903052996,75.0999101027406,77.78349482664436
G077,109.76913232770904,116.90016402439977,105.03791694257687
G077,97.67785556075943,104.97453211817937,104.69352013537772
G078,175.6089609453269,184.38749339514942,174.0239575337336
G078,183.39560531259343,186.09429193221067,178.416030819571
G078,175.31230869810003,155.12064870316294,178.8596187451791
G078,178.64826316430532,183.82167757719125,172.97648608358202
G078,168.71966433354882,173.39467528441347,171.57456545830496
G078,181.48154101988493,189.34996625758214,183.8325065159573
G078,186.05873846928324,171.04379930626672,187.1961184324962
G078,169.18999633347977,163.47629728066806,168.05433741873554
G078,175.83373073369518,181.0926798534777,185.23541160781915
G078,165.53831627095903,146.380462207185,165.89832626234892
G078,174.7040126421957,192.63563133080007,183.00385538012654
G078,190.84529643581544,195.17407951027866,193.6550055455674
G078,176.3508719181623,170.78555116060008,182.53836582285237
G078,165.22326058973604,181.41860848071008,163.18893443983796
G078,169.75524264208107,184.29403500208295,172.10950469495972
G078,154.61647476248905,150.13306861479373,154.90139359283157
G078,166.64735119537548,155.52420485494707,165.7774347322559
G078,189.910978973463,199.355748024647,184.49991381067605
G078,194.0593044242992,226.82691385975704,194.60008562237027
G078,144.5767683480443,147.62938546685095,154.6278450961682
G079,217.78297044202967,220.82010184030145,214.55212411353165
G079,248.9783004948906,247.6713738465539,244.1625209985042
G079,222.60312390483773,213.79804186210842,226.84686468646498
G079,207.7592429983548,214.48567352445465,209.94975294733158
G079,218.91911286082228,221.8930266030182,218.75377290062198
G079,227.45361761682466,236.2783540111868,224.48179300062802
G079,231.22426478734346,254.22738023930705,238.95965035377571
G079,222.8125503089134,223.72954794177846,220.9957775346536
G079,220.23533656923877,217.85751226585046,223.25431229378782
G079,229.16047526955012,194.82108169306719,223.7561918362416
G079,221.75042830830364,228.20582489745024,226.60940695955003
G079,204.61340487565064,196.74540457962115,207.75014238707843
G079,217.83603379233466,208.94215802109403,213.8864653324848
G079,219.88165569918255,213.09433837400948,220.2559464376627
G079,213.05500987379688,218.5563217357487,208.43601885253415
G079,226.51906797178287,223.2966093891247,225.08762183531076
G079,221.98405709555496,218.96668126127744,216.2135186895962
G079,210.1626136465287,206.48723570749348,211.0196163894971
G079,239.07678768739189,238.75048523654849,243.64113280547602
G079,214.02438926485732,210.21504546326088,211.09093613531812
G080,220.04528148152056,213.91420623494898,217.93001646574407
G080,188.63279086560127,205.2657112825398,192.46611659048855
G080,217.21005240675595,206.77963521309462,216.84568442977516
G080,208.24083996904983,195.1834257322304,203.42150344737342
G080,215.77937845041933,196.1840816300765,214.39651787194524
G080,174.35737691432075,163.9234040878497,180.020130889301
G080,199.20818108680754,197.51888944168064,194.65761401436086
G080,210.3247630911469,204.4783653122706,210.49173916985364
G080,226.71230003050482,252.5125844351685,227.02214060266948
G080,195.4227994853858,185.28935513789264,199.35101567245437
G080,195.187488530847,183.5424548334249,192.197322802796
G080,210.4851951523188,208.7071884715242,215.65948054586383
G080,207.4795612260254,221.14016931987987,205.3277084664976
G080,218.81889536861533,213.1038980033571,221.93850863716324
G080,203.65416103918048,205.26917089741778,208.32432695978883
G080,216.11685305588628,218.0758596023008,223.7764715637976
G080,199.7661553866892,194.2846238224199,207.66199022851438
G080,215.9466956058519,215.0483699401038,211.52300580816816
G080,228.63888038434467,214.19785878351732,235.10219719149669
G080,206.28959748577304,175.60400665452272,199.4220734061777
G081,194.125472967289,187.53483037433767,189.97678528487768
G081,170.3034674576022,197.72964701399385,178.490265242198
G081,191.0769567639503,194.2059635136141,192.7868074205578
G081,197.5238252906293,223.9884772971553,196.3360616378405
G081,203.18304297051435,186.27073245760317,193.59467047702765
G081,187.5396812730728,178.9464949023182,192.31963675613125
G081,208.82208959820883,225.08894197957872,212.64720404333292
G081,190.8832052462199,183.29352909410574,187.63366071428044
G081,202.72011547291822,194.60392966232817,204.51148652996267
G081,205.31641292968703,211.68813099014483,209.4947941827902
G081,217.90645338207344,209.49430075208426,211.90383067459322
G081,188.63124207703666,180.18904164479878,192.02350251870615
G081,198.61982377132404,207.90130516259285,199.62699961435152
G081,188.72599255240934,185.31788074158158,184.65171770784426
G081,187.46810149079755,189.13041065605748,185.67112458993873
G081,177.57417360541547,191.334021938744,175.72493857887895
G081,205.1307766960473,220.08034757696018,202.01047771501393
G081,175.95020205772943,186.2519702757117,174.37348051370628
G081,171.90258835667518,195.84112284558495,163.39832897489023
G081,187.70189229063212,183.34113381408378,186.89200811090586
G082,137.02744451912668,120.26522289369103,139.23639561033775
G082,121.40645727343585,140.70122355380707,123.38500920420782
G082,139.0054106872505,145.05143270021924,139.81524194756125
G082,141.70518250244763,149.9972684809374,146.76849670664762
G082,139.31504657716727,138.41926240758758,134.59422736490666
G082,148.18007230385987,158.15007210083178,142.34517787905384
G082,116.90299201827338,100.55348909057932,108.27522917021346
G082,147.09646259725423,158.07306955175093,148.23675988294812
G082,114.1455892155014,106.89844386196533,116.53037680971772
G082,134.31880281023513,138.6115368443258,135.21114560557754
G082,107.91763218689331,116.57173313786296,108.55436740575762
G082,135.6701600582886,144.32342881263486,126.48229439231
G082,106.01795866265367,116.53541375394225,108.16467849244829
G082,134.68411346671894,139.94168806340144,133.2835866707191
G082,174.7318002996022,158.7654979816561,182.5621662663795
G082,105.2736553521033,118.21054489198711,99.6739751143541
G082,133.46184368536728,137.33903387903516,128.50300578611345
G082,134.91639693607436,138.41503830448522,136.49924294889135
G082,131.1713323801838,114.57623509392525,122.81519500059773
G082,140.9327304615654,140.56430194005614,137.37118025640527
G083,138.5027488278232,153.90009316402313,148.03456200829157
G083,125.83810110416839,123.07043622013481,123.35236199184698
G083,158.67300021421622,163.22412370241616,159.5475835034473
G083,138.07529299817475,119.66733153357863,146.85737576417716
G083,135.97435634381296,146.19713494260432,140.87352983742423
G083,123.82282151630343,120.58627980016564,116.88086494073345
G083,151.4194666083494,170.80510884577146,155.28322331881017
G083,106.84557055436437,114.23389749564022,113.75885929083942
G083,150.7618061333671,156.36201719483824,152.753320762418
G083,146.27446961999118,124.6857638252127,149.26089734306257
G083,132.53025112465073,114.5581446941802,128.2013149069956
G083,162.2815266906157,160.96816349415985,162.1355968008384
G083,136.05407942194742,128.19873177867078,133.8404660665401
G083,137.1431140571093,130.764456920971,131.12544259430874
G083,119.13590364808692,114.71667805231833,115.51176104899166
G083,124.89881348821228,114.65047762437175,122.89896506082016
G083,141.142648684346,151.58408845324362,137.36246563684034
G083,140.99357368419751,145.98890975242637,137.54002144569097
G083,136.7976073694713,155.75838688121576,133.66454278208556
G083,136.37598257601016,124.26511842557446,142.61239500973056
G084,255.31371595255447,230.58905136432503,253.9631052143974
G084,207.5892724611586,214.82287977208344,209.53010771127342
G084,224.41910724475278,219.63406413272216,222.83187918750815
G084,220.8932646159146,235.89687541795132,222.86099152440272
G084,210.6945979905231,214.0122223899726,216.9831796244965
G084,207.1824627748601,195.48248816805176,213.4981743932983
G084,232.8025609387641,220.35849608650432,222.91549068875258
G084,233.57928515924527,220.1199165656512,230.49584343752693
G084,249.82702457538892,233.9154208066073,249.24976401038984
G084,202.24959714172974,208.25325228477087,207.0280292612416
G084,240.42029431863517,227.20054375849753,238.66810314927733
G084,211.30464164793386,203.97724661343366,219.1040545962787
G084,203.49743975980167,203.534313663049,206.25085463933064
G084,232.47728002407055,229.1724760063824,228.48609602925134
G084,218.20620052513655,219.05692584591668,214.26315171619748
G084,243.5215746787792,251.93445479770028,240.03929896773596
G084,191.96024774608608,197.79623068466088,184.52287653440686
G084,236.42030409583313,223.16566623266226,235.17255722659425
G084,204.64901689255893,204.48190553313054,210.9391554571804
G084,208.0980405222026,190.26186843963512,209.99324491040647
G085,190.74103714487407,195.0316270920954,186.8612523680713
G085,187.49613612484455,209.1207542948194,185.6229828548785
G085,193.65734627699294,180.52700375294415,193.53290776469956
G085,186.31184699382726,161.34188379308472,186.32345470995122
G085,229.37099792232098,222.8786710574782,229.87141439649636
G085,195.64952290249806,192.44682496224993,202.71295379775728
G085,215.15125152324953,206.463372120473,216.3848563875551
G085,204.73578547806872,232.07048402954058,205.9086370192514
G085,191.4703516122708,157.07223305129966,197.98059218875682
G085,215.1485399915349,201.67807497824123,220.36773139589593
G085,208.50784973568744,202.03722194594906,204.7565445808896
G085,205.60162124131446,210.9827332691264,207.37336788117543
G085,199.67180683085624,209.07893741820249,196.1083821750803
G085,204.04049485628752,204.64616520909047,204.23958155601633
G085,208.36764567460392,215.41400513248757,215.23851933201524
G085,225.90556516148825,221.99960609454754,226.47878321408277
G085,195.76139656040996,175.5629631259002,194.1792712006917
G085,193.1513005522055,193.1942164982709,187.1900121547811
G085,182.72777600593892,169.5040126765046,184.48491703283497
G085,198.1279365021502,170.69153039882218,197.72241814775248
G086,225.79992053495812,225.4318486513192,222.86179066559106
G086,226.32091240487733,196.37346290934096,222.7020192919322
G086,232.38666442281047,238.0926237765505,226.45949873348238
G086,212.56964876352276,210.28008483689578,213.90593993690518
G086,235.29420423821716,223.48329273984612,234.68392530921085
G086,189.7693548984292,212.32100888620184,193.55697875202273
G086,232.03412753661806,237.6521995348427,229.90255764003857
G086,198.60321723737403,193.25897464024354,191.5087090621706
G086,188.23550263549558,180.8473801898773,188.42647049276877
G086,211.39598504547706,214.51664561002815,207.36740922673224
G086,210.41667364904544,220.71382502354845,207.47176800226336
G086,228.39028076391966,229.92479925433662,233.14237817502453
G086,203.08428372981174,209.84437901957455,205.119966823554
G086,196.6292217966978,185.20887006641505,194.55349484994068
G086,216.6450089921034,214.0730309917921,216.46930475895766
G086,221.91865712873852,234.3135413115378,216.53940512294125
G086,202.18168572552037,203.58482687914466,196.01512677021688
G086,216.5937815761235,223.8549972454013,219.06996230489338
G086,196.77335619899344,193.3652114578768,201.94586791970593
G086,216.60521824029485,232.24158698103537,218.39826888750756
G087,141.30809903317297,137.05809670446567,153.21206114280238
G087,141.76588377032988,138.20869946833542,139.28051639219112
G087,142.28796069571297,124.47672902055591,139.92938440428816
G087,123.21895904252422,120.50889996090342,122.94402458749042
G087,150.16506824962215,135.9750747582231,150.742028173864
G087,140.2293283757063,128.68753652685885,129.83110361711638
G087,126.36123170346781,132.17639221211098,126.25612573560755
G087,115.43100009518427,108.77939695333467,112.70119785246776
G087,124.91979258129867,150.7960901052988,124.2249852406241
G087,131.43428681664867,128.25938511552255,126.99621662198811
G087,146.61175384529574,156.31266676407267,150.2250990954775
G087,154.78433011714228,159.2015030235478,159.5457936488551
G087,119.79641521756085,102.22619048923895,122.25857268811548
G087,153.20724088142455,126.21795852644446,157.13381017328254
G087,155.11346942434133,134.92303037391292,151.10312168783923
G087,131.81968677214542,129.39387440256428,127.89734248648531
G087,131.67268516860426,144.54694999984986,128.89666100463484
G087,171.13053956188543,163.33008442353668,174.28293979009254
G087,139.5904263777889,141.41800384198817,143.82625730317523
G087,152.1573314538675,154.13866126436508,156.22758693262173
G088,209.4584627930748,235.5032200660937,205.42423145515463
G088,217.57943221348083,217.0368598071714,213.7603393996981
G088,194.77423094250312,186.70855493518934,188.92749039385257
G088,199.82392893208973,208.7949538124065,197.32710108825515
G088,211.1262192654246,221.8213109496043,219.12764451271707
G088,228.73036664328671,232.50535115451834,228.29953250244543
G088,214.60328335701956,179.71766289274422,214.46258245312765
G088,204.72460690454176,204.06679558317515,205.03193379395265
G088,197.7545561203769,196.86531486360403,200.34933200897527
G088,207.34064335469984,206.06017376375635,212.69825683036083
G088,164.19805013670359,171.6741997663512,163.25762708563153
G088,215.94184293148314,218.93535146774647,219.56819315850308
G088,212.50534783382753,209.59743907605483,226.4738343481819
G088,192.4155277917665,174.86690170640978,181.0976987951324
G088,210.25883401383842,218.37457390931056,208.8853374129909
G088,206.1371783152342,203.13336180197206,205.80974640493542
G088,189.74527762771126,191.6796171790525,189.89951707741707
G088,225.76311261764386,239.6844642958388,226.64658702831255
G088,207.82297804010463,218.02906272119284,204.867628418248
G088,189.58012869257956,191.86665048570615,203.73278284160241
G089,173.98339806006692,180.44441411735957,182.10308045095925
G089,167.28318867814426,160.18409437729392,168.51321441961113
G089,178.6101209686669,184.12706779458733,180.46282108951957
G089,178.5703701843993,179.60085660680164,173.22292782422593
G089,175.251332020504,173.33357120537704,173.20529627411304
G089,191.82523326982087,178.37513341116195,192.26836124627405
G089,168.50493842618158,184.1120702628424,172.92599042991804
G089,185.7536270614167,181.2668596391921,188.50176681225688
G089,148.52093168146985,133.75903936254306,147.76083478093727
G089,185.89303394871993,201.95206602969608,185.05123607345715
G089,178.71054953756828,168.56252547936023,175.02406374452946
G089,179.26329740915352,168.5800927174686,172.91282448092295
G089,172.71166703910959,174.65015239902425,168.63037511714572
G089,165.70862131267742,148.51676045396866,165.4124863404779
G089,135.43876032825142,127.46957080934128,136.43558325335695
G089,162.10655533889704,140.50058114923553,161.11905340698965
G089,166.8357212556284,144.0464712550669,168.13590314898053
G089,159.0818290972317,158.93341266982569,167.2179254864041
G089,176.84625419747366,174.31977446164177,177.81675427191436
G089,165.04227174349919,180.09161928977332,163.6624810043974
G090,69.24046234067319,59.58973093050912,66.98621851215574
G090,107.825203039301,90.59926050919034,112.07787337576438
G090,102.91546232987157,100.97904156003587,98.28818744982323
G090,103.13527608110245,94.17317616129975,101.57539894332834
G090,86.12615338746336,106.54627835560939,85.04202925725164
G090,87.35526427028412,104.26080043199434,93.8398403957753
G090,78.30816021261106,80.57944943419797,78.70896195989395
G090,100.10178990831484,116.21724688596069,94.46755095276518
G090,142.10403136600019,151.10327745417862,136.4672919916417
G090,106.15809687789748,106.77871149264709,115.01253672955853
G090,130.0919666551033,138.84280249203525,132.52029720270053
G090,87.40610712919158,96.27392816681626,85.36566341037552
G090,101.72358393085679,102.0236509578052,105.50185645171248
G090,114.84310858104514,107.30253773868948,111.79048973974889
G090,117.57902064362882,114.90277879124639,119.30009124916386
G090,73.0203330614257,75.58924450187693,70.17026691025757
G090,92.2449606458266,108.37221501583436,92.82763454058079
G090,114.16547430036704,106.63138935959277,108.82624947031685
G090,124.16001386765322,122.25641910266042,125.897935756812
G090,89.13906344308165,103.50116709423345,93.87106406910401
G091,181.77624160208683,169.46302756040126,172.22243738956917
G091,161.51048695366347,158.67804224166483,166.37948485850853
G091,169.06107707661553,175.98813671923725,168.97649108001028
G091,175.89190832608017,174.43888856906295,175.300157064269
G091,185.44090342045845,174.45538116585033,190.4632995799808
G091,173.94791405455922,165.06514144135306,178.0443326685142
G091,165.45691242205936,159.67437190959177,171.0571920917717
G091,155.7124578428585,173.20337690432237,159.43166456223412
G091,170.85263700212337,154.80019320129117,169.72423109242968
G091,155.51136366245672,168.10117862726565,153.50234466711203
G091,184.96845867277548,168.97886330006492,182.6367754972342
G091,146.14957140115078,139.80699393520882,140.90832627814834
G091,176.36942863560162,182.23361840938782,180.9132397029334
G091,169.19671379927735,159.77313171172958,172.79783681787498
G091,168.55678205587964,167.4050014354521,170.02712640614783
G091,172.4946900199247,168.88844686380855,170.66015264315084
G091,182.4456491850334,170.94532320775446,178.88063518444758
G091,177.5626147959186,197.28474363031023,175.73025750838696
G091,152.77617019746592,150.68630492937393,151.77331554985454
G091,188.70933516417702,207.16883264236412,191.02414503926437
G092,153.0318172034691,138.36867408205364,153.51864111444294
G092,177.8815167627462,158.0342086629442,177.13251772687173
G092,178.90493689400367,210.81445537876908,173.11646357776993
G092,181.176443303257,181.03927102238276,177.23351047313233
G092,160.76070838818103,172.78561280620295,162.63091628725394
G092,180.1947394214002,188.18990218230277,177.1708590904839
G092,171.70784248890968,192.9908580837952,174.27300130693396
G092,184.21453161337237,183.5572578780178,182.0606842242487
G092,181.9813533368721,153.4392925619321,183.23602767193856
G092,186.98174273110342,171.93781732697357,184.20254987370308
G092,198.8704761491241,196.35306389370876,202.44678772996096
G092,183.78988964575092,176.8063460116632,181.82944863610746
G092,185.20982218490448,192.64531146444983,179.728156418767
G092,190.6548681829048,184.89600691542995,191.92909188636605
G092,164.1843788372444,186.81895875108032,168.70453206844329
G092,169.04342886650082,161.52566016666228,166.00159361358374
G092,176.1560702356813,181.05019423746523,175.67757032115006
G092,171.74856470257845,153.65010117116933,170.12958435991243
G092,200.74100923931667,212.7634810651329,205.08979212625457
G092,177.33606336580627,158.31716398736617,174.32340374290408
G093,118.57940060839783,124.43311405319866,114.55028131422156
G093,141.24987762950462,130.43470236776903,130.27070432317765
G093,126.39083738872016,137.53654447123967,128.72219935833823
G093,142.2975985898362,138.7711957990061,150.88429288356463
G093,125.91684357686873,124.37678168380157,122.98986927582177
G093,129.33820928144465,150.06879160398412,132.1429562921401
G093,115.57588002170512,131.09677075093794,115.42490384846363
G093,127.36335806158297,133.1077344349205,125.52365630985352
G093,105.90221545356583,103.06837016060054,115.49656059286028
G093,131.01290378000212,116.67258670269696,125.70603819065586
G093,113.99132177761524,125.53514345615997,116.97397568252597
G093,129.64341330935986,129.084718352394,123.8000458386039
G093,131.22205175671021,130.68395558561656,126.26018993892488
G093,137.5745931048222,113.06768359898382,140.7958774632674
G093,127.70208177705905,114.54443728928634,123.2246235877283
G093,122.28779718032955,98.34341165770894,122.21140389587087
G093,162.425154666837,163.23263947113645,159.98288772114813
G093,148.96264399072132,147.53786120308357,149.94193390149994
G093,134.89749353498988,112.93641310614596,131.6337152732297
G093,113.82207104587762,113.11427628898385,115.98763205422067
G094,146.29869884928218,148.26727980949985,149.82945047001493
G094,141.46584305863027,125.43922821813081,139.44576991175708
G094,129.8195098851547,129.14758497041714,124.20751135982394
G094,126.22398359924819,134.7254432522751,126.79773067685576
G094,137.43847065064253,141.0586720433306,128.56428854623147
G094,111.16429370706561,129.89105137094137,112.40200561314609
G094,181.4683938617635,183.7978978110496,188.1900181649045
G094,160.52386581130685,149.65503006844386,162.26816998026268
G094,153.22470871806834,158.17412009764,151.36226200221193
G094,172.46816063935518,180.2891155431222,169.705610735603
G094,113.57470439345201,107.94559089200976,113.41567297495408
G094,157.32603434201405,164.53508503145403,166.62480516826258
G094,123.16036796594327,132.98722430287253,126.70953523630384
G094,151.79631068053465,144.77029100441797,151.28805454566933
G094,145.87184672111215,155.55275805833352,144.26366156758928
G094,122.38984377865731,134.56708776281562,123.30677241769136
G094,156.76894596727396,142.53122760623228,165.10424932895603
G094,163.78107363255415,163.44682443635875,159.23306536379346
G094,150.8877319502283,160.17774552809522,147.7762335292852
G094,149.48498241915877,150.68273556534177,147.0912380457916
G095,121.32376345844025,123.52189832885492,120.25812941870016
G095,145.54462699795164,143.24644565012665,149.58873623279806
G095,126.78881170532533,124.67360661526848,129.54788475294498
G095,91.69790272727664,89.43096064951871,91.54798137922668
G095,95.59865412724875,101.93260160733942,98.68670732832871
G095,112.69468082167587,102.75694838063556,116.3159235916704
G095,117.15497033042658,132.46774771212776,116.07505928454658
G095,122.11585626350848,132.90379683665657,122.78984161752564
G095,106.39987666539264,114.99260973183769,102.18034906432217
G095,112.54510793122927,117.33435717976738,124.00611973272936
G095,99.02192160010306,101.6749129507254,95.58180842570572
G095,101.06905923990482,116.04797908794474,103.20757653854443
G095,115.25142115530265,125.5902358783356,115.84072484903663
G095,131.21752307575338,134.3830959977773,135.89898283948142
G095,96.97887213176877,101.74295574210096,94.7586121728636
G095,132.47727327462104,151.49660016160692,137.00536944029653
G095,112.47951520837834,132.12417582229168,118.70870894323782
G095,103.31139062716895,120.81655138813592,104.86208490369627
G095,127.17310437227525,125.22196244704084,125.7145433017223
G095,111.9871241462958,129.70815871278683,114.80301610352653
G096,116.1421533152259,90.00052397843886,116.17387110874606
G096,133.42469847542222,149.1716541781004,140.12757843303277
G096,116.86102848772764,103.73175579959832,114.25866946659487
G096,80.10040203115952,70.6378435474501,79.84808338253357
G096,102.88757705481379,102.09197645059758,102.71587404834348
G096,113.04871448493029,121.50318732708007,116.456518665026
G096,107.5122285056374,100.51995574212536,101.34999941477263
G096,85.09894523490415,90.9925805684141,89.0239497959131
G096,95.14702147727567,117.03047339483027,93.58468830575687
G096,125.55611556342532,130.36148659589696,122.95308961900666
G096,114.38596169280044,106.50672345822952,115.68964381585482
G096,74.13491206554724,87.94785721594336,65.31431406012305
G096,128.4275405462651,117.9462064168854,131.1148693515225
G096,110.18298928832705,105.02424090153065,106.40801392251649
G096,111.9590335274763,118.5704490089132,113.80896690661923
G096,94.15639972119608,99.2857643892425,96.48691918425455
G096,120.66975620892973,101.97383777829432,134.79174617393696
G096,102.80179307809277,127.32932772760029,90.8132755529189
G096,108.72790167369025,116.11643254560784,104.64637958655855
G096,96.33521789120415,112.179655426462,105.11960580085355
G097,154.28144448812654,140.63153848493792,158.94246421717463
G097,153.29600174179345,154.85978228234555,149.9688366219628
G097,147.75257157215202,133.6538444374408,145.37103421138553
G097,186.65935024302217,182.22290999014768,187.04651114366683
G097,157.22596329471588,178.66916393075266,170.65121576535182
G097,150.66346342255397,140.29664310829568,152.78128241595363
G097,177.86276927868894,178.08784403402788,177.67851062770498
G097,150.01736151004332,162.6883035661842,151.1237201904001
G097,155.4231816313856,168.67310731299753,159.73259156095207
G097,154.3275686693941,162.15605401528245,162.36765381303513
G097,184.7433413118307,184.23318198734003,184.2022907185503
G097,150.57999385721118,164.6199173998669,147.81246638204254
G097,137.30810003317117,132.45625580967626,134.63766344190614
G097,167.07858888088325,191.79012800776883,164.45342770730798
G097,142.07874609110368,144.6055212796863,146.08701287381945
G097,146.88304262039358,128.09679225575886,149.12293922074542
G097,161.67899968100994,191.25201769075287,164.88767864738765
G097,152.06639165883388,146.56407830958057,159.9498830915718
G097,138.44547210961997,143.76843541260462,137.44105211003966
G097,156.84909580656017,167.93244905660856,161.79391846642216
G098,207.1064967935526,204.39049359377006,212.21704413635084
G098,206.59983929090018,205.4771344907653,208.9698160582787
G098,209.15061787959004,192.92824232418832,209.655518701022
G098,215.3277821668383,207.3769168076232,224.96642898762119
G098,228.12532257772062,227.14371850805782,227.90984568301397
G098,229.32216789587463,239.87522028534454,236.73163516683644
G098,218.6667660112228,237.91588913414049,216.32552636012383
G098,229.74977215675054,234.0660664484003,234.96529789294485
G098,217.90952404245337,203.6755314138693,211.37955846316402
G098,219.1420450000284,210.38192750360972,222.52761627128544
G098,212.03951727595296,217.1827317661796,209.1155260170958
G098,243.9215840330845,237.99478138848917,242.49998619537882
G098,238.39254149830847,225.1904034279826,237.2257017374916
G098,206.51432357464702,202.8240394831977,203.78462726694397
G098,226.94801513571423,226.77286209625655,214.5259022516828
G098,217.4876495323067,222.4152309845823,226.30766725189693
G098,210.48157001267379,199.38017133508774,208.75172105094603
G098,224.98620656549596,223.28942267951544,218.7670436235724
G098,216.59194604744036,224.20907280502007,222.04241215291157
G098,216.28142637458146,224.56347477317203,223.7787932907406
G099,165.57564619921035,156.04783198168954,163.24142836819735
G099,150.28946139364925,151.78403151929223,155.38613897979178
G099,174.64612377627313,161.50581813266018,172.4859633433002
G099,153.5794826021998,150.1553333714962,150.82021664213494
G099,197.49214310954488,164.84876287325494,207.816896841043
G099,166.28349469071335,167.00896673694007,168.16468049554751
G099,176.7088917750217,165.25489419492072,173.1595793019925
G099,155.58222909356564,141.4279591866831,148.49068354622054
G099,159.86418557614294,150.25829635874936,153.81941410951416
G099,174.47753962029523,169.6040436272118,179.51775169379084
G099,152.53102578182788,145.813472209136,152.58354173047445
G099,181.4164345772973,185.12374469682428,183.73675287548622
G099,156.63962637826705,167.28065763820652,158.11394351021076
G099,173.3279431171986,178.62471034943795,170.308742968377
G099,154.95199029614872,152.04226218339048,152.29837455996758
G099,182.30624689338856,196.9116958905239,185.80882797734836
G099,147.00153059232247,135.55841496616998,145.7283798311915
G099,167.6425755298987,162.4685173955993,166.02413663220077
G099,166.98609975080151,131.09267763821634,165.70201755154702
G099,140.1190288944666,139.82643778080336,140.41441008064734
G100,188.85865197163182,196.1652358198466,187.72823210885983
G100,196.92204385660747,177.05196203616703,199.05471441690995
G100,167.51126064254214,155.31294354423002,167.82406113197126
G100,168.62535188589854,177.9041639675828,177.98958548846574
G100,202.04373462316863,212.54013987903633,190.55401988372358
G100,190.17194817562472,187.25223931178184,189.8318305200344
G100,187.8725814608072,182.63754690995555,173.14771462938765
G100,180.35569797723477,164.6729296209966,183.72368856046236
G100,206.87924043651014,208.70019202767668,213.95529336378434
G100,188.86860663792652,192.849073467461,188.38556724387183
G100,177.50421481354834,185.57363827913582,178.1933834573453
G100,177.41405319184656,172.73109667498304,179.72023581136966
G100,179.163509345249,172.3680459179014,184.56473119377785
G100,196.64843172142764,208.54834283816655,187.05654918960246
G100,192.9741688885422,191.63389305475147,191.41904590924526
G100,191.6872292553201,193.06218262003355,193.10794119217996
G100,211.97597355222587,192.47730351745042,210.25106988013164
G100,190.33846946054186,184.63916217551196,187.36934292398595
G100,184.71509669691105,200.496004348496,180.6689885595719
G100,193.8920585693388,209.94856102890398,192.59089178419092
G101,100.78423223055509,77.33464969593444,100.26448909953436
G101,84.85375044216283,77.55980847308452,87.49452013337526
G101,69.72179368332452,74.27146305850758,67.95552503156047
G101,85.27782335006606,86.4522950051923,80.69378785402898
G101,99.26822780352732,114.3787947069394,96.03715670340335
G101,75.22213374664796,53.0528689628719,78.8366496511173
G101,82.06642464487271,87.19998077901955,84.13750612725329
G101,94.95908393984946,96.50997636035481,96.51896102445536
G101,74.10533557625743,76.68176951308018,73.21597437588905
G101,81.10371766474034,78.81251265643041,82.12423266695734
G101,83.7292049752153,80.6154176388482,87.75598943418801
G101,90.98872502310358,73.76801440223741,91.84078406863462
G101,54.07953642957784,75.737411427327,55.01948902959356
G101,87.011167484874,75.36183226423799,80.72102686025642
G101,77.09140342647756,89.06274302078482,74.3101407978756
G101,82.01971897958201,79.45939541480122,78.94646193370778
G101,98.3220696396068,96.33624848811844,94.37452804692448
G101,91.57163952913764,114.03684506549652,92.69850293291131
G101,117.03122245577185,114.68693893213357,125.18014113621263
G101,91.01837258386513,104.78113548053099,97.08525400624877
G102,90.32349056033493,85.646343395631,89.18954275574056
G102,114.09914580059633,98.3233299191119,120.26425092243714
G102,129.5922858720562,144.5884553086717,131.3365333059311
G102,88.76251366925675,98.79755900613361,92.89926015107535
G102,93.10161135021124,93.24018090977442,100.3530282270285
G102,65.70568385789122,71.64364128723396,68.57519374054716
G102,81.89408509478119,112.91188687244527,77.96718329414777
G102,134.19429631641455,106.08236935148125,128.71844261925625
G102,134.28280892823216,133.43823708179326,131.59786308109133
G102,117.09861317063952,122.50538646302977,116.73001181109707
G102,111.19346072268279,107.92831251867392,110.98635462724948
G102,96.80112458433082,86.96822106251851,94.8953646296199
G102,117.77173478803897,136.15469889703056,119.10104407106587
G102,102.30200874764888,130.1065557062484,102.78513247347408
G102,134.93913341842898,147.0231082262785,137.49180355680994
G102,119.88418183127311,135.76946154326703,117.91771445369564
G102,120.76610665765236,112.53531344741042,125.89153214640876
G102,107.69885723460929,104.67570371126165,97.42687392480715
G102,95.77623874053178,100.32175920754237,97.3293588713311
G102,123.21635814936525,133.51943826994722,123.6097534200152
G103,233.8969546342407,232.15229942114763,236.4689015085591
G103,220.94058194541142,223.36218609096548,219.92937598668107
G103,210.3817261199644,210.24023563658602,210.4977260214519
G103,200.88772374599043,186.71547045093956,205.28332452538484
G103,217.20670982142192,213.26957161771617,215.92853102429677
G103,203.83767395619347,195.47511602214587,198.16290845637803
G103,200.65603783625215,185.5243123105598,202.74776643564962
G103,224.6474642542659,208.44699074364297,233.9584422247874
G103,211.306059256726,210.35427104234896,205.56587722623405
G103,213.34602140969773,204.35217607301618,214.85464298134036
G103,207.4727062917102,231.84457448064643,205.83358931782888
G103,194.60995160619473,196.01193842840001,200.17621864020023
G103,176.54138945518727,179.94964852203816,176.56249154055212
G103,214.64929446384764,214.11675547713935,208.80909308347012
G103,217.3567426882433,209.50768545987086,208.2154343954521
G103,210.5084726404998,220.14860086926282,217.0198029834427
G103,191.00572967614065,197.30476415816887,190.91057710661264
G103,200.06697278374045,207.33573872377784,196.70320940541833
G103,206.20737924910358,211.24575740464093,205.38426558440608
G103,185.47470764869183,163.96917011446175,185.4670948672986
G104,191.00189071822658,193.36161447014752,188.51443705583168
G104,205.21496709953405,212.95016470234728,198.9596837411003
G104,175.52900734739842,181.77348940278364,178.1125903335175
G104,210.56788207014915,185.101463785124,217.6871864333861
G104,184.86250639366688,204.39320912873,183.40814386601141
G104,198.06841999320972,179.76038615491893,201.1940399366998
G104,216.58807712983176,219.2373900521812,213.07626838215634
G104,179.07424418339284,182.99552540081484,181.56475821637426
G104,193.87394221200734,173.9434228561471,201.30816239517506
G104,201.0010834996421,198.0008443733025,204.40683918469148
G104,208.2412325671538,201.38096445693867,203.45864441016494
G104,182.16924567277636,171.7000361627689,182.63539878001052
G104,216.08019346263447,219.7600692532505,214.45833616072238
G104,165.2652112204323,168.02769780787406,164.03326762651164
G104,197.86668787046796,198.84886459148515,206.4343847440938
G104,178.21877066370195,180.73315168222237,175.7131042571322
G104,191.87737362761774,175.58414254633027,188.3977948598611
G104,206.21323983307883,211.18623850076426,209.27656901165273
G104,190.43137188014853,176.209251235697,186.58606500824263
G104,209.6186574153134,204.54959793586312,204.70740638617414
G105,128.34891391743784,124.5747750216161,138.06255017819083
G105,138.42038319135187,122.54487465147916,139.19222159198773
G105,137.9660302607796,151.09455166811256,138.48151088978682
G105,154.90591674057157,152.31767761080624,157.6782376643654
G105,150.75191891947938,135.91085892715222,153.9653672745687
G105,170.38999018432446,162.9028367313087,173.5445654274247
G105,155.996471996133,146.73211495976287,156.2864481727808
G105,143.62952692690735,160.47776962290482,146.10713571711133
G105,149.71154763808298,157.34663610363478,146.50036044744962
G105,181.40149850437993,195.97921806711832,176.09739339321732
G105,151.19018695041174,153.7148399687197,159.2549994137469
G105,160.3969469321084,165.88357256536872,163.08410237773916
G105,169.4050018845597,158.4189229560661,169.86485253637355
G105,140.38492204475884,148.62555669171394,133.73754723108644
G105,160.3274090627993,156.01112193000998,166.2468091631427
G105,155.2656812553333,161.20176205433575,155.36840541820862
G105,143.37284646270803,141.78109311966278,137.55227819061284
G105,170.37289868654437,157.55823829539116,168.92559145824782
G105,135.30376154067199,153.73564646320318,138.88833307922303
G105,144.13519694247364,139.52681478671062,145.31071543441178
G106,93.64580096739884,75.0012665080227,92.58520447651985
G106,161.3919268122049,153.66277378552095,152.51682716994284
G106,136.26704899217685,119.36265038017534,139.5757473387249
G106,149.9780662854662,159.6980725678083,153.05789671859057
G106,139.54380452029304,121.40926188168089,142.3998425485335
G106,152.83073881543666,130.64163789916276,153.70411201967258
G106,155.38210341713483,165.76222055038033,151.19083520870862
G106,160.85302618355533,158.00949487598024,159.15108171990556
G106,147.36085761349915,135.13469660166172,145.98621094069867
G106,155.67406725222838,147.1169585014872,151.62084685444952
G106,151.89163405678775,149.26252936471954,158.58439298908706
G106,134.70236111851776,133.34844745618815,136.4122602569415
G106,143.8518481624584,138.63753710564268,151.11623964665324
G106,162.0549692183909,130.77893337002087,166.40598393644194
G106,113.2535509150868,102.1514728655558,114.39692888246675
G106,166.85970031822436,149.7057819485844,165.54225362323783
G106,142.34382206439997,139.19016245628933,142.83645910904644
G106,159.33164560237995,163.1443207168928,157.09774144791226
G106,141.6203741341504,140.38646472389053,137.41779616955478
G106,122.73698893331306,119.0450528899834,118.33665849928522
G107,170.54508091213324,162.15335982319743,162.74589771853147
G107,186.84682744690446,189.9699978953678,188.39840104720793
G107,168.14464950093551,164.05280040343592,162.87899840400294
G107,207.83734064419426,203.23276626732948,209.81241730361256
G107,187.64981667065982,173.58451811017054,193.55936268658593
G107,186.21809993562616,180.41048836825203,185.8580307010076
G107,193.3121205097798,194.18579582042096,186.14055831443724
G107,183.37987600240166,161.4481683504335,177.212007042169
G107,169.15594486317357,159.1019679003391,168.94722933069198
G107,182.47977668802844,208.395415948429,179.64590086885133
G107,211.5422364193341,224.76972422884683,218.76335480151008
G107,194.01828759917368,209.53794218887182,192.7035707383354
G107,206.52071791124933,181.8661664238181,214.82185540369846
G107,227.13984513403204,225.56183784287973,227.08937957624977
G107,193.39653877082054,199.15775454042262,188.4091789838779
G107,186.86822432155574,186.22079639615967,196.90461985014045
G107,208.78039343896282,219.17228441249893,207.44561691217004
G107,190.6491463834371,195.40380511691495,197.38360461048677
G107,174.04365310233268,180.974246487193,180.70845333729952
G107,169.62722190146135,182.01961011748318,168.96073277590867
G108,123.91987434699595,126.32573777542576,128.99548391777898
G108,129.9594359694554,123.2288934508914,134.71827711002675
G108,105.18478471252405,110.15746112995419,102.42848182480122
G108,92.9625027330548,89.46603455069969,94.89814329767576
G108,126.62307057480726,105.82167954768362,123.72617874167503
G108,118.03011904100205,123.52194862806996,114.28143879293329
G108,81.20941336113076,68.91785033807528,80.96816061387565
G108,125.17966595519894,143.03866454618242,129.4385786031842
G108,88.4867765744072,110.7878544910669,87.39835679785489
G108,103.81827796301371,112.95371179093733,105.09106538101207
G108,100.30028609884738,87.89835330580559,101.60970200111952
G108,104.97162079496702,106.1266231714797,98.9640006810446
G108,108.67627989373418,96.53567891307252,95.87403215711191
G108,95.16416827221137,86.19586236748447,88.73184043643164
G108,124.5726930417526,113.81772241229568,121.83802713417477
G108,117.5560575619061,116.13683325754113,113.92571588416405
G108,118.79797166297297,120.05719932398301,114.50839116539879
G108,128.2928317791566,127.42465870225799,120.12377019370663
G108,128.10697415126594,131.84742462291527,129.10445872128315
G108,112.2525499439903,100.06162636113564,116.95315000812721
G109,99.10420559937404,111.16307361819473,99.25710320099563
G109,79.21627458911868,61.40572208442108,82.22805900372776
G109,98.52834171326286,80.5737146442222,103.64815534166195
G109,62.90731925139734,59.34012544223227,66.26007853723326
G109,103.90798489885982,97.15984367483277,109.71127676354098
G109,103.77120527896057,118.21499224882271,108.73107887277118
G109,77.69494361398678,76.31028400521274,76.53315159004397
G109,95.01751080650624,95.5208829992347,97.72058924993607
G109,95.34396862441805,91.65034412036849,90.12034257296027
G109,92.7725866864229,108.81829979579172,85.54263626430048
G109,117.71343791581712,91.15289507073817,122.5751793907507
G109,92.82030895500252,90.5059072680892,88.80037804332164
G109,72.60178938900732,56.054997514610136,73.99492310981027
G109,72.8584522957844,53.091131921245,69.71354178407557
G109,107.52276362715105,130.1258110291754,107.68949914565849
G109,66.73837900657553,82.08775401337883,72.67427623558329
G109,93.61311407280691,105.4611854796731,99.24990556715233
G109,67.28334123301708,57.22897043204422,66.66294169181569
G109,99.24977101768178,105.23957784905659,101.58121520272542
G109,88.75397925765519,94.51234698176125,87.72052915277155
G110,175.2105670049724,169.71225233467314,174.41883293950397
G110,203.8499587795986,214.3786910967416,203.72267707272997
G110,196.0793483334601,204.47171080797216,195.40902921246686
G110,178.75090815751338,156.6885411605398,186.38527863261018
G110,207.67579210696317,186.5586508162167,212.20540726395535
G110,184.2684657469809,179.11970004361984,182.51812580260506
G110,170.46768005933845,156.75733967622526,165.96789030471462
G110,189.67450092528392,177.0531124355519,185.55399021063977
G110,193.8854329403396,203.43859748432877,194.4686805305421
G110,201.70935358364392,195.08155956348344,204.11850964164057
G110,187.89223113357332,179.60314470023079,189.39666967490223
G110,206.67781601592523,200.25886708535523,202.75762089318533
G110,196.24497217913074,182.8719310449727,197.25992916587154
G110,179.17763748525746,172.4725036787597,182.8150946495099
G110,187.3153234917955,176.5980426256888,178.11732624403663
G110,211.87738021673772,232.01363021094159,207.07791125398592
G110,162.94756402821523,179.13823227356386,158.0725013870131
G110,208.96379885572244,209.87476259562135,206.6247864286719
G110,179.88973459381424,194.28147879286487,178.9078781989439
G110,202.90996777834084,211.04689840737268,199.45399361301008
G111,55.616294704242215,66.0497038212848,57.04172585222249
G111,99.29944470368153,89.68168422030618,107.45242429257543
G111,84.67028483740788,77.43506192307073,90.9093647344527
G111,122.5810106624053,143.84728228169482,126.97257993354864
G111,73.37157726018674,46.99788955593411,72.27485652178852
G111,77.5940664718679,93.07810762420516,82.67556097322641
G111,83.69553929959352,102.8582535439451,75.90838852609961
G111,115.5431321831259,115.77793174938533,111.80676648478489
G111,76.02578577407942,83.09240300347267,80.83482775551084
G111,99.35247447993447,136.1649319064025,103.02029856350036
G111,113.67408595430132,103.65180771622985,120.64232980526148
G111,101.00738766669937,114.73153338032233,108.08190897099584
G111,76.531890130569,83.92256510757184,75.86437866774524
G111,96.44875290272364,90.47387633706244,91.49215299343703
G111,95.62522677331981,108.21508568802835,88.99742820509377
G111,92.04506382884964,101.30572376744831,94.38296303786227
G111,85.57388457570883,79.37438471814693,87.91329505183604
G111,107.41200592757558,122.76990489571054,117.85266988941699
G111,100.70180842558484,95.28141402744993,99.80335793171132
G111,112.14806598423213,112.00262355447902,116.47433385066668
G112,195.15306741403987,194.0616128990429,193.0404026834345
G112,217.3406091956035,184.86143866403765,219.5278734570165
G112,201.11657571681806,183.7917888101218,199.74700770317526
G112,171.80477476362876,163.95467637287913,165.62991987946168
G112,163.54935940867077,143.3984764564522,159.20091235302084
G112,184.70812035934733,184.04644994092504,188.73510699434107
G112,196.52966440355135,208.046031893611,203.7820550395139
G112,177.20144173115628,174.78436341819227,176.88338778517323
G112,200.99026230648371,186.41740463212597,199.2191814127487
G112,187.90945033658167,199.09013050577724,186.09676482370517
G112,180.22947448830686,187.12601178400087,181.54094964591138
G112,180.492492518228,165.18434742986145,180.5777829599656
G112,178.35639836571173,187.5107278937618,189.35349290343
G112,180.488819960081,180.38048398042818,179.8364893010178
G112,179.8710166053018,180.41719508881076,179.31782018560338
G112,189.7510553026971,185.39095186366126,192.2645878020866
G112,162.38996797583223,155.38954331644297,167.40341326091067
G112,173.95743862076282,163.71787665393683,172.1165237417646
G112,166.02179927041388,165.88590026597538,162.6869790262776
G112,154.94971203734497,147.13347844702662,155.1502366770249
G113,188.00348792086598,177.19607190418614,202.09616670952732
G113,216.64836918679066,210.5910103376674,214.36934329107734
G113,198.23202294583808,203.05153999253906,195.85244311534333
G113,208.64889398888744,200.80345755186323,207.61983085381414
G113,206.32782961146106,217.63629627319511,204.18783085759682
G113,165.98771729513524,158.89003651305953,156.4697084208556
G113,178.83458998626233,165.20596597173895,186.0573817439377
G113,186.09389618905482,179.22006381798275,182.09769694719137
G113,190.01228481518527,194.8275030489269,185.0924649484649
G113,192.44695646949194,189.55327434708985,189.3481218514377
G113,175.61523836482655,181.84388488377647,177.399139127192
G113,196.21232623426178,202.3858752295438,201.83246005309013
G113,174.15414544582478,198.1611964675186,175.42878031238976
G113,198.16974725887945,220.7258106184836,206.46308357145955
G113,209.28925833364013,214.24213809054228,215.04205179310213
G113,192.89359370211855,204.38326279314902,192.5262187204028
G113,193.40860231506753,196.33687029860724,188.89275057485088
G113,222.86163933910234,215.1270740334156,227.15577477463108
G113,190.8474913289858,202.14176147310627,191.27020206157354
G113,178.84825634970912,160.62342734567244,180.5486714710367
G114,178.7133145514406,175.20712674837995,168.35483270591305
G114,170.79080094217517,157.9024770874667,173.25759844448396
G114,161.62684634890002,160.56698274465262,167.0744803426194
G114,197.3987353149583,191.96691711896545,194.50550605438445
G114,184.72625080579357,202.84200686825892,186.99393655420624
G114,185.45741910687585,158.08930968081108,184.27278375625016
G114,166.02494502618265,157.84790439905402,175.253252875057
G114,185.77597863304536,180.73720759618348,190.27612022497328
G114,161.25018924882335,152.85278432528855,162.56336291494642
G114,164.56483217615096,163.03894003038067,165.4003391042968
G114,198.36111114008526,202.89998005346487,205.54925232188785
G114,205.63173131272663,227.79619302448262,206.45785543322327
G114,188.31457581504498,188.07213271642144,189.31318349814717
G114,147.26334332971066,124.20374011342184,147.75689019603294
G114,184.1721424644448,182.2363400074025,186.43133276329885
G114,159.75075648554898,154.65313413533437,170.5941696979394
G114,186.02950222914683,197.4468183582944,184.8221526697601
G114,197.18187927594607,194.10084010134474,200.71047834425116
G114,173.75700939965327,188.85437742734567,169.5869560648428
G114,148.7839119315991,131.6395075999879,150.26637322747567
G115,136.5622320329051,141.57092668901,135.30460630760248
G115,127.76018268145533,124.31883948504709,126.34209020453487
G115,114.49884220296597,127.55875010061328,108.48773530919598
G115,94.76663371081709,79.30648076610353,97.39382162779496
G115,145.78270956787742,140.31622174765457,147.6597554739524
G115,141.04535200149087,135.76285097971754,141.37086209856648
G115,96.31418279386796,93.3839599970235,92.40021781198351
G115,102.49667466501384,102.93704748109339,104.14369097160774
G115,103.12892542164631,97.84322194516214,104.0750084356805
G115,104.30521255142824,89.02544747901615,101.84071031188383
G115,107.49383438510175,107.28107120077912,100.94189519427012
G115,116.49504024663266,127.44596013823158,118.52637231365324
G115,94.96327472902979,68.61285815029535,94.95323831354878
G115,127.78465843607931,129.33386572019884,130.95850908940562
G115,111.73067024461447,113.90940828425687,106.36808533438085
G115,112.50987938033502,124.52445571440597,101.22137005748236
G115,134.01305980145005,127.08924624119953,135.52506163379778
G115,131.32877829652938,131.52148671751704,130.42900780336515
G115,114.12582882009859,121.48059326136375,108.65637179389755
G115,106.80211577529536,101.62979172616178,104.44404086377104
G116,177.16080640507903,179.64396889587954,174.51731601154736
G116,199.42014063560333,191.69523183239,193.34662038570667
G116,163.27997389236305,163.90876998922286,164.22451905920474
G116,160.06028721925486,172.07919212818837,160.782736929467
G116,155.73456838742916,158.5011554424191,159.73272414393767
G116,194.43276318766016,180.4934019498498,192.95141312984236
G116,141.54345446172482,130.17661978352092,152.47120882432017
G116,192.33771420730235,173.62408261123923,197.12853867064302
G116,194.1235032780651,197.36155838665763,197.72227264505023
G116,187.33193620502163,199.9263966413553,180.33361841448175
G116,190.6285998915797,183.13809491621288,180.9056527583047
G116,201.02277198736297,218.62530963156755,200.99603687100958
G116,181.7305112498177,175.58127229398332,185.5322557634069
G116,189.19026046115545,170.14944088349648,194.81161804030833
G116,218.01437231416864,210.43553945294337,213.73514268148122
G116,183.9185446110183,187.25704697557367,191.71002852764116
G116,185.06800137026707,186.21876326863224,179.277732920344
G116,200.51835485763365,200.08335887110252,197.1038607612311
G116,193.79151412595976,176.62463478595836,190.42956904829862
G116,188.65253097318092,193.62798136328198,191.7948445352089
G117,229.42685875214227,228.622766167271,224.52430142844457
G117,199.90776054310447,230.9387594013663,206.33656879867985
G117,234.514622702363,223.9610293064688,238.0523437979596
G117,212.72643179545366,206.48647005130738,220.01337304780782
G117,202.3851455270253,196.45360444689567,208.39353163998604
G117,210.33257203201921,192.3560035634999,212.28649947914028
G117,222.8458483395503,233.17914263133417,229.328461292727
G117,202.2684748421185,231.42250675083775,203.68038465430894
G117,198.7869889346856,206.54334949348896,197.57470748223454
G117,225.54899465909455,236.6332945836428,222.54634300453546
G117,229.2951721862683,212.62974569740197,229.76941922521132
G117,231.03613048007594,227.98868924508687,231.53917053203858
G117,191.81180793283716,182.36155209237103,184.06046848424575
G117,216.4100257916603,201.69726796173256,217.5742968617764
G117,220.41397286708488,200.426606113554,226.20474604713954
G117,187.5269380106833,195.49029307521837,185.145914770529
G117,217.70794445036736,205.26598962257034,228.24652799383134
G117,220.55067552743563,228.67059497893402,217.02870622860726
G117,239.02270240102666,245.79535313900402,241.06155600831332
G117,194.18056708754216,198.0017174432571,199.73147090790312
G118,119.26536738159379,118.03921518877817,122.85134853661572
G118,113.80108338748474,97.5249633590768,115.85892075503068
G118,119.46421609491743,118.11445647145962,115.73239913870358
G118,91.343211268959,100.53663543767708,91.79966567693502
G118,105.5556470134795,97.54881230755859,104.73208456151637
G118,96.33060468391959,103.73413042068586,99.4588652699808
G118,119.05115511418752,117.08374079337662,121.66554717767471
G118,135.0519456637805,145.4981933743084,131.5579115573811
G118,103.40069600176457,102.67116918967761,113.43742715842605
G118,111.82838345116137,117.73169456177035,107.25277992553394
G118,138.9681061947161,148.7841957675568,143.32982624043535
G118,109.36982905108728,112.78760895832342,107.9085261291326
G118,115.377900629055,123.57744061519706,119.57887144489676
G118,114.20426272513394,114.62515600598621,121.6800019183567
G118,115.6699440092478,119.89642132217566,120.38891529822747
G118,85.85330744832416,103.39960510344636,86.893131851265
G118,123.90772705763142,118.25114822292284,125.46475087227306
G118,119.83462321305757,125.6046483955904,118.38396218685867
G118,82.66147399165027,55.610139799158695,81.18488875207434
G118,139.89058188891238,138.9890226406696,144.7588997459381
G119,143.15200061515347,139.43870350227004,137.09083288474886
G119,158.5421753530028,171.11823738929124,152.9464623594886
G119,144.18400765621925,159.1121091282068,146.7983827593125
G119,121.47606052391791,128.33961703907087,122.36698731736398
G119,121.78394921197558,111.63549260971375,110.87858246253163
G119,116.83914504393611,120.19277889034048,117.81494009699776
G119,121.61511845993022,132.49519236966705,117.99055005683883
G119,124.30162258082846,116.18217936139422,128.63120363399847
G119,143.61529695504476,151.38500106725135,147.08777468873032
G119,122.83958345410667,134.45967143468184,124.94104406186268
G119,128.7798377938494,130.7408460445241,123.57556561672804
G119,108.9837217781387,96.38281526206231,113.07192090930354
G119,121.72963097511314,113.67700092124173,112.38926927545307
G119,133.18508704228196,130.9083851744939,128.72202893907195
G119,137.88243999048376,148.78772002174273,129.90659027646882
G119,154.3394699152859,152.53457975534806,141.9288967573243
G119,134.7990499879591,124.71067523823402,130.50009784408263
G119,159.73917524402225,174.45326984434334,160.58706095891682
G119,107.85086516004097,116.25508376506504,105.91668864870634
G119,152.19130147036415,165.58404553197397,157.09439147336082
G120,205.30516139640935,188.57083494935281,209.93750052117207
G120,202.42744931995503,213.304756972758,207.1909167082905
G120,220.55390205718044,210.08982523784047,215.97825176729833
G120,205.8366216837134,208.59151335170958,207.47575101112565
G120,223.93030569842543,217.86058302905462,226.9256718134119
G120,217.5073478290809,220.35359182313965,213.23238376686865
G120,225.60461169818046,231.2035418082065,223.9314335089473
G120,179.08455525764916,182.67029859213977,182.5593606638029
G120,216.4881060029187,233.16907671026038,219.51034133286095
G120,203.05619617547117,187.2905037994668,202.10788894268217
G120,215.8697605733678,197.0571262273259,210.01806014105307
G120,203.3511270225095,217.69849304035046,199.15323474674088
G120,228.38778086656555,216.81994347407766,230.09130281434136
G120,205.90901799429852,199.76012915410595,202.2861969536891
G120,230.57207906659028,259.91268226228436,236.83234048138445
G120,220.92745194267587,231.8174520068954,220.31734443888547
G120,213.10080962718868,179.9685481573798,206.73052602034457
G120,218.24874925713712,227.5831267531478,203.57098607981177
G120,204.10720773305135,207.62158996304473,204.2440962397346
G120,195.21336725182834,169.96820727185994,198.05665253542102
G121,205.91102216694145,216.41814279452305,207.63425288557121
G121,198.56602615500228,192.12137079432702,201.31072839635488
G121,200.1095678257649,192.0537285795009,201.07018179637566
G121,194.6534958433226,182.99062425492556,190.64224084098132
G121,225.303541302872,213.99801174397717,221.05180422112164
G121,203.68085267454344,207.6437303095611,204.40418663083327
G121,214.5762934795718,224.39214209219267,209.87976174548012
G121,216.10583310035534,214.10671714286858,218.04730498346396
G121,245.13811856029255,259.89559202361835,247.88181523862048
G121,206.67311337777926,176.45839686826534,206.4045405369485
G121,209.68561748218994,221.1525341709469,210.2129655848467
G121,228.12379387597008,250.503408469822,226.99926069788205
G121,227.17016860142576,234.95006112545872,229.91953516696066
G121,229.243109090746,220.2590143911401,227.23673971789955
G121,209.01816136276778,203.54026634316475,208.43043203182546
G121,187.6124564903427,171.80043533187785,197.86870008367438
G121,200.57424151754378,189.05430548688977,196.28698117734947
G121,171.21574311204785,149.4894301340562,170.06821488392333
G121,185.6242565338662,188.44619981229607,188.2747484157064
G121,242.04072899605478,236.70253586700528,239.87764604594003
G122,161.93938258655643,171.95515959937381,164.08920631267452
G122,165.8762730783603,158.86026627548844,165.20318001218115
G122,169.37466525615417,176.9572510819607,167.93954045315513
G122,188.80267231909744,170.30202234027908,181.9694919160888
G122,171.94339812464892,173.1136363690141,177.73376653619633
G122,171.11278803726145,190.37483498830002,166.20959535827512
G122,175.09609979279347,167.30257978473682,171.6075359339465
G122,163.36700580272517,183.7039105545189,164.12513546653287
G122,186.94897251523588,207.44140218623733,186.46952145157212
G122,149.8119795569114,154.57767899522665,143.62755149373783
G122,157.4993675695447,155.5205699913919,155.08538099171068
G122,169.55698987236846,178.35056074659775,168.45420640362332
G122,159.83158055895316,134.20671773170352,165.19958126805122
G122,150.75728083762328,152.9508588331398,147.17029500274649
G122,152.3037283005549,164.37969990959263,148.00610399373772
G122,158.4660787367041,162.86126806857592,159.38195645436676
G122,142.33842624996447,139.1649985791978,139.8932766024345
G122,149.17020610320114,153.88368535773094,144.93380811500595
G122,154.71122348003854,149.65559791392636,156.89302915169253
G122,148.1910992086146,142.91842948813002,147.46717291570258
G123,131.80663996442968,131.18495524338337,138.4016687773483
G123,116.22042413303936,115.57646115997063,118.0164991808704
G123,108.70865626911024,113.2473179874257,103.07604875999941
G123,92.04347719374618,72.88800247353957,96.78814615606126
G123,96.80463333847513,95.59483847541519,96.73931642754239
G123,108.36662295462486,111.83477056363681,114.52218784412237
G123,108.04929301074644,92.25356192820324,106.68662762137289
G123,95.85188956858583,97.96138219314149,88.55493866248361
G123,109.19945233001864,123.02171262138438,101.09172648769739
G123,109.97915321214545,103.41025014617419,104.97620661865726
G123,90.72866085264153,94.06222955921385,95.03698953654506
G123,106.04206940871322,105.09702566774826,99.38938917164852
G123,91.84783936898235,124.35857859793857,91.69378353580711
G123,90.8062549947816,102.59995894611858,87.59718625338711
G123,131.54515928910305,127.99370202033187,137.63587814480252
G123,123.93209714907498,101.59993370675187,124.19142752366058
G123,84.14642266363353,89.82274210934895,79.77818872865726
G123,97.78703756704624,94.46595068421506,98.38091077246573
G123,113.37918152984844,134.52510504608483,119.12230060082567
G123,107.88144792529613,129.4255208112702,109.46605693875159
G124,164.75457200103256,162.62722542272414,170.99719575766386
G124,202.76049773803024,204.94969293224284,206.03294771742566
G124,190.4459290550506,223.30259250401517,196.06369072176045
G124,202.33280879004263,199.0068264980055,207.15871914841085
G124,183.8380732361876,162.43698464224178,185.1989701116291
G124,179.33822127282653,189.85263016075916,174.64178689682066
G124,209.14746208081561,225.5405902842436,202.036529872454
G124,170.7696919505793,172.16422223541642,171.69565493729343
G124,175.95596888468407,183.1473481343002,175.96981143499258
G124,191.03250696570544,195.94797578599812,186.61055834956522
G124,153.75533599110292,160.9688447787923,153.87966468808557
G124,186.39630764398373,208.39593746027623,184.0434315153883
G124,207.91595743384985,188.1477955701542,209.62923771088444
G124,170.95316521744553,168.65315773933153,181.17517815479826
G124,164.73116194324146,170.56010341783724,165.38769260307168
G124,181.583011715805,195.24529377002023,184.25924734649783
G124,206.35983425097967,186.80306374796893,208.95287380277605
G124,179.67743303724694,180.93578469106072,187.7016965265598
G124,162.86908653169272,159.33451226304157,161.25826150906374
G124,201.76920828670424,190.07501053786447,197.09182714285825
G125,158.83075714380203,146.07588756444108,159.1117118328954
G125,187.0683146636074,180.70231676793767,190.06740551928178
G125,175.86309077886003,192.46500168505253,178.47247414370278
G125,152.0424771069431,141.86142620568583,157.9984012302886
G125,182.8802336628699,182.01629438022286,180.9234196689437
G125,150.56722609122593,144.18067749122102,146.50278818875256
G125,161.65374977964012,153.2678748976203,167.74778047160086
G125,182.53629442132168,174.20670440994357,179.53813032996544
G125,149.86425067597796,157.42151686984928,155.93832906770004
G125,186.0399810657042,180.76167456637972,185.50942591266676
G125,158.59884441695402,182.41896318622787,155.46536138434172
G125,142.80176272216715,135.59944933162265,146.1395546341693
G125,182.3376952802045,201.436032653565,185.37658189433122
G125,184.99745135878584,196.69516388612604,191.6687212956078
G125,168.55118762738394,157.08059990029662,163.9825237869043
G125,179.3505544418359,192.39027297905784,188.99877162482824
G125,156.44872761892498,165.9689915287288,155.43603610295185
G125,184.51730661813022,181.05330183602192,183.5885647812896
G125,203.40697856175734,200.61725664107865,203.60510240438595
G125,158.01222083211383,168.0821928767676,160.13430781629106
G126,133.62575145369215,110.08632327505882,132.83427428847722
G126,131.92814937770478,126.7527946509675,138.10780153227185
G126,159.41425361688945,172.5075081761519,162.13940268576624
G126,115.52952661096194,109.37432159030908,117.54785423431271
G126,122.85897617565223,131.25312049285546,122.28796288079727
G126,134.1178750978926,150.92433547510842,128.94064992717534
G126,135.43052720397273,139.3373093899108,131.9635934851253
G126,118.65744212546517,118.97937404896531,117.17675817679373
G126,126.20057788941514,126.1078601728012,128.07186171739608
G126,129.69330805883484,156.1486078759457,134.97526438324223
G126,148.74696986526968,152.4317616699922,138.53432416095734
G126,144.09510516418916,151.32619179431543,139.91029845031764
G126,152.488401433902,164.04435374383095,153.14804606079716
G126,128.82810849392789,124.07011981727435,137.21232458012065
G126,120.2869045131351,130.92565967728004,114.01529590470737
G126,149.0722738145182,125.38437634200007,147.07848973466312
G126,128.7623162605419,133.97778226398174,134.56965487977237
G126,118.75500473708153,126.09314115972639,121.44824012323137
G126,127.38939321335117,129.31198188476267,118.0140861891884
G126,138.0056884117014,130.17721231966777,128.86916962327257
G127,131.6045132960951,118.5199226700129,126.38875467304202
G127,153.9912125675452,152.1597793701568,154.40745106648873
G127,172.32339486211916,177.0746417198524,171.49961563252725
G127,154.26646487920883,155.8637644890524,164.81061370574932
G127,158.7142552218139,165.39845942244693,166.0628678497535
G127,136.37076449703451,133.8724211630032,128.701160471476
G127,143.297581733745,123.62666902927202,141.146770896526
G127,165.2318637959558,182.17100295712982,170.64115852297442
G127,163.43932821481434,162.62471302793415,158.39770304433202
G127,170.555585346296,155.54133867424076,160.18667950015893
G127,163.52721782095347,153.2842191899853,162.8276758639705
G127,174.84661290602997,165.0500992339409,177.92794282264677
G127,131.63752813563576,127.70103315057983,131.85293353170658
G127,173.5392572341283,174.29877673425028,172.2555155627738
G127,117.69039967152221,109.07997581762504,123.50741168222554
G127,164.316247040682,141.39960524390838,165.59239843662172
G127,188.118516716486,180.67175800444423,184.89363619454133
G127,149.67728029728158,169.24780091885145,147.78538957688633
G127,162.2766031950137,163.76761570077463,160.36242371689525
G127,153.3302940493236,167.15093727072667,157.18810597802482
G128,80.35931926090997,88.10174075600689,75.80646508806326
G128,112.5713340186217,114.75042782567523,106.57136547445396
G128,85.59977361254587,76.32949971296168,83.0584259402318
G128,98.29376923625139,100.97796217382475,101.231851718057
G128,125.73316956416201,123.266811945911,121.66253513286449
G128,79.72895914982236,84.64058673551455,78.60936686183948
G128,93.75777042090695,85.03390319910024,86.65494920077658
G128,97.87972979875296,86.63211577676613,96.59809309900699
G128,86.45137001678015,83.25235385850553,76.87670654027704
G128,122.49260262902568,134.00584843597503,122.41617575749979
G128,96.39166144232503,111.38150341017013,105.61272156259605
G128,105.0866249611326,95.3540549939664,104.70842602113115
G128,101.98589290501037,108.68898333488976,99.65330698583898
G128,117.73657257424198,122.39464891058782,122.74625047809724
G128,110.89783109910937,88.75510066994434,107.67755450573375
G128,121.76845445081382,114.76725816974293,127.45322494898035
G128,88.81412510523987,98.89927254907404,89.11461142370058
G128,99.82955961795956,110.70223567544481,98.45819410164094
G128,118.32091660741511,106.49636747423627,124.00321995796149
G128,113.36347969926585,111.72880854246529,109.83706210807458
G129,147.68017661401427,155.28293943162882,142.513634970771
G129,144.69346377643998,148.0521322150487,144.9449644096381
G129,181.92495742769265,179.4458721392768,181.50509418485007
G129,155.72529610284596,154.37714291389827,147.8569420545825
G129,152.64016007648968,159.68780707194693,151.86347906795194
G129,188.97556048342904,199.5068587431374,188.36098727911283
G129,168.09584830490203,180.65170534346743,170.58112715585452
G129,188.6487779159186,175.9225071422283,187.4027841802127
G129,176.40052525725332,178.79322630613296,179.77297313058472
G129,171.3811642863816,182.56661424723603,169.38674970783057
G129,145.7621597978083,177.95284821968445,152.3743009620369
G129,177.98518419994917,174.5005584235782,188.73900046958744
G129,148.66615120481103,147.46618690145792,145.02323197846667
G129,171.8008834791308,190.13864537839504,177.3424973830811
G129,160.7861774780987,154.61964026624452,164.59518676910582
G129,177.3546959868645,172.45894332020939,181.85863200004724
G129,172.65563352701085,191.2063794966965,171.84552720639007
G129,142.25257677154968,152.3439004189401,142.93242528645462
G129,172.3713302970025,181.33011403939787,174.20923007529242
G129,151.65700789752103,152.52380447370717,152.67567208637763
G130,149.36839220280876,171.99391151183963,147.6340079898349
G130,106.96033571709317,127.04913836717323,91.87927911520778
G130,96.64263997463723,99.10862097734856,101.29442522513996
G130,100.70910736940716,112.90170902519864,100.48724945544856
G130,136.9307237969321,140.69393124494079,145.2996391045105
G130,122.18567404967737,118.89524881776686,117.82777663765256
G130,116.56736693434664,106.89922485723353,115.88553027041397
G130,93.07387888971863,85.28694828828719,86.01172228867459
G130,110.72662395363574,113.6660342392001,100.03647756858885
G130,110.23223479309455,110.56323815720641,106.94313210805507
G130,140.6068293116363,153.91814439722174,146.24741938928148
G130,115.66127067344036,108.46571424607592,110.01122678937196
G130,131.68962379803463,142.08157951555762,141.87687542412436
G130,108.5578371715559,89.10927344969602,112.14280435955746
G130,126.39000615057174,121.72902396079122,124.58987572466299
G130,111.84076896100598,108.79946506395368,109.53158182425483
G130,126.21330430145014,136.2243082446866,131.6110573257014
G130,129.53409608301115,150.8641845161629,126.97039280922839
G130,93.87181207941452,80.03442117774959,92.5866910160017
G130,134.7496879738839,123.5089965122422,142.46487664990565
G131,217.59006884116647,207.80626895621407,220.04733640172793
G131,215.17669210049021,226.57246156800852,216.0785565684742
G131,240.22944700838207,248.96911507061003,239.0194284776592
G131,230.99997139087125,230.56517706857957,238.26939736617274
G131,233.55753242485952,220.52369681056467,230.0359330026105
G131,194.1385064740696,188.03622097355688,196.91269754272307
G131,226.00308213482785,226.90229535905223,221.03579915218373
G131,230.14228183766852,229.81543911885558,231.81786896628412
G131,222.5475449959077,213.2561971814354,224.96139951838018
G131,224.71261959855204,224.42825155990118,219.45114881251516
G131,195.01446710353332,202.62134619008484,205.8721949949117
G131,215.42004810259462,204.32741207731226,221.04228119144335
G131,176.47126864838054,164.32125681856,169.28207555033023
G131,227.75058051130043,215.90221761777522,228.76546349617624
G131,208.6114180808753,209.170360185742,211.37726903609354
G131,218.9668730432708,228.60399960167683,223.71085786493987
G131,231.1475729129186,246.48212238831798,229.1039380923309
G131,230.97574534252902,235.08779126575308,227.54982416543362
G131,214.5374752335636,209.045981145018,211.29043873392794
G131,227.24327310349005,212.84905966803373,224.47028061003508
G132,78.63585235487048,91.40423316126504,76.29921580310112
G132,90.12814900779613,96.47027846307483,94.68936660365146
G132,71.7858022414649,69.47541585658821,68.94919968305395
G132,82.02978686077468,93.05888216716721,86.10096212518741
G132,88.9044083861185,75.44276074080685,94.06866575227728
G132,97.04574296476727,99.37551759851029,92.63378787427028
G132,98.91331656040272,108.10853293789523,102.06927821723211
G132,104.0781463448593,84.38372250387364,101.06324365833893
G132,85.59895204373818,82.22893132292464,90.61115041345396
G132,82.34997724666393,79.60890856120385,85.66544450411652
G132,84.53560825272672,65.10386009641502,81.97863178049016
G132,69.91040016498405,70.5800663767936,70.50507522554157
G132,72.78269557612643,69.74727915582204,74.03787778108705
G132,60.60176439998822,51.3121972422131,54.764276225814854
G132,69.92623220996148,60.636866659036485,78.31095594035487
G132,86.33244103701371,101.3362701937941,86.02325712904762
G132,109.54625294815332,97.05742887799265,113.25902990258628
G132,98.80846776840927,112.9467815201791,104.68775323193539
G132,87.11053157958465,84.8230116126,82.39851729711347
G132,74.03025053002845,80.73662900597378,68.49955879658151
G133,193.9886049905655,195.55658768782158,193.3747012301428
G133,179.79868006845547,177.80263875432814,182.0261602367562
G133,197.8890973717845,203.0357002288657,195.06057002429668
G133,197.0681107074049,208.45781417060383,192.61147919318873
G133,182.2533350551394,169.89412048549005,183.65178200065787
G133,206.1266307963036,234.75176493790292,207.50696723583548
G133,188.31365029955012,201.37962317583518,187.30231610493266
G133,170.86233474190274,175.19773765923028,173.82532729058497
G133,195.59471279707552,196.15686052099468,192.85877126085902
G133,176.58895993725687,180.29613045875888,170.57355613422672
G133,191.54551195471043,180.9302069012532,186.16404479103213
G133,174.08963128622779,170.8430145916002,174.0756777188971
G133,197.00422559473157,193.14096432343644,199.44390025317463
G133,182.70263954848488,176.3759285059003,188.07660332698424
G133,181.94557951528085,191.77532806384946,184.0570824923113
G133,176.0493840139468,172.22808781411572,173.62765972092433
G133,212.08789478810843,217.87817270054072,208.57229704466187
G133,182.37938891683623,195.30139254147002,173.85416392808722
G133,206.9963417932302,216.37053633798155,206.12116445797773
G133,138.92549170962263,155.57676188153928,146.01923266193864
G134,164.3989113625516,169.33630510240872,167.66547903116728
G134,162.09916714061222,158.21619495574137,156.0411925010193
G134,165.50020555604755,178.58191694210905,168.79009646759854
G134,170.78007914527964,160.54397221788741,171.20681902172808
G134,173.73438821585728,197.13872348150915,172.96624376993157
G134,154.16079783973987,162.50822535327788,152.99058275480198
G134,123.95358147165155,141.41880975264115,125.05395177036337
G134,169.9575589972849,179.05240383809868,174.41671220095176
G134,158.5836255550383,144.0697574025216,157.96284339906887
G134,158.08280084306017,163.348575134843,159.49591006564134
G134,158.85419172201273,167.67492434654918,162.1186003564736
G134,147.9529115120767,158.85856717037998,151.25749158041015
G134,133.1696296357065,134.93366718289698,129.96458908806002
G134,146.67659785659785,163.85648686533216,142.69645302919682
G134,173.77501591201025,167.56430367366596,172.4704676407725
G134,155.12076028567932,154.91952653368267,150.8545372042616
G134,157.55778059434436,169.38127020837067,150.2615183209993
G134,153.35263359440384,147.55072428840876,155.02997057923406
G134,170.1054659790939,154.77138092577292,175.1137278422495
G134,142.44331113048835,170.298441905743,143.75894436574575
G135,177.0420718642855,173.92330233837546,171.37317774457713
G135,220.9347619755146,234.19834628060156,211.00887773529257
G135,221.31652621174624,230.52119308471663,214.37273725030295
G135,196.432266728198,199.49412521721186,195.06253619205106
G135,241.9046287481061,247.28820354961528,245.24894932169283
G135,232.75429076378956,248.2182127373938,227.55378940109466
G135,223.59907234253674,206.9460402021804,223.03672699358586
G135,240.2087647896909,241.1505813667799,241.66933997827277
G135,212.2675012599135,217.29721965224553,210.77278056965548
G135,228.734931121877,225.99196826856323,221.94508376605611
G135,219.40150264754067,212.5729566610258,216.83986631779715
G135,222.10626780806737,236.966955856581,223.68675336107762
G135,259.9191347402125,260.1053851704676,259.8281065898646
G135,232.1951015793318,246.81131414942453,238.6490646573627
G135,199.09651283916983,213.27790149894105,208.42403667699267
G135,214.57600656587437,206.5231961280029,222.51732764855967
G135,234.03907143897706,233.650586811359,233.39776127338803
G135,197.55867010245152,193.50139276378022,206.43648340998786
G135,204.53234801650456,202.60832500421415,199.8658259991843
G135,205.98148092131999,200.16691717638517,207.77529099592812
G136,187.33877419403618,195.79442679120544,191.4447238308547
G136,186.16831789935674,196.63334856176684,182.0264254546486
G136,188.12306028239394,186.85199306526707,186.03918092714775
G136,201.03716810123416,189.03737419025998,196.35110558679926
G136,192.9911559318403,168.60786165163185,191.0847402563029
G136,195.31473082593928,185.59538541920253,200.24625065221576
G136,205.90994015112597,217.58927704047562,205.51657783200122
G136,164.39017967536873,163.23915067768175,162.38250586855423
G136,189.50078378115035,206.4926867160915,184.77863184686487
G136,187.79775431595507,179.61254835994583,180.47315163167386
G136,162.74609207122398,150.0359930888858,169.29821215392766
G136,185.6843275574762,162.27635964505777,181.67154118577292
G136,184.62864751639714,156.01562568594855,182.18187372347725
G136,174.72603555815027,141.2091174213856,179.53155026771253
G136,187.18209063161603,164.70173040026285,194.2273620713261
G136,175.98000041450703,193.11838690412162,174.03608737919038
G136,180.03275617904228,188.43537450710878,184.948466172322
G136,199.44622513581638,197.64728944535221,211.02646536395483
G136,175.44426403298792,174.9338883025715,183.08166393763278
G136,168.60149322083572,181.0681383086813,166.4921315790305
G137,168.91600160717636,169.1921743238465,160.58771687599503
G137,177.56169023006723,170.1819921988505,182.70031736227028
G137,185.07755639258292,149.31539189922955,190.37675025936278
G137,168.14030423032293,159.29948931106816,172.1117821156027
G137,158.48126511240133,164.33251572346995,155.7192327592592
G137,172.0540539790081,170.2698620429472,168.30255408226122
G137,195.1352440399179,191.71278814832,191.78719804417415
G137,190.47347517603447,188.65778584956385,179.15031051250548
G137,186.9478439389509,190.8976670862276,191.23672595286212
G137,176.68897923056738,170.41910008046386,180.84535725103092
G137,185.6244965107594,179.54590220649024,182.9994237150042
G137,178.45780977964796,167.55565408666922,174.27207788522688
G137,176.2891631912402,191.67208960370758,179.7824219447073
G137,165.36122051833857,170.849971613866,163.0560574416872
G137,165.98069851597808,151.56200224469345,167.48164309232192
G137,169.68715841847003,153.62939868939498,163.49063195470586
G137,191.36248424350322,199.28139184054075,199.22739520238562
G137,189.2687136524585,191.3889665452627,186.86959978050308
G137,194.39066314948374,178.15889108482358,182.61262943208422
G137,135.79298266349315,115.63091524932378,138.96588590517325
G138,191.25093775632095,195.17475047949605,182.1625375855451
G138,227.84430055108822,227.36536745025637,232.33444663313955
G138,222.0034079440972,213.84204000017593,229.45131335739225
G138,208.3481948825377,220.72799585581288,204.24571747826604
G138,198.0749801610286,200.5445985791326,193.60436154337359
G138,213.68158912596303,216.49809472716066,221.56879020579478
G138,200.9441752670173,210.35919240819783,204.32767892213272
G138,210.73490679104196,225.31503723426334,211.45336984785447
G138,193.9534548535509,206.97710125897393,198.71880302265535
G138,196.66538219642038,196.50868225326184,195.2190757720318
G138,199.46659079339364,201.50887881317533,196.79807989356422
G138,214.60018095959006,233.7321506151747,221.7797114627466
G138,193.4129966360379,176.44350461220523,191.78081325969669
G138,185.69853510812942,198.76795346343275,188.28704935791234
G138,218.2134503688403,230.33708892370998,215.5367881326266
G138,187.85283292863622,180.51654190550786,179.07395416238649
G138,224.64640787897793,205.3267939506211,228.69766332509525
G138,196.3433861610182,200.45963451536954,200.88456645169833
G138,189.4186950968899,185.73008751228662,185.49230069409583
G138,186.9472531603466,193.8568107558798,197.05959027798332
G139,97.76838060812359,89.44665639660047,96.94564846970353
G139,104.43305923542428,102.36354496212778,106.87115224449227
G139,116.4282478485132,123.02571057275381,117.63035092299029
G139,112.94513629812118,106.22225798886215,120.73903212997926
G139,95.09879743233569,100.13926281971399,86.99941197825628
G139,110.09326139433614,96.15098749088995,107.97510739474515
G139,111.4407493887039,94.43766773712488,114.74029904847326
G139,70.87945061383323,59.40634286602147,71.96988320299761
G139,107.05332415807779,109.45363087331641,111.00996019782495
G139,109.55377985934844,111.82650006340869,109.30994421170199
G139,92.70605287174227,84.84246893115056,94.73246567973467
G139,103.18453812822112,93.54160943019501,105.09092193315773
G139,118.80531387122927,125.70010034867678,122.1698548729126
G139,95.33296366344337,87.51958558160472,98.03904839224391
G139,79.91063329137707,70.82569402146673,81.19623869192685
G139,83.45649330519149,94.53754919557403,85.97878927979929
G139,104.306199431518,98.91504247607334,109.108492950714
G139,126.5219126970299,105.44332676552511,125.16474588921704
G139,129.97249619779058,135.56138866257166,126.12202296077236
G139,84.19180665429788,100.52396260519839,89.80945248435063
G140,208.48033259913453,198.96313799685691,209.96484371735596
G140,234.29727585493845,239.9152976472007,237.782015494321
G140,208.1701179808257,215.9844253439593,209.53215330341374
G140,209.37552866179823,214.69506776072114,209.06526106143747
G140,234.95952412975953,245.40277443695507,234.80038185216216
G140,193.64005870794026,162.9250358385269,198.9985934698745
G140,204.10854889968653,206.1618128359755,206.60229417406353
G140,216.82725048410467,230.74958527848977,209.2124904249018
G140,211.84418133205043,226.74480995571676,211.48222579792258
G140,205.4915834518858,208.44989943682012,207.2164564765843
G140,168.12646006277572,160.38493061266718,170.60802083639726
G140,194.27180423753813,187.0483348530665,187.14652396276537
G140,207.24096486558568,224.41879437818108,206.443826093151
G140,205.35295530498053,201.12930572565415,207.74803034026533
G140,195.25869837180727,190.3332208153952,192.089908971318
G140,206.8585795444349,175.45430796621986,204.89567733865562
G140,193.14825009763834,177.32316281883737,190.70472308589467
G140,232.20936123486655,225.1260657865356,235.8082073072786
G140,205.30901568872156,201.36727782563997,200.74349852761412
G140,192.5280375879685,194.7528656110699,188.4263423506573
G141,207.37627408177576,210.95306720053492,205.01707340031967
G141,185.61054526735327,176.35965851937635,192.2823310747184
G141,176.45630591391674,184.34307790883864,175.8562180256099
G141,180.81945021717868,192.8039475463784,183.76068894610952
G141,212.50336711893894,222.00388359222325,217.27708153024895
G141,179.04625594249796,189.3616134089951,182.25642921977217
G141,201.79458974620874,209.46249194921452,202.95258452127518
G141,164.57348102079905,164.15636029973845,162.23192170740407
G141,158.0037086274112,136.6529502124635,161.39384343906187
G141,170.51901107383748,161.75049339709955,173.51841923456251
G141,179.57354362662397,183.12696571148945,175.63687243537797
G141,184.7110993163495,195.32972900190487,184.23928925994676
G141,174.28447682779236,153.64068663269248,168.59545047495786
G141,193.02173005924737,215.05289677388782,193.80889560481793
G141,193.18421198541787,194.42488671078138,191.03166852233122
G141,204.60443245797128,218.50697254823353,200.10066355480322
G141,170.21372685665466,161.10543232188306,164.85589891195707
G141,158.08771077858458,174.22976881339153,162.2885898456605
G141,181.121955179857,170.9748906366193,177.80501840635708
G141,169.5682233937416,194.4711751237825,171.14688650772726
G142,193.37946458013755,185.6849423558875,203.55662120399475
G142,175.20409585853793,164.40118772266533,175.96645569708883
G142,203.30370823356978,208.89395637433262,200.42311140734066
G142,172.81913667471417,179.53592922239648,178.3617643672833
G142,202.0619399503329,209.68524676368406,201.03280003039012
G142,181.5077315747841,201.71184041918758,169.97813930499458
G142,173.02483885674076,164.02089471461198,171.4512590006357
G142,196.9288673592371,193.39462487587417,196.01614389758325
G142,195.08868318634802,187.55224592315622,200.87844000416467
G142,175.56426582556844,188.38395508201964,182.27017358985486
G142,189.5695720786488,186.72615179417846,192.77871041263666
G142,167.35750807066742,161.3206890699316,173.44448732755967
G142,173.40504539313662,176.15390991453214,171.04092228865926
G142,184.70426346502634,185.96060825917624,181.19438808212783
G142,205.14829638906332,215.22131757500782,204.58681202303967
G142,152.55242942031134,163.62874038969355,152.700910071754
G142,159.68169777314566,157.6632596988494,160.77185893463468
G142,156.20844397449676,152.398024820466,155.60629519212696
G142,152.47535591023578,144.54521061882755,153.46867903379479
G142,196.19619826278878,192.2643744562904,198.30660985246334
G143,130.47499861821407,135.51109196307826,126.97115025740112
G143,117.46073726559732,116.65690611899488,104.77336595230442
G143,114.70501304648812,106.79301488961833,111.70161990648141
G143,119.05585038770177,125.24968609969889,120.01559282480878
G143,140.38298558168526,148.52171934527843,136.87837138492333
G143,134.7500618320454,131.5540426253,134.08982464929687
G143,130.34220829221746,145.26195202688965,133.72921731305615
G143,120.49571074299936,108.87270124754613,115.59582237488856
G143,94.30765208869934,102.45820770366122,96.66871789534083
G143,124.83979576883836,93.8178615746832,124.00096164578508
G143,106.0127516064505,110.36891814554087,106.34205432207095
G143,117.84275002354858,125.9464303824914,123.41153832689895
G143,118.30319666448251,105.50276305479194,119.02589100118976
G143,117.03076938039105,106.66746606429767,112.52848362994416
G143,115.50900945335708,109.14739856865503,116.43387450934101
G143,111.7671826848043,97.39374111371374,111.8670427619228
G143,135.73869931286106,144.28028117010243,135.71421599920495
G143,122.76189088509548,144.21658645477393,119.47298569347012
G143,121.89268775565279,113.60275811789612,124.33308012638125
G143,127.07218600421592,133.2424064319996,135.3395410310033
G144,233.7249674059139,243.4945704769536,236.87406770308593
G144,244.69640816243515,232.60038029673942,241.78886028370326
G144,234.07137303500696,234.6283775957721,232.21621446334757
G144,227.62907237933894,226.27477180618413,228.74565970754384
G144,206.62634740010856,189.82593256460788,205.57120125239396
G144,213.77014518763875,215.07306722485316,215.29583948898517
G144,233.23625321011707,236.21440419417394,236.78912600524134
G144,202.0969424309521,196.4839587195789,203.7012746974483
G144,223.19118351610038,214.23492653780255,230.41595903758284
G144,233.41247303226558,255.45809230439062,233.3989588166692
G144,220.8749548206841,217.67441366930362,222.47009825084163
G144,220.70616664142514,220.2578605149318,226.26287085380568
G144,215.08648844264354,209.69431989320648,208.1481679323076
G144,210.0291850243013,199.43912907427372,205.17922280945137
G144,248.71908232825245,259.90441749120924,247.51042604188606
G144,238.17077042399035,247.05201430163459,240.02924618607793
G144,233.3795697355251,224.2744195245405,237.08699333882126
G144,216.67143716631296,214.95245938199372,212.14129289457216
G144,218.4988895638967,210.70553089485944,219.61093640654533
G144,234.95740927624047,227.77803413439295,233.2363781314374
G145,196.67893289915364,208.15062511654682,197.39768083623412
G145,201.84566397639279,205.32178678967844,202.76276717710653
G145,186.83299963246128,188.29026578217906,186.2407620890977
G145,210.37076355522038,236.0122638766078,212.86725340570618
G145,165.53718240905738,164.61839986016213,171.50505933745657
G145,203.2828065094332,176.78185464468723,201.46084316172562
G145,214.69073850122192,224.20103460805134,219.25011304051725
G145,204.83885257206904,201.96420379325082,202.11046393281072
G145,193.37998144987841,192.7617358149675,200.10190538036292
G145,180.28700758509555,167.97650726451465,182.63127537157922
G145,194.12181563645578,195.81720601347408,190.36654552112068
G145,194.8430012607653,212.28562163710296,186.34282949319908
G145,176.8903527177497,189.65886338474482,175.4632597387369
G145,205.7999670732565,205.2547422082912,211.53415946534608
G145,211.95830669610413,210.09459140284739,207.01569954115598
G145,192.51692059839456,205.8846507042852,193.3283466542711
G145,203.4027442631124,213.72011434569663,201.87671567744258
G145,214.07227870161998,233.26092692538953,213.89647592807694
G145,219.87154509619708,217.43685321112065,221.83923041321736
G145,184.96156268587634,189.49362620801685,183.6193692143651
G146,172.4611564096002,183.2345176427264,170.49349154353274
G146,155.51319461931033,175.14398202872513,165.20899179601432
G146,188.86277189513754,205.97749909657134,187.57299809585137
G146,165.46378718406766,175.5257329058771,171.01726690787797
G146,149.8616837655361,137.3603680844167,145.16748503029388
G146,186.94111675452626,185.8694859405485,185.91686155660992
G146,187.53566241524913,169.7605806578983,186.79115967198413
G146,173.71295320194562,179.1774138204477,178.5459658997045
G146,199.24295703318035,220.78524336244578,197.59753229401028
G146,152.8896949933012,161.7303828227424,159.08181816991305
G146,179.58088815355148,186.71426638573013,177.7048741104092
G146,145.4270863729727,148.03409084111328,144.49359622368857
G146,188.5727502753798,182.79892035951556,193.23360376243127
G146,174.46427650433452,199.51150232357867,169.7803058513296
G146,179.0821680418163,194.79425524284355,179.3438859265037
G146,151.69126927172803,147.1966720486172,149.7686749914552
G146,163.86203384888523,160.17780243114427,164.17318053361728
G146,165.51398692188295,158.79906661967442,168.4477093002352
G146,163.19001965677163,174.86753040248882,164.61627810422146
G146,165.8230689739515,163.28665343435347,171.41486294146617
G147,208.0317377707505,217.26355525140832,209.77465034619073
G147,220.90398761896617,213.9984005730707,213.49494998183496
G147,212.09312193905012,223.90706366721142,216.17522191631738
G147,200.28525478536824,198.1556038600571,203.00168653073342
G147,209.39508386355843,203.6732886379033,214.41435532180648
G147,223.81917850872983,225.16815716287445,225.04592994146878
G147,186.78859252011296,189.5154550110911,182.96009540890978
G147,222.05853564100707,247.01909395280376,225.33109715726658
G147,234.40989055153085,257.3839194699534,237.0577395185278
G147,221.40807119445316,236.47654544850383,223.5923123610333
G147,201.1207421186148,192.74204255598218,200.56252691110677
G147,236.11807485181342,232.67529123599132,235.051014395366
G147,220.21449425555429,203.44802066883594,211.56560318847636
G147,236.55115228252313,221.7688503165604,231.56080179764163
G147,208.1397780701813,216.34384906490598,208.08470521384004
G147,237.84229970952381,240.1311433550811,226.91374527061157
G147,204.15762366402708,178.81833856252229,197.27177449407247
G147,233.71201345943743,245.5433146386241,232.76837748513913
G147,193.7177722654602,202.495601875268,197.25931280463297
G147,226.1157606389269,238.1784828944388,230.87288433968396
G148,129.477498497814,157.95681023680797,134.11021761812464
G148,141.41532106292058,135.8761864556334,141.25387476671912
G148,156.80676869472342,184.54311579928753,158.26665485834204
G148,125.52148928112489,114.42719146017357,128.6264597208801
G148,112.5418745789774,114.85469165859323,108.57970553361127
G148,123.01277216460477,123.50556560843488,127.2123901424462
G148,100.81899394173959,103.43683561126608,93.92990709974084
G148,117.67436710726129,123.92124697310751,124.565207153321
G148,133.73731568513836,122.89145197601196,132.34400540600737
G148,138.14131036915398,135.68230534531995,142.21920290910802
G148,134.29670738685346,162.78207315096427,137.53590512574377
G148,124.03487981615571,112.10200162497257,117.54382359947863
G148,138.5290785086466,147.86923682256585,138.91623617113095
G148,141.5670190141855,143.42852667348558,138.75015183658462
G148,129.82878495532148,140.94080235952643,131.3850926489734
G148,111.611258246516,115.60400880035708,105.76196802947551
G148,113.79758862806251,100.32292404498762,118.21840526514775
G148,122.14801115084224,112.78040532054692,127.05026083349037
G148,109.8812497474854,122.39008205047564,108.7350434791775
G148,131.08735609851672,147.00419350305637,143.8474177867112
G149,117.18485439046768,119.33942837152378,116.77495621318742
G149,126.77020078899369,122.80293657145941,131.43887379330457
G149,123.30735812693896,117.74127398322628,123.49914773103306
G149,116.73544495596205,113.99628984732782,114.89976850960001
G149,143.9938077156155,157.37906101235572,137.0072351164165
G149,128.4339831111839,131.76620398838241,130.47483805972817
G149,115.9304370320018,102.88226478578784,111.55060287922934
G149,119.73357152928588,129.68365324981252,125.02496070519248
G149,87.1616310373308,78.36217709872166,93.87394765676184
G149,153.4217439406579,160.9896102984402,148.81310655431201
G149,111.52066791813075,118.78444128332254,105.86961126784637
G149,128.32831174286932,91.03052237534106,122.98926756613871
G149,129.96830549187973,133.1604956339322,126.61777955023634
G149,119.68671970990235,111.01758036437539,119.22082351649462
G149,116.48442271427935,114.46434098001136,112.59753148293228
G149,108.88546132820139,131.72645156204038,99.73027919260504
G149,91.02860889274625,96.93819021787672,91.67885597370966
G149,139.50133488732777,139.41305351562224,132.8024162342876
G149,133.45663358782275,108.99407125327366,128.1473752327666
G149,115.25240856755502,134.89515404847745,114.36490486165702
G150,148.16238541121885,158.3544358117789,152.92474775993531
G150,154.88704630045268,167.58421161230012,151.90592132615046
G150,153.19788552086,157.14714992855593,151.32322566302417
G150,158.9490011069975,153.6528615596869,154.0210232288374
G150,162.793857338769,160.650200503773,168.18489694034818
G150,143.8514034302955,144.38008906586438,152.54451153756213
G150,137.32109465411367,125.04120961464267,137.4564972953344
G150,128.71725445882564,122.73868394649732,125.95765884071044
G150,160.64701370209966,159.2993689331695,161.22932581316562
G150,122.91037905934265,82.01690085549745,122.02821091890124
G150,159.37836040832326,156.803570147756,161.32047823647952
G150,132.98188046491194,123.93913989463354,133.99890670319283
G150,145.05473258976522,160.29736532486254,147.47749663520398
G150,150.25218712639293,157.22762269611957,151.6362471896416
G150,120.26165356374197,99.47998171513335,117.51832402604141
G150,156.71179492417872,160.74653600623634,149.5138403132788
G150,135.4128237676228,108.72094001342728,131.3036285872712
G150,131.03934164498952,149.38840224178847,130.79171614130405
G150,138.4471511270298,126.8501755171789,142.80446269309334
G150,146.51772086701928,144.79594858405315,144.09757835228083
G151,74.15909323529402,79.06129077809074,71.19028201292058
G151,78.86365615265044,74.80286297954838,85.56743399555663
G151,84.53998415419547,76.6032322685956,83.1621677063709
G151,107.9079159058003,121.09242236545104,110.72647256251645
G151,83.48313394686646,92.54255045812523,77.73361530857481
G151,94.13513587654165,105.79974126523453,92.90726719414435
G151,83.19105066655989,83.15362038285286,80.8535218461199
G151,82.69936547770357,96.71609297886155,79.16779868332719
G151,107.06141551501003,127.14604916801659,107.36298483002356
G151,98.79985818376596,93.54384242044372,102.79038840045651
G151,52.176422884275595,46.45818631556506,52.51318286916063
G151,102.1459711757191,117.58189221283472,108.61710410330429
G151,87.39302678681601,92.89691312424549,88.18830030862492
G151,69.16982549188593,84.64263666359803,67.58229924291071
G151,84.30352544644269,91.7967839241248,87.49435287387149
G151,81.59080058084982,84.09957553466413,79.09158783134374
G151,83.42373946335472,85.32868766022983,77.80548826204215
G151,99.84102084001405,97.46079734484356,102.32852700920881
G151,73.60617880213863,78.94717166231223,68.19298248652177
G151,88.72144253339756,87.34244792760896,86.45252074865573
G152,152.21888574618364,140.33607583528743,152.13059044969086
G152,124.71036767216764,123.6543079084043,125.05216538599925
G152,155.88085413940465,137.1252660872545,155.00819779201157
G152,144.74559809387458,147.36289808542946,153.01227615793223
G152,126.60208722216217,127.67135428975871,130.88870339131
G152,124.4752106062603,109.37003134595498,117.07909156892002
G152,138.9909996182257,144.95233518416174,137.2764777421818
G152,153.62143997046525,159.96408976868318,157.3211928051225
G152,153.46988661818145,175.31060064247734,155.03702937286894
G152,180.39912759635718,172.52814423432014,182.5001581659602
G152,178.4429380387789,184.40441798365885,174.77976665487293
G152,140.13946558971537,140.95008800783856,140.31162677686928
G152,145.5992781430732,167.9221626907605,158.43729774354696
G152,124.39777018273584,139.15856451734842,123.49778171725512
G152,133.3082352294823,142.02976869805016,131.1794580977172
G152,124.73628194994821,130.17999352389103,123.25124750003637
G152,148.12371848784264,142.46399604173345,146.78991070192012
G152,142.87387167185912,135.33565507473338,149.33681544919284
G152,160.39959822117635,142.7707767113115,158.0219798281471
G152,150.7905664775226,142.266189785197,154.91056801569871
G153,126.60853887364965,120.0530757351261,125.68631818194231
G153,120.1820735348709,111.35338224414927,128.41335903070456
G153,125.51392270403964,126.64779469717642,126.33607916755288
G153,146.33955127817615,143.36254778031446,147.47643079461088
G153,119.97199494969428,103.48031822408498,116.31096438064658
G153,187.52511712227255,182.84245208021633,186.30711777034384
G153,149.12289564092643,156.964546275653,152.2879624536247
G153,147.36451126932513,148.1444155050457,142.2742797090747
G153,152.534039252221,157.41659338445865,150.96585746609207
G153,139.91650989267592,138.1310793639267,139.52724277112094
G153,150.08539855886306,156.71621142190764,147.42483043625225
G153,136.02336842488086,120.65274846309265,139.69773616727343
G153,156.15155526507098,143.91009195989625,159.71988565418965
G153,106.75071232865005,98.82534406827605,106.23213522252799
G153,137.2167700647448,150.838695007166,139.90939963296003
G153,115.78789760898705,127.59243038584172,119.01644138166125
G153,123.99166872237991,128.05862946121468,123.40091658390945
G153,150.57268049174186,158.5854019231959,144.26134581979252
G153,146.46948928276208,150.92892659768646,154.88885432117172
G153,127.2801049834965,159.94224676518843,122.44257335226969
G154,125.02159473828854,111.14437607468663,128.78617123224402
G154,102.2947399605488,106.91907618502148,96.7407797208175
G154,117.69514146022344,100.70495942044026,112.19546092879668
G154,86.29337037418956,84.53435251090842,89.09936145572145
G154,93.88607118713345,90.4266847674742,102.55004385083363
G154,114.38811056133198,126.40846873064403,113.41705744021786
G154,82.06000948613237,88.46057439290246,87.74489675170352
G154,76.63850475154739,85.94110633957828,72.22808442762677
G154,91.47573899404169,81.17761641862099,88.76172266368557
G154,96.11214493182612,76.28568375825732,88.9414093879656
G154,94.18668837628047,98.57170218699886,96.522934909654
G154,82.01778403439309,87.02300988220865,78.99487563546431
G154,103.63195113227314,127.2005560134468,106.31999356924622
G154,90.67444502332916,87.91655099331972,94.79049841373642
G154,70.37379951750964,52.876961922027526,69.56087599675499
G154,85.04978165815584,81.56118244937886,89.34670042640929
G154,95.70204505004746,108.49387245124183,90.35451270013631
G154,99.09111891468181,95.46425669837194,106.68300427114812
G154,110.59177354217314,101.23794821669233,106.82101072339478
G154,78.18321428481225,75.05807770647229,76.64521980162056
G155,122.78999305560973,131.22269699986214,119.90659424417757
G155,108.36426929134645,98.10203753343342,108.52835102897092
G155,133.674949824886,141.65450669233766,136.69069588968767
G155,125.3326521064281,129.6415432431007,127.22654796344169
G155,166.7799224117127,191.06673400578677,169.69328500722585
G155,130.29292242636978,121.31697792054058,131.15669589884942
G155,128.67952024011151,126.7158786727734,123.66719441007956
G155,140.09284195824443,147.32106626660078,138.4930885582614
G155,111.32108583189647,111.80591428233468,109.22141914324408
G155,111.01113056460068,140.0286576007807,113.01008510070754
G155,116.76403581185136,130.86989277686024,121.3635906554511
G155,83.75118751648999,81.44865942843253,80.2474572978517
G155,128.20818204132573,148.65690888748952,125.7820746906732
G155,106.80029675053089,102.66298358981693,106.43870120859866
G155,143.17784825422706,125.2794055540414,149.40860765343731
G155,100.0239216680709,109.76204347156472,102.22260345400443
G155,122.06262727355517,128.95192757413025,119.04544526724413
G155,78.77043991567567,77.73107013380306,79.45349668306612
G155,83.3465264090658,90.93019237705253,78.10620277731513
G155,133.22671529743155,114.29495612947522,139.0384741884006
G156,208.37079047290155,206.42651803850686,201.5537330520283
G156,186.5451581229341,196.78901613908997,188.3197443841541
G156,194.2430505866339,201.39411663588487,197.37838559209058
G156,182.79323417683267,189.36807057701077,181.0913761241627
G156,220.47567201048707,233.34496635565245,218.29799235178686
G156,191.77055904440942,185.72872914080097,193.10536751992996
G156,199.60634214826285,179.45259789950762,203.58592088631843
G156,203.30489318051767,204.74497664733065,202.2930453213467
G156,187.07448599652312,194.88072136366503,184.65015001697668
G156,203.02867485808855,205.15338012732855,204.92828146402923
G156,204.05923350452173,214.6053742522429,206.53148694232343
G156,188.60099593834457,185.43861736433496,189.99248597485786
G156,190.6757777098012,197.80311631344284,185.77434581821564
G156,186.54342520806088,184.38734710836889,191.56506184216119
G156,209.3463168864402,208.0127838000823,208.98515955096457
G156,208.5430330664099,203.2863272303466,204.87340656961157
G156,204.36127734420813,221.84720151293698,205.17179599049626
G156,206.82910765142302,227.01272401511815,203.1788789967553
G156,206.63890317048694,199.87455633044974,209.07583541686336
G156,201.89613074975074,172.24616790263482,206.0920832610419
G157,121.02291369191704,118.70901005398063,118.98810494288425
G157,78.82374910046649,63.64024541480849,80.15839682408411
G157,92.5062543906881,105.71217701554279,91.75846020611584
G157,73.48041076691354,80.05687646919276,68.57530002412409
G157,89.22577968734646,69.79337286143144,85.01703971428579
G157,69.69413874290404,79.26539567012067,73.66117412222424
G157,86.66865640082432,82.58860670724334,82.16925106375491
G157,106.36733296619703,101.43275427977035,109.74014237577653
G157,62.5028464232545,63.43751453725048,63.4099620468815
G157,60.9015598929487,56.808030831901746,58.277097519135346
G157,70.10845775309464,86.48235487199882,70.55007908655465
G157,84.01029313544343,74.45367768211955,80.3084331620352
G157,94.228234604564,78.50167097079905,99.12178153087785
G157,85.98525303565623,76.07621669061493,78.55792070801488
G157,96.57914697825301,98.30444985702042,95.76360130725047
G157,79.6458834436665,52.87196045902262,75.72194713443297
G157,70.57329094070377,56.60948143626656,72.26657759801373
G157,85.2439577079825,70.13567598116639,82.8372858515035
G157,65.2240902087675,38.07120199011203,62.74621981065504
G157,75.86368889893254,72.11186787196132,77.71959712285413
G158,177.24600687175558,184.22084417750006,172.93887294860554
G158,153.64275556297633,153.79925461691968,148.2108185831512
G158,156.61622213489605,151.36681113408255,160.07790090879655
G158,154.59187385099943,163.95645626312404,149.77849835646452
G158,127.84426907407801,124.77903347424936,128.03655762669828
G158,152.06306661568775,152.6938922360881,155.6741922816914
G158,131.21301912558513,139.55932759321632,130.9004566755552
G158,167.49827515790133,175.7157691143905,166.3982166921719
G158,120.0781073324825,125.84982403474035,122.89592977662947
G158,141.8556438590469,146.61919625767842,142.43052795119067
G158,162.59058139168084,149.72989556866997,154.81250045954607
G158,182.63737526236977,156.85664608332297,185.6156309164906
G158,169.9198831858495,198.9654679401852,164.83840025227295
G158,154.19906166539099,152.7324094208854,159.49778665112692
G158,151.77006032341077,136.0877095154803,154.64240841324917
G158,165.81778021699697,173.49615278537576,163.58477266811124
G158,162.69736275310285,156.86435639723334,166.90664236450212
G158,134.31617887299592,140.82027190620843,129.0655559184273
G158,182.4345448805263,186.17298088344842,189.58800155606522
G158,170.584507024869,157.6068975940253,163.08078393512662
G159,143.24858473019322,136.0678774201981,137.846217042859
G159,115.08369063304299,127.76700199166433,113.80879154107417
G159,167.26771904098592,176.60371164634986,171.7106492380465
G159,145.55567669859929,159.99243290185578,141.3750031994118
G159,119.18913411390632,103.34857435101074,120.55890592749387
G159,140.06741551311586,140.60748484009636,140.25567166276437
G159,148.26697210346606,155.72052623339735,142.42063041852012
G159,151.14783070971617,162.4248650227431,146.85306729028878
G159,152.84343005816459,150.58702341949342,153.3875117427624
G159,118.16759645824193,99.14851573733637,113.65581443083097
G159,138.7820073504123,157.4399908027918,132.5410014092479
G159,168.01965541431395,169.63256971845718,175.01830220105853
G159,150.08383683621742,155.04698265922013,140.7573339433043
G159,138.93636188758168,151.46521289942987,138.2207556783785
G159,146.84748260137783,138.23852477554598,142.59634784267152
G159,129.7599959468067,151.14931740100238,129.58726978299478
G159,137.04388949264126,125.38506698556385,144.57299567288825
G159,141.47224751122351,154.5576992299208,141.77712877245708
G159,136.27923043521756,130.69071722092187,137.31579723383547
G159,158.73458387427007,156.7823150167465,162.1804962322666
G160,189.16835273978353,187.89633375529428,191.74047242140972
G160,177.3393510371498,159.77055997027458,172.02223171776646
G160,177.28732495286422,173.8139849614712,178.09300120825716
G160,145.94519835686782,147.795360443138,150.5807615994025
G160,180.74773743683352,184.9440592227954,175.92837417160166
G160,154.71774692862024,156.00668658741864,159.91071726735726
G160,157.8582609347423,165.6382058931351,158.25285274136112
G160,160.6380084658856,154.37046380701113,159.5510104169951
G160,185.51270076436415,182.88090054116728,177.97610536160965
G160,176.8272964729783,182.4638124119905,184.05227265751824
G160,178.75976598409864,184.81882972417347,175.3837692060284
G160,171.9254002206705,175.19900843518815,166.08315988820218
G160,185.76822690584547,192.30752836338817,182.12998611421958
G160,167.19740195633827,158.81744488667442,169.82017078962627
G160,179.3962365795945,168.6697360025731,168.07921993981785
G160,176.24897254604832,160.9697573571786,181.55099873059677
G160,174.9533769119265,199.22623517178874,163.40778656853166
G160,174.13093114682928,187.79566951190597,172.9697158080512
G160,174.6500697358371,167.890431919054,171.91255357965255
G160,179.85861931698096,184.16425187470622,187.46690095693714
G161,111.36703370569201,104.45335045129147,106.83141325726258
G161,119.82750110245459,145.50989736999418,117.65868526879166
G161,103.28736912596516,105.63177190621103,101.04242723973786
G161,129.16515284636577,127.97107001454386,133.06780235340895
G161,113.84243382980823,114.9893444577411,116.58878181447265
G161,119.64305583057713,107.36644051520625,114.09344635578398
G161,113.21724615956006,116.66742311284116,117.08723317544413
G161,123.44174100222274,128.94887278015375,127.16520533297701
G161,113.39367953777557,123.6199492506465,114.20175170216788
G161,112.285665762027,103.53271508543955,103.03112627624844
G161,138.21369595252338,143.8968042395025,142.22636324527065
G161,110.4053165268038,105.2379838758957,112.16962837715508
G161,134.10213306060592,144.40573224530604,137.9237351595178
G161,102.439353642642,105.9054310970178,92.07284730070076
G161,103.5642195935738,88.47543638117789,100.54373067674922
G161,118.41691932773873,128.17042933464302,119.08145049482502
G161,101.15653819350803,81.66302789068922,97.31184634517778
G161,107.17509646403072,106.87003261372072,118.61971839104089
G161,71.01068466665147,80.07533942740147,65.06971186735436
G161,101.65581089992827,101.01215897680157,104.24721949568189
G162,156.97675630127966,146.5465746235883,157.15647386119434
G162,141.14666978226566,141.27290444421064,141.232178834127
G162,138.6722192984865,129.22893927117144,134.7037359600888
G162,121.03155498908697,123.92965700166252,114.74743736428496
G162,125.81384882645148,131.95880726908388,128.07653805249262
G162,97.36157096574891,78.90836055407861,96.60745305643475
G162,114.42976464535967,92.60895400469319,114.81865785654068
G162,125.72122940900282,99.39926301595995,121.83246574397842
G162,127.91111972340043,128.45111046000738,125.37352052657934
G162,144.11550414913737,155.83829779759728,143.68106961234773
G162,137.97210314932406,139.9553174706164,134.80573788245704
G162,114.84573756324211,116.77396871777532,112.02370541347176
G162,145.3787379206288,146.30963048463727,134.43225024953125
G162,135.3536005463061,125.74213974167532,139.72354737693223
G162,101.46630638503575,112.76702264672417,101.60932188790979
G162,98.95365149389869,106.0560354580128,100.60341954997996
G162,123.6809656881562,139.60047471847002,124.15003061686618
G162,146.52888195287431,167.36357828189574,143.36673567200916
G162,133.4149602644698,135.5384154224845,139.13906331201304
G162,138.96833786910491,126.83942679466607,141.5342230910526
G163,136.6968512411847,132.45950667342152,135.22039679783526
G163,140.3644667249613,136.06883094455438,137.192926093236
G163,146.96702761280858,136.2721099304941,143.00344083047835
G163,135.43795622496424,140.71275124741626,133.1993159071056
G163,137.49760283956292,124.12616976220201,135.40583751013912
G163,113.94340623988133,122.7328044756298,121.04304519842003
G163,144.73571519354107,155.4835021592131,144.940731627973
G163,143.82086552150096,145.34417001894496,144.29191282074123
G163,148.73271788495563,137.20873114150479,150.89219089332818
G163,112.55686289219308,117.63343231874019,115.30995242217816
G163,141.42018240261342,139.24121751096814,139.35292199539626
G163,136.72557424737042,147.61131820236378,135.9309958251189
G163,125.44974025389348,117.00721698885825,131.47093337275294
G163,131.03972697881588,136.23994373719495,129.0427754641756
G163,130.64807415288834,116.24978558019177,128.77442444488076
G163,130.30341855029928,138.2150801823333,124.60506626886139
G163,149.0340129066492,153.19124210022457,153.67455062179613
G163,140.87391209182098,149.68574658469763,143.07624638520505
G163,147.32616131224412,140.57274745934856,141.31170253507432
G163,147.49739225508563,155.20598398651398,142.48515330615768
G164,146.49077041267992,136.0856341140484,149.92960323437455
G164,105.84327254114716,104.82520986723826,99.11539234395396
G164,157.6922653602202,169.69515558814507,154.21599232950672
G164,121.84069393187676,130.32126814963135,112.40180059972245
G164,107.51389743430236,95.0025088010405,113.5639043994785
G164,104.21892489522679,120.9939105414382,104.34859532460727
G164,134.62830153611654,123.49561726755613,132.81080582785964
G164,99.00988993782435,85.0240442012552,103.86716428545651
G164,117.07039762594157,117.56093180167673,114.43813894520505
G164,130.79458853636362,141.7655429690208,130.50663444789384
G164,100.90530254235863,105.13954439997747,104.83544709442485
G164,122.8060693371642,96.52471685493934,120.78332696515176
G164,103.5323738510923,109.81724182812079,108.20827936077738
G164,135.00694689903295,125.06506582689592,139.59921981372656
G164,108.37421803629843,108.73290693491043,107.38371653643856
G164,129.49202296360178,137.71450932631868,129.51260368014815
G164,141.8365537827884,159.92669004165228,144.17168415834928
G164,130.39202224173516,128.27932975796747,127.79297824558105
G164,119.83205868324865,118.30873659134143,113.83861549139917
G164,120.72117763952605,120.89497708755385,121.80991244996484
G165,85.82928039133043,66.37495910173956,79.78899037838885
G165,89.84790875457931,82.8188522868191,83.09395959646538
G165,80.74727412369148,70.45494997247914,82.13655126601218
G165,88.14196486674025,77.84064393456293,100.32647935727422
G165,64.95681986003461,67.20579838032604,76.88432675041842
G165,110.17083485417089,108.97625367969592,120.18975539602185
G165,94.09937151433381,92.573538977918,93.47538730326274
G165,84.75636251340984,99.41350215031746,77.19309670509706
G165,85.04611158347952,87.7112526093471,93.39037146961695
G165,103.40686942391878,86.52826339492262,99.55672560449561
G165,94.39728936670097,104.59843353741798,102.04709947541372
G165,97.22216993621488,105.15703614486495,96.37016557790795
G165,70.8826499345905,63.42296607995382,70.45317341965948
G165,78.76096570861374,87.70923053043956,79.63720490938516
G165,103.36788546277819,111.10345844931561,104.45912330694219
G165,97.00661661914425,89.97943662265884,98.74347998033471
G165,125.90636354895086,121.87049001112888,116.9802009101445
G165,87.0119867945922,97.54205889593847,90.45728922090841
G165,104.34466338568747,86.1659916223237,103.4705688452368
G165,74.31501533760127,70.62653619169957,76.33366029918156
G166,161.606506449753,168.79649868028477,163.0877889950747
G166,180.67361674647663,174.9657121772591,183.82153518691163
G166,176.4480948317451,168.95912432302913,179.47091690656674
G166,176.1815305705434,183.43108082038154,176.30213872712537
G166,172.28350160259646,171.61592110859038,173.5858675853609
G166,155.16700652278513,143.54347467216346,160.62148831075842
G166,169.68140347075106,177.5207736016974,172.7632840266905
G166,151.22386378344524,154.3976555479366,154.1662537792002
G166,181.6242527937925,182.03591685238118,175.4219817097679
G166,143.51331775198332,154.37679334965387,143.62971600533865
G166,158.1338745041864,175.21998418121882,160.3850587671302
G166,119.76067367680713,129.63584064244904,112.8483514070608
G166,148.94117211365753,156.12475266206212,152.34277749369826
G166,166.64149278324325,163.51465210342147,166.42699558028713
G166,160.28555990599878,150.61513195870006,161.63648227869425
G166,159.74987335543048,179.0342464404182,157.34240806893592
G166,191.4066079564725,187.23974021485674,182.85135227843676
G166,166.8794476203651,163.72318841902862,162.9942307291045
G166,156.40215192778567,165.62755418497858,158.30815299871188
G166,159.0253401975828,169.6674897647814,153.03245287393284
G167,95.23422932468763,116.28717696534761,98.06135379373366
G167,106.7132390201926,131.54700003806983,108.66507905845401
G167,89.29320990627015,71.36557074148487,85.41553976816797
G167,87.46910563243553,83.22814934730171,90.07704055454288
G167,100.63593338731029,101.63527232436773,97.62909734527366
G167,113.08398595150949,107.13363716736572,111.00564994592509
G167,98.49908078827177,86.44055328790382,97.61818615096914
G167,110.39475340831198,121.41755228745254,103.12212100279253
G167,75.69315011177629,93.5077175249899,72.67826818641616
G167,121.99755118738061,116.5682179367188,115.93108605478824
G167,100.24950705987273,109.03790777216888,101.11715022204842
G167,117.02898935915947,129.07113999894446,122.5818388885392
G167,110.58953801185349,124.70771906786527,117.87141169989934
G167,95.38504572121445,91.17594796389997,100.42355719900384
G167,122.79133536854971,114.48185317835053,128.73573333671462
G167,88.1799979712495,84.34789216051757,87.23230078327326
G167,106.41360417621786,127.35665539500673,110.74638388007503
G167,129.60679579268464,128.44009379266015,135.58439996333627
G167,76.13257196844981,66.87263967969257,67.19191361447453
G167,98.25724592164478,84.53508968186357,95.76715140974044
G168,122.77641547567194,125.63390657918549,118.47782240577067
G168,87.42796011056853,102.02669681606007,85.86307531136235
G168,47.43588210555285,56.01284976712271,48.800914433415166
G168,69.43899073365841,72.70720805437466,73.08449441321935
G168,100.47208342507365,74.50929238196787,101.68840310733688
G168,92.08305311025549,102.44925765292703,85.70257480875469
G168,90.587401066621,81.15710248523452,84.953089347196
G168,90.94774373670651,72.34351261874602,87.04633128444482
G168,97.2631313824555,100.81999161462394,96.91545608341504
G168,62.831554922014504,75.7329832632055,64.96816364501899
G168,76.3681353356863,68.03214060109849,82.5128292271786
G168,61.084769892827495,53.092096338861865,59.76089112418501
G168,79.21550995130168,64.85141573391883,80.9253151204689
G168,46.08185209648242,53.661952285014166,50.816715502326545
G168,92.75786384239781,75.71973707675352,87.05211540324686
G168,85.64572613093259,71.38006291783293,83.02065216277529
G168,99.26444355451346,88.71070213005191,101.78410328958708
G168,124.58948678368805,128.74421489627915,124.63672514514796
G168,85.3583792212125,101.85599620192025,72.17849096301747
G168,67.3833627268517,59.07113133381969,60.96560414302236
G169,126.30654132493804,133.90813247599647,128.94305418964785
G169,114.4379585162919,132.09484671324813,119.08285717060006
G169,143.40128461664904,153.62397732804973,143.32974796349615
G169,123.45996436972332,135.00923723450896,119.81154536560359
G169,149.6424063704787,149.52747841868472,147.71482813951317
G169,121.02122899022736,127.97368073488258,122.59920378934056
G169,106.89114524283485,95.20759054417177,99.2299228762607
G169,121.5886766013015,126.46101151385939,121.22122559172577
G169,134.0357970044253,132.00500372538139,133.7048889199617
G169,109.03003761567994,90.44231437978632,107.96100891664763
G169,172.35649944888857,174.22031049176047,178.65068534917447
G169,100.20256216389072,72.0281516581348,99.40900361940305
G169,132.6085774736481,129.09520299848126,130.2604423146512
G169,157.75495910286747,148.821864498611,156.3885708959867
G169,134.6846359071652,132.69595084410648,133.54234579469284
G169,118.4733836214634,107.67460916480861,110.99825234402924
G169,96.44338872377833,107.24600046262887,105.66594639109358
G169,126.34160440077152,126.58438678059753,130.13298706764218
G169,149.7117359741301,150.15148757002655,149.50068408026533
G169,109.32204455790756,104.01909007941718,105.75192127499562
G170,211.24164940832398,193.11685685942422,211.2140736461399
G170,200.51187376116235,205.58877837439934,204.56579585821237
G170,205.2677063942659,189.5082548454045,207.95284724108308
G170,229.8170036801,228.5912786661554,232.43138366707234
G170,207.16035292831242,218.41948961855806,214.93016543476045
G170,211.91476974521535,203.88029297385907,206.17170181382153
G170,228.63742440723047,220.29723183680824,229.8159571962937
G170,204.66518527765504,188.47622241567143,201.30717040455994
G170,213.672826732019,204.00022236697117,209.70169412993096
G170,207.08999192075152,192.49739158598337,207.23543715340762
G170,238.73900043865584,244.5171813095633,243.740037630948
G170,187.5513443300473,197.3200626355613,182.2663707610395
G170,211.63706522267495,176.38074163388575,210.25649733636166
G170,210.9899668444984,214.93764329257425,205.8523288879366
G170,187.9196998820686,168.32949191656238,180.78898344442098
G170,217.1952388661131,231.46854746826787,217.80082144448673
G170,234.05840249991422,235.7204352022766,236.05499365891146
G170,229.01081791506337,236.07092109316676,237.55394914461556
G170,227.6006379623094,232.9936683170085,223.3417466700397
G170,213.10844276417455,216.36867160928549,210.216501172066
G171,161.91391728891136,151.03131374594125,158.71702724665383
G171,128.31305256068697,144.12141520926605,120.61792046432764
G171,133.6201964030178,128.41182153424802,126.19799428664322
G171,140.91676524181105,137.33897577886327,139.5839222658532
G171,148.95505161637925,151.56379975982023,152.55654336657034
G171,151.83711499170727,156.86934114710277,144.6805095233241
G171,141.4844234666216,110.23380614133477,148.21871882175665
G171,136.37896160547962,140.30803582468863,143.64436201424058
G171,156.37635013041157,152.84041018526793,174.13132371978116
G171,150.68742098962636,138.9132610335217,158.3560495482831
G171,132.9250967657534,128.0376632975037,136.7206015744408
G171,170.04517318939634,147.7183575174261,171.92206431344738
G171,167.7569651752589,165.094520932758,176.92508868242132
G171,143.59519628552192,132.5873929453032,141.8975780346849
G171,130.89300957384566,143.9426697542407,131.64054134741266
G171,166.107342195185,162.2243011873213,170.00348105106283
G171,165.95817750751908,178.55887162182574,155.93415217009772
G171,146.90059255147008,141.80172850542573,143.22337884781507
G171,135.23679975861398,122.10172427950172,134.95072402286297
G171,166.43743376455842,194.7799225343438,163.73065732592065
G172,243.048559411625,255.1358563604586,241.96998880333365
G172,228.37028430898278,212.19107813907152,231.88851212983698
G172,217.127641148527,211.15979637633131,214.3246172205195
G172,226.22880629304868,252.2832780949675,224.69755492832783
G172,203.4301944961339,203.64530490852866,201.57475461228563
G172,222.8183549907855,208.9752646980116,219.47262439402047
G172,189.26968817420493,199.7496901686622,191.15968197508624
G172,232.59979147319663,238.44125602184724,235.84153664545195
G172,202.71110305171965,215.2806745136842,198.77292249254864
G172,225.69481004683428,220.75961993956977,236.72028324978567
G172,218.03732583653357,217.805307402683,217.63265788404442
G172,237.80292863250503,226.17458529073394,229.77229607230277
G172,199.08766969853679,203.25796464951912,193.24336169670076
G172,213.56436945765697,212.96080422641637,208.23266119209532
G172,229.82693297607184,236.85737913818693,230.63798670527143
G172,228.44020222172162,215.38696114504972,225.06049127841717
G172,202.46687024386964,213.01648463081887,200.44977316420508
G172,227.22659427318197,230.78979608533436,229.98250569824148
G172,237.27614084218294,232.76555294305473,239.86314898505674
G172,207.18904672067356,215.01768391111887,203.993539001688
G173,107.60416546533231,91.52372431975837,112.39847901133928
G173,85.61708227574432,82.77555745029288,89.87384665555157
G173,62.34229194408657,73.43542786280122,60.017133317046145
G173,111.80123567081297,133.4247532093116,120.95830011700048
G173,87.86028817925315,96.46306523153677,87.60329700154772
G173,91.230436300979,92.63871747289016,93.48722226939951
G173,77.39101074781657,72.69083997186326,75.33790455224738
G173,83.59222532063114,83.63778232154624,90.0832373747881
G173,92.97325620635232,93.17240493516438,101.7737223235819
G173,87.31020049561124,94.469524760054,88.88010805230269
G173,109.00616447674727,124.51144938440706,118.32545897818596
G173,106.3126585323175,98.78571963938036,104.93182863246854
G173,63.99523902932228,41.13181977765078,63.1063446617405
G173,76.20843244352965,82.27261019385155,69.77325678377535
G173,87.97034796466825,98.24989150207043,94.8770433550682
G173,84.71454775389603,74.17569610093392,81.70786292999698
G173,106.34335777224774,103.21796406919091,115.73331716974036
G173,117.58857467454548,129.2880657222004,116.18826167239591
G173,74.02161168415472,68.64228994802843,80.94911079225797
G173,88.98753137692044,93.91023701042155,93.75022087160838
G174,213.9089161344115,202.8535141128338,210.08498860677383
G174,229.8584099218849,229.19299312676293,224.89919506269771
G174,235.104455581871,233.65401645842135,237.0823758096301
G174,234.97639488865406,232.49558969499344,239.11170854015106
G174,216.01692688581795,198.46949964604624,218.67975908016433
G174,202.5246899988531,193.0494128597426,202.6535896287322
G174,222.3398637395096,211.33925444444927,215.5061851820739
G174,206.68727148782062,206.3457936641094,211.79690972364403
G174,190.07158888033035,186.7751243486023,195.32917659051716
G174,206.45617627596485,201.73066407095715,205.54710274701887
G174,226.03570273842803,231.98974454491506,223.13153047367194
G174,214.61043486602884,217.3264770066963,213.71995846240216
G174,206.18354051479065,189.55054721711474,202.9492999770383
G174,216.49778304424248,217.5893046246697,216.98380419780375
G174,219.0567668944109,223.84122345444362,219.11268092994595
G174,238.93465844842854,251.89681173031647,239.94911176056507
G174,211.6057228392445,208.11792572173852,212.55175432857249
G174,235.9517487677331,237.78484941974236,231.87688427036352
G174,229.60757644588494,240.30218585943715,224.49730757940662
G174,211.29372910241858,199.94589991390257,210.4907148156548
