model,N,RMSE_dex,MAE_dex,bias_dex
btfr,26,0.15633090154804136,0.13635053567299654,0.08546913969938852
interp,26,0.10066388236053178,0.09507835850970472,-0.09386191830004337
