galaxy,F3_SCM,T_dust,logM,logZ
DDO210,0.011138657485531148,18.2,7.2,7.5
DDO69,0.020355995273021753,20.5,7.5,7.7
DDO75,0.005122752427500215,22.1,7.8,8.0
DDO70,0.003436729923525517,19.8,7.4,7.6
