R_kpc,Vc_kms,e_Vc,lon_deg,lat_deg,source
19.800989116787157,227.90630973216244,11.258432873769863,294.6662604916062,11.65053350564667,synthetic_gaia
12.094204114297204,223.66502533147914,8.577316754157348,247.73320855474395,19.15195784541713,synthetic_gaia
21.747752157961795,207.70998928982647,5.6867798554917,10.981827608630104,-0.4104073506671665,synthetic_gaia
18.03946466836537,214.89052509162138,13.561581624921681,120.81522579661828,-4.58470324269552,synthetic_gaia
4.166079001415939,239.50433551452608,6.918942721254075,168.01605212633177,6.524769031976907,synthetic_gaia
24.439314087645386,217.71915399862252,5.330592005451146,129.82229653925333,-0.29458443742564605,synthetic_gaia
19.50621314577812,219.05499369256313,10.727041359331936,42.270079755028725,-16.232688243467795,synthetic_gaia
20.079479021369938,230.66362707882496,5.8328922038460105,74.64466242180254,-9.790169798808918,synthetic_gaia
4.946613551537555,238.23416625773064,5.957618518598342,8.842102167647713,-4.446540101220463,synthetic_gaia
12.358876571598044,227.39794575235015,13.003770314825251,33.50777808692262,3.722798917150439,synthetic_gaia
10.528354557349369,226.95276294633678,9.916095893179955,95.86804238083612,0.14005076814702289,synthetic_gaia
23.315594743517842,219.76724722123572,7.41508452247143,295.189295628863,3.155540699806738,synthetic_gaia
16.808897761855285,225.6302528907778,8.486264233595188,189.5895035773921,-22.872419749258828,synthetic_gaia
20.923517105229088,229.92303821582988,12.292409788431716,152.81924064879817,9.978266161273936,synthetic_gaia
12.198526573028616,229.48825801304324,5.663541447566018,238.37865982507765,0.051238260127684385,synthetic_gaia
7.226490601049869,234.11358853953953,6.164806159332099,194.9438017170019,38.290635812252305,synthetic_gaia
14.7554501013642,231.62419423199822,11.162620349905696,47.34501363202544,-5.814515552646195,synthetic_gaia
3.4677968903960323,226.98424693838038,11.069717344671073,80.14441097670824,4.851877426640585,synthetic_gaia
21.035516955829387,225.62711136497686,14.724621845353719,80.10804995661874,42.43828743312753,synthetic_gaia
16.528281179807493,223.19698048931227,8.745494812554497,215.98290454044317,2.9113744425476824,synthetic_gaia
19.436018021963598,210.27201275740893,5.650776271775158,166.1847718281647,-1.0144580891402508,synthetic_gaia
10.154097266986973,218.01284149820407,10.37537434849628,139.53062252190733,-14.803828421259771,synthetic_gaia
24.326054561082774,214.70562784172984,11.383468117617904,200.39010223744367,22.923995508134773,synthetic_gaia
22.541785790410547,223.5675000239563,6.3960278578624905,349.2416828817206,-17.386523792648553,synthetic_gaia
19.902820432696522,223.12973505626616,10.528619735351967,113.10964418011564,6.4068137527218285,synthetic_gaia
6.476690280595254,231.87390211050626,6.977671216582646,187.2703561080662,-7.1033298196257215,synthetic_gaia
12.734583085721786,236.79560298485734,13.447300578810683,172.93320563188163,-2.840043938670334,synthetic_gaia
3.007486613106262,226.7748727925095,13.351614957838297,257.9914914285041,-21.35898402915087,synthetic_gaia
5.5486583175536,231.3949217806104,9.296290959984418,262.9044964738498,20.146908326008425,synthetic_gaia
17.710125924576456,225.4533489112088,14.66743190512804,262.4654597086946,-4.166959588774149,synthetic_gaia
19.129529585879794,219.36267842613344,14.797738744497416,72.54704877794813,-18.2263448833955,synthetic_gaia
24.25272384598683,219.98368132167292,6.292510889476195,161.67352909002759,18.79035895560137,synthetic_gaia
9.493983237177495,221.06651380634233,8.677138048324675,292.0228887704895,-7.562052195559554,synthetic_gaia
10.520573238801985,235.4741728121239,11.003214700466446,137.35086139463175,5.019109375960818,synthetic_gaia
12.799783659343582,223.59206245025808,5.848378095814444,354.3318422243744,12.62124573201549,synthetic_gaia
6.357841258938571,241.1833500370559,8.82655503814137,131.3232270451917,7.1105149586148,synthetic_gaia
4.988194622715848,231.72000674121531,7.6117208401659076,179.16005784310855,-32.94953325748553,synthetic_gaia
12.941213303196475,232.0520095124981,14.520502209667042,170.82921412891687,10.430350514666808,synthetic_gaia
7.2189150281703345,230.22166376243777,9.115858228314705,156.1189688889273,-1.509206439976923,synthetic_gaia
17.405721877697736,223.96770466513627,12.626708585475125,304.42729259506376,-4.93543045204999,synthetic_gaia
12.054494134063606,224.54579450010021,8.867053635121739,55.899085517284874,-1.6361242346283342,synthetic_gaia
21.15159850933026,222.37587057849996,6.318120704188354,204.35929430903388,-24.150491909116226,synthetic_gaia
18.10609734605173,225.2736826307879,13.631515301608474,222.6965678479525,2.88256371992704,synthetic_gaia
9.184432751786945,225.33843698555728,5.004169169031039,306.43967090497347,-20.465870605639655,synthetic_gaia
21.141975432089623,221.16104327564457,5.5594087397445,219.31205757339904,-4.287595643349469,synthetic_gaia
20.509580222426443,219.1310180306979,8.643844058970434,345.607325203601,2.34396647307316,synthetic_gaia
10.912002717694012,239.67831864951543,11.868982555187365,313.98037641393444,16.110556319814215,synthetic_gaia
8.631546390395615,229.15662965644464,8.417042952907757,125.54638140698333,-12.294197397895717,synthetic_gaia
17.697396591424436,231.66528788884253,5.663128176209749,309.5663203047004,21.773810577689833,synthetic_gaia
5.214307123014126,230.76294639407774,8.178400337341488,345.05201307364405,14.202798802727212,synthetic_gaia
6.597888656927491,232.17275779709485,7.4498085899016235,92.59098513285107,-6.441146137358041,synthetic_gaia
2.1693322042731267,227.03734701410295,5.05419799818198,219.67517039918704,-16.63123899603904,synthetic_gaia
20.099260682549183,220.20259911406745,10.348019131804019,101.44940844316879,-21.657242733456318,synthetic_gaia
17.291569701616737,225.24544229043576,6.166459147441861,233.84422046959833,4.07630777299709,synthetic_gaia
18.21880370840571,231.54326683704576,7.874962887966661,33.71140963692788,-11.059262243112208,synthetic_gaia
19.95676771350526,223.63693406744056,11.411898302224145,264.3076878728607,17.99035207922573,synthetic_gaia
12.555062837381818,234.07168753260135,12.251156888229772,151.1351382943234,-10.192857447424057,synthetic_gaia
15.081047506916557,228.77799085919176,7.6345562685602255,211.43058432351725,-13.510064700779584,synthetic_gaia
5.215330956936121,239.87742484923837,8.29193671065234,9.31046490845933,3.504395268664705,synthetic_gaia
4.6341916913273895,231.8084191063951,7.469092381274653,250.35892387571818,-10.290702857391349,synthetic_gaia
17.37326812118085,236.092820977521,14.56888600316192,178.55688748868764,0.1282499005320503,synthetic_gaia
12.835212741292048,224.55101102212183,6.905197269874028,225.09036276762313,14.78983995087782,synthetic_gaia
15.000430449067343,221.79242179834458,6.831806036336763,113.64047005542265,1.7584399750308624,synthetic_gaia
19.59497372056859,216.70287717619948,9.450352958315321,52.495262431709186,1.814466910540861,synthetic_gaia
16.59852136001359,236.28104750778186,6.893063592005691,156.75441911861114,3.0772006336262714,synthetic_gaia
14.732326215133904,229.8895339786308,6.567084562856081,339.8324836630908,-25.3964848542809,synthetic_gaia
14.861764697144512,224.04079339738314,5.958795377010855,82.00584959536992,5.877566248957353,synthetic_gaia
8.99085225544008,235.6258308247174,11.401712481082495,243.3020443326906,2.3989736508884416,synthetic_gaia
2.7088101950626062,236.7454545536748,11.12082254901896,17.9436758524349,13.393459904751312,synthetic_gaia
12.044499952344335,237.30282488666276,11.501628918779662,258.5159226960942,9.087162017056786,synthetic_gaia
6.9354474748491715,222.9261811645197,12.733000080093962,85.8373872485375,-3.0292294740827117,synthetic_gaia
11.396158805666632,226.5506002048871,8.263580127925758,162.5461416825597,15.485893372660351,synthetic_gaia
21.62827068516782,219.169723902056,14.184237336119216,132.39111621411865,-4.38946046419081,synthetic_gaia
7.380608174902838,220.51870650864274,12.33204611068756,40.62252359424797,3.7073565611655743,synthetic_gaia
3.3409630588485184,238.21353411211817,13.04708588581187,124.40950290423925,-4.667241457190342,synthetic_gaia
8.47182951650592,228.353123773167,12.209621638267112,126.0449849855468,6.926367073848174,synthetic_gaia
8.752656428633724,233.22774575703673,8.584556454325618,187.9580300507106,-5.647346739566432,synthetic_gaia
17.224079838718588,236.03380977244893,7.83032488062635,350.04655185839545,24.71327413412351,synthetic_gaia
14.811739503849402,223.9764443509561,9.22517069579014,169.20630810382693,30.260441058384586,synthetic_gaia
20.02965880944751,220.3756983308095,5.9703036053335845,329.1934160277482,13.109073812790074,synthetic_gaia
17.279211427529916,224.79381370641377,9.51280501565947,166.16075708251992,23.119449741210424,synthetic_gaia
11.346897813121622,232.84442563171604,5.431409830952399,38.715588314978206,-23.088217212885706,synthetic_gaia
20.722468847318797,219.214891843875,5.039459600271945,82.85504229933846,-21.320666149124918,synthetic_gaia
5.84037715787719,228.1949562906661,14.314989394746927,146.7063633807361,-4.823408499468195,synthetic_gaia
2.522377682078791,238.7094602999076,11.89336860587893,117.1327582692665,0.6184644788831615,synthetic_gaia
4.07110079783976,234.34875862054034,10.61846947065969,311.698543511697,-2.9731112714949868,synthetic_gaia
18.614265063718356,213.14244302015192,8.41102039423058,244.31241679075848,-24.632028744494303,synthetic_gaia
12.62317629578191,220.98355581779074,10.705380146850741,208.19104269072244,17.2738755948547,synthetic_gaia
5.709250917772842,238.937897495528,13.915757763383317,176.8426384452086,32.31297350035405,synthetic_gaia
13.524029827377362,228.55712277328323,11.523801339438647,143.01742258406406,19.21481518758934,synthetic_gaia
5.503178362402874,227.74953386831194,11.024819979535042,220.38927833952408,16.282849031797074,synthetic_gaia
18.01536862678793,222.8883463220826,9.60204502971678,44.85857955997716,3.391794077184046,synthetic_gaia
12.261594338202706,227.40268690263164,8.45697030650858,58.51194775808604,-12.644960560907055,synthetic_gaia
10.763488200219097,231.9514866762639,11.985471139217118,109.12188722281198,1.0879207895395142,synthetic_gaia
8.93477805040116,222.62444674420533,14.809809410158142,61.62646192598679,31.583820552622555,synthetic_gaia
16.496499641734435,220.48494203056367,9.2475769352059,243.755538848934,-5.279821687605841,synthetic_gaia
10.32169004272798,229.91372249761196,8.922052040142008,8.916595706248307,-6.824358717359125,synthetic_gaia
4.0159481442703235,231.9908595073538,9.281134723650425,57.66389700003004,16.60955488655871,synthetic_gaia
4.714135748771852,234.91296107020116,9.255439680497215,324.9389194195692,17.605290761183937,synthetic_gaia
24.123646284638834,213.77518408530273,14.906247733684951,359.11553335995126,-12.718527086622053,synthetic_gaia
22.897355886274962,222.47479595243476,12.067782575093407,175.5325720181135,-3.9222691985613385,synthetic_gaia
18.09326407764724,229.14962804835784,8.591844492105917,178.33322628783299,-7.528582438521518,synthetic_gaia
8.11500911356895,232.36221203976584,8.715023738267226,278.4235544054778,1.0453406859163548,synthetic_gaia
24.29105667899765,220.51364827443442,9.307969247440557,13.028247943407024,16.55530006427239,synthetic_gaia
19.911270791213276,222.07603774266184,5.3671218758044965,153.72773348435211,-12.060412816921366,synthetic_gaia
18.488474350656897,219.27044776698193,10.2781640202125,35.93803745338554,16.34497218355405,synthetic_gaia
12.335314549307139,226.93043544448412,13.113809515227647,144.33349775633494,1.5247687338196276,synthetic_gaia
8.261555922438657,236.13505681287785,11.605677932075107,354.17586280639495,34.89288204471417,synthetic_gaia
4.2169921295304835,231.76923738604282,6.9842084676154155,271.30798108921,4.782463265563103,synthetic_gaia
22.75985512050836,216.3260706029402,12.2803424137837,354.6165152466785,-1.453778544438979,synthetic_gaia
12.482854666173054,224.73698038981493,12.194586063320303,268.5775052414166,8.620720906739885,synthetic_gaia
6.654357390290297,231.8452781174482,7.625392156489971,218.91962585037183,-5.0571935683081515,synthetic_gaia
9.037002355465008,227.48430354193013,11.22874656856935,271.51949985380764,-26.929096850277382,synthetic_gaia
15.322050085663607,227.85023511177596,11.109490331219362,237.2730022695545,-3.60781761406647,synthetic_gaia
6.06577400760233,233.8231100489937,13.397876238561816,167.063770764687,-3.8444041360383756,synthetic_gaia
21.702128534124636,225.88108556819535,6.360723118334413,105.3166802418756,-23.884761908247178,synthetic_gaia
19.44594918620983,229.96407911994402,6.948385045115227,187.26410136036776,-1.0955278469173915,synthetic_gaia
18.547647986871546,228.3870136300671,9.859695037678051,93.05765060451499,-31.00665336914096,synthetic_gaia
11.938139914827385,222.86746723249308,5.44145148892307,175.2034847191723,-5.215302527332188,synthetic_gaia
16.42810333615619,220.21476318202102,9.155941976017065,52.608746131590955,3.6539398806700847,synthetic_gaia
15.434253284992918,224.9747343145803,12.882190419997233,203.5422356292147,1.454942657073486,synthetic_gaia
16.94647183576086,222.1525783164524,6.487143939839982,88.30212869235771,-6.166042093302273,synthetic_gaia
3.942219386217449,226.8444792488094,9.59948736936525,105.69891741896508,-1.2829560292210722,synthetic_gaia
11.563570249924021,225.5643096229325,14.897692333824446,179.65013104165982,-11.76096656216746,synthetic_gaia
2.957125998823527,230.77923158264008,10.059200134248645,58.509451087769065,0.16224779133802164,synthetic_gaia
13.361788842623936,223.289643274554,9.983238241220906,346.4567581089309,0.871296098876564,synthetic_gaia
9.586807883654062,227.4292976419412,10.58793583724168,160.89995354143542,-13.503749668522646,synthetic_gaia
5.324056343919079,237.56471903664223,6.8600437033274115,126.82052266563038,4.015488007636465,synthetic_gaia
4.3782682576186875,233.2597725452345,6.471638826859443,10.510777833329135,3.921789826206805,synthetic_gaia
15.515825160087378,237.66165465522272,11.773546291151085,303.5715707204038,-2.4931487037160664,synthetic_gaia
5.92363827634838,232.1502670073805,8.957668099057702,225.30020951029834,36.315705544302276,synthetic_gaia
23.277762722666335,219.0010694286473,7.899066282154758,149.905855742867,-2.110535800264629,synthetic_gaia
15.364406213109085,225.41791053008114,5.313916199198976,88.39180776185125,-4.188513680595271,synthetic_gaia
9.978005504301253,230.04620645202942,13.460504971784825,268.24947072313864,-6.33589663811599,synthetic_gaia
15.591056304072586,227.43185959580995,5.323288658448328,340.37084726700016,-14.564088346145995,synthetic_gaia
2.5244890336830426,243.80575098324323,12.499831240833194,137.09149403472728,10.288460397651049,synthetic_gaia
24.046861904553243,215.7441089847664,8.819885589985809,48.555384616523256,-10.293704520291753,synthetic_gaia
13.092979049686706,231.11211838483447,10.9868781050465,39.31010901818545,-8.519222204966294,synthetic_gaia
20.002910226756583,223.53693409634775,7.476780006901623,2.2903100401989285,-8.073623393078972,synthetic_gaia
3.902789998216087,224.70526753826186,6.553996662320731,267.8239586778199,-14.774152737727666,synthetic_gaia
13.193141609277689,230.60778040467525,10.333880008349475,353.3023389246014,-26.266249988170845,synthetic_gaia
13.286260870153981,233.03420476017328,11.956176949541437,357.41439099128456,-6.944098007387904,synthetic_gaia
23.570008464424607,215.98286269084747,6.954932949451465,282.3110115634532,13.10002969068437,synthetic_gaia
15.149745204649733,225.48673990763405,9.363589474325643,58.38616018657569,2.954697081978659,synthetic_gaia
12.890256224309937,218.31681854976776,9.446549702913956,351.97540412872377,23.40862905282188,synthetic_gaia
8.140440251113553,223.61819254463234,7.159791490794628,118.01283948070233,11.264344574837754,synthetic_gaia
9.6260869388787,234.22384355128708,10.65049446252131,120.10305941731572,7.859472154110671,synthetic_gaia
13.97546525684537,223.93325168443445,6.459356867817006,247.441303041278,28.239735339790727,synthetic_gaia
12.094963587016073,221.89663288342476,10.097491733185802,17.657707346802496,-1.4571839250481695,synthetic_gaia
2.4970778372475997,234.5866281740124,6.134315113659995,297.2771027667213,0.9461351025742843,synthetic_gaia
21.00471425647023,219.25999143255098,9.855424088551374,359.02701953558784,-0.17196632490206543,synthetic_gaia
22.611697752314633,218.51358061592566,8.115990548755569,279.02512011237025,23.15680096775325,synthetic_gaia
5.2257290469680475,235.4305494740195,9.52246292081535,281.40353683463997,0.03772974688636415,synthetic_gaia
14.742831301398136,219.97706364195443,9.337493594431741,140.51292140395836,-9.724160611156565,synthetic_gaia
4.497242046115201,227.66239765776882,14.079331228185929,23.73170004563649,8.815133069442776,synthetic_gaia
17.46152213991567,224.85694862329706,9.899355999564627,285.3602763243924,-12.24389716585542,synthetic_gaia
8.46837702829719,234.55431331105527,13.184989038768745,214.9769112857282,8.002072689208877,synthetic_gaia
17.16672059791374,230.46160113375316,7.256523929117153,327.3619280839504,6.207614012127524,synthetic_gaia
18.7208761285983,219.97414381781795,8.520827946342589,41.74664406005971,-2.841040017097439,synthetic_gaia
19.67889231410611,227.38757713828193,5.750893806331909,109.84430271387899,8.4871735813024,synthetic_gaia
4.478041756985621,228.28051243453194,9.207477948214937,129.83621534041913,-22.316848954625275,synthetic_gaia
23.068272438164982,229.7133764606809,11.68699887074931,245.98069507608892,2.444431819874789,synthetic_gaia
7.294921790582259,224.77181875378744,13.381670341093962,283.58825871713583,-6.941480770000979,synthetic_gaia
2.860488792052135,239.85458855892608,10.659149117991552,345.9673470903913,42.933953659267814,synthetic_gaia
14.761606796004116,222.49156521840382,11.400726695930786,106.34657699669559,2.3373760446031167,synthetic_gaia
10.531212528836091,238.48422444345044,6.772670776169481,177.70910708312903,-8.945880746751557,synthetic_gaia
21.085164092045503,224.778376086734,5.372060382334394,10.425934829267426,-20.674526040796227,synthetic_gaia
20.589783857478942,217.05130244203454,12.916881451773161,91.07563611919964,19.581092951913988,synthetic_gaia
9.294194534922454,226.57993601796093,6.6703820744128635,134.6412629230705,-5.2504907928566675,synthetic_gaia
23.916686086604134,223.95797722199114,5.911695355327524,213.77023434916137,-11.87028100613129,synthetic_gaia
8.691110277222728,234.8312781648136,14.375623209065953,169.50437769570266,5.044488210135894,synthetic_gaia
13.846313972329435,225.9924758086718,14.635213640591765,131.21102151971905,9.745782471084803,synthetic_gaia
7.887197083054863,230.29379322790805,11.162572916024946,224.66806795056297,9.509293998142935,synthetic_gaia
23.529002111126157,224.0861388437665,8.786372726872933,298.30164376212014,0.29625634589042416,synthetic_gaia
5.785979804386417,232.0427547573126,13.332395409640519,87.00520787452412,2.3878520533007994,synthetic_gaia
3.0329442460235665,226.6368855495434,7.047199593354124,123.43531653374842,3.4805561352105414,synthetic_gaia
12.007232380069873,223.43060963925544,9.29392327429682,253.77251388732716,5.045943984433101,synthetic_gaia
24.82463797328425,220.66020098245568,8.570172990006018,280.0586155530709,6.373277938522235,synthetic_gaia
22.50857712386302,227.0095513800741,14.126999907416817,297.14287382447304,16.41679126958319,synthetic_gaia
19.21798444750983,231.06867184111658,14.197774153622737,75.35923880293032,0.8462229303877543,synthetic_gaia
22.488227290206073,224.84250504747845,11.508859263236664,194.13610604798964,-12.252048987455428,synthetic_gaia
22.549272713050854,222.34315835952503,6.107401402726919,324.0039954691024,-2.164375546560515,synthetic_gaia
13.933742288888329,230.03548049935716,9.821927896583025,141.10216383293704,11.306712281024952,synthetic_gaia
9.266368192108239,225.87476562889807,7.453283662240567,154.75791247976005,-26.797919375772686,synthetic_gaia
19.756285938552725,221.88616648711348,13.849156631844819,354.53625980424687,-26.71128293057942,synthetic_gaia
17.218209052858505,220.11796573526607,6.384027990162019,40.69895257170195,13.774141820884866,synthetic_gaia
10.594127764095331,222.13495709390187,5.543102758607073,254.01671620618896,22.80184225276992,synthetic_gaia
4.172733365414851,234.05978670479675,12.044290335500783,306.0662857347211,-18.978000525292103,synthetic_gaia
19.1761610610276,223.94246586978147,9.532860749681529,54.285665988246265,1.5068890624934252,synthetic_gaia
8.036591866225887,233.41539250615386,13.383648876030845,257.20316496260546,-5.993176693755226,synthetic_gaia
23.546702462276922,223.01387011553916,5.746296311693118,169.1057599237592,-3.9124516836243575,synthetic_gaia
7.542323225130749,231.49926934091258,13.010761326078425,307.04071848287157,4.582965131346234,synthetic_gaia
4.823432445464179,234.76843804997264,5.373347528441583,326.6828340609262,-19.393053435161235,synthetic_gaia
21.115591458872842,221.58933985706707,5.28070011913957,314.0945651356464,-16.60826250738602,synthetic_gaia
5.525539282363363,233.61099492463492,9.613157517310297,23.178649528444595,-4.518767593818377,synthetic_gaia
6.123171087627999,227.5422960568007,7.212912896806518,272.4678996533907,-2.180633968412403,synthetic_gaia
15.785804204979401,226.9824020000835,10.937187070065306,331.7499269948986,-16.889326585262573,synthetic_gaia
22.114926939261682,224.52025908939152,5.258169942114704,223.68543864153514,11.844715121837764,synthetic_gaia
6.517997311435185,227.577844539992,5.353895423629785,216.31538177225647,-6.2634145966655,synthetic_gaia
9.137444476702179,229.54825769702535,12.271484961719406,16.20193946331996,-6.3272640910026805,synthetic_gaia
19.880311279547083,219.45679290213627,7.101651624923116,308.1718879941378,4.239881853448511,synthetic_gaia
24.352007799402248,217.14746164279302,11.564171236607336,16.70528189849815,-1.9336241410124895,synthetic_gaia
13.517047282653873,220.92719867283057,12.499221615007585,112.86345829848263,12.562152193587197,synthetic_gaia
5.309642558678767,238.01034802665856,5.593311657249674,333.3107035033976,-14.001338067009998,synthetic_gaia
2.3205346172886356,238.87809173779482,12.697539544642392,341.90825138262437,-20.960798955952107,synthetic_gaia
7.282088689973671,233.13586383990315,7.68421217961286,357.08419457133215,-4.646813456979113,synthetic_gaia
5.031911009089984,241.71603537903783,8.895459581997482,171.50482282063905,0.9035425940251932,synthetic_gaia
17.58614949309572,223.06242808397323,5.8663919229531665,63.8746366971639,-18.611339161462805,synthetic_gaia
4.802147606456216,247.15746982151802,13.386299833648527,175.6600152584702,-20.81630342550389,synthetic_gaia
13.645588427274559,225.3338601561373,10.607287863257639,36.83265302989773,2.7344667350697813,synthetic_gaia
17.96803601978639,225.04594424641357,10.04665277847172,314.11299922918914,-11.366708509724429,synthetic_gaia
15.365682012080754,223.4075591727485,14.685548109027556,201.79340397594174,-21.787675755103795,synthetic_gaia
6.5948399881813256,232.7398528076882,8.345057599406708,145.6221237000319,14.480119384710939,synthetic_gaia
20.494864102192043,226.3687845755612,13.90779286476696,28.631052893089585,-9.476920093906385,synthetic_gaia
18.45436398116344,222.89644054650742,12.196878810646043,145.88664365398697,17.247174057980367,synthetic_gaia
18.99663209005746,232.01070417930217,14.28528135852239,311.8289790204392,0.4270618666414073,synthetic_gaia
5.0143282858182046,233.06179124453092,14.078020527624597,253.22613569179657,4.421382930829551,synthetic_gaia
4.846337483957926,233.3234660030773,14.910298050260696,29.683986303947968,-3.172496191452794,synthetic_gaia
23.333938673149675,215.87129985671288,6.316767520371576,57.5665919014233,-39.82743366818545,synthetic_gaia
11.144298457973635,230.1273088365184,12.96016392091595,141.23105665470166,-17.051797365805562,synthetic_gaia
8.921819910961613,228.75372645160215,13.044943549475033,36.49502976693072,-1.8856418957808665,synthetic_gaia
13.237433043085266,223.68540570138526,11.443735281784868,336.2548291175776,5.470937059390568,synthetic_gaia
17.245876893562397,220.3389549007817,7.78860958238202,234.82513606711532,-26.84511033582181,synthetic_gaia
23.979334912080308,233.37173257873323,14.651482716283152,34.13628046942022,-0.8040256179069177,synthetic_gaia
8.588263218287265,228.31494923767528,7.044221378902096,283.70068645696585,-16.833961308210473,synthetic_gaia
23.270593874176623,213.17095172473327,9.99575378358439,132.62613428589944,3.5193024763448126,synthetic_gaia
2.5717683018838953,229.9015375126597,10.214871128191863,88.1534320391595,-0.2910117854973759,synthetic_gaia
14.769554973516968,225.51118894417084,6.618293448360388,205.19457909828878,11.152524036443603,synthetic_gaia
16.581427568664957,227.36994293266682,12.22528822333241,4.813967923394871,16.00234395281278,synthetic_gaia
4.435640286267326,235.00170742970948,5.888671641802397,167.5431576375318,6.884848489110434,synthetic_gaia
5.22781073246999,235.1156910510889,11.93097778846711,303.76979751426103,12.90590383455862,synthetic_gaia
11.639629344274988,224.50093012664146,13.486154962906369,334.1007345548046,-5.255137138857577,synthetic_gaia
24.22333397929318,221.5626184804495,8.493964250823996,123.31969358991832,42.34676116900718,synthetic_gaia
15.708978724390574,220.80159097670298,12.094208085992001,231.27717173941596,-18.282286447423218,synthetic_gaia
23.45953409680486,217.2395762744269,6.567740081478498,81.65643781278008,-7.916336668639819,synthetic_gaia
20.500301059098327,217.59876696556225,13.459490014528786,201.67670555449527,13.520378741203393,synthetic_gaia
12.749776835771705,221.08944520465133,14.520316985532247,91.44998141514805,11.290819572914888,synthetic_gaia
20.04955933280031,227.79007286128984,6.526936934997769,205.68834310588304,7.310835287135233,synthetic_gaia
2.410246031470718,236.93665473522526,11.918594739723321,61.81996222556314,10.129779869896618,synthetic_gaia
4.510311925611903,237.0643818963832,10.058310965565258,338.8437204338676,-31.25335731909061,synthetic_gaia
21.076858142302935,222.02352899118213,10.314993318323786,319.290291506625,23.839480418067513,synthetic_gaia
20.32679303147872,226.17979284965153,12.064897186006881,121.29056980158235,-3.0583643829992244,synthetic_gaia
7.350737065227975,221.5993423110198,9.887404993364372,279.59864001297933,18.688412734062776,synthetic_gaia
14.20770058377823,230.43562472536536,11.003263920177169,34.381487063590036,-30.50289868451934,synthetic_gaia
15.93836387610025,225.92412172746248,7.309010194113772,266.52992713395264,3.8485275522178664,synthetic_gaia
21.957995936848256,224.41180054021567,8.785065964886304,101.6852866605735,-8.452534187172729,synthetic_gaia
15.87146461879069,226.98045110849887,13.652403500715021,48.83103672331043,8.58180227371955,synthetic_gaia
11.489146093294648,222.88400791900642,6.0990251164838565,244.14883844530092,4.756056787032685,synthetic_gaia
10.606232998365202,220.8809054990665,10.9757526093364,169.13045441498014,5.490716962487675,synthetic_gaia
11.795287986590727,224.067674177466,6.842870622348903,190.85025662295982,-15.884125323472372,synthetic_gaia
16.994413588339405,227.20307791365244,13.465395979233719,187.3907222896515,-0.8545368122791653,synthetic_gaia
21.952284530303473,224.7302792444373,10.790439538535498,21.401273558167034,-2.7025057189401154,synthetic_gaia
12.439628287754894,220.3855209332439,9.03048782670271,18.49688967336373,7.4296506256114885,synthetic_gaia
7.7003099478812365,225.28180944523316,7.49824673651818,216.4203014213149,14.839454931502003,synthetic_gaia
7.443234348944366,226.73180010220557,9.368446991896345,224.59127124794998,2.257138830129219,synthetic_gaia
19.158328445599267,221.23951942016637,14.576123259217423,16.982840345441254,-19.14258432582898,synthetic_gaia
20.78108155874994,215.20156987151805,10.092092897436206,136.23815947961438,1.6136821435015207,synthetic_gaia
4.421395836644875,225.12636877139627,9.694895316998602,220.62646064175385,39.16614342613894,synthetic_gaia
3.5308537099690978,228.68403994923153,12.462738135003091,236.40503607110747,24.690079904816788,synthetic_gaia
15.671974266398392,225.63628526462603,8.790470708319067,298.17927333955856,-44.61599344136549,synthetic_gaia
5.361984616432061,225.7457879159625,9.27423949880794,151.4636220948771,0.9501473054226705,synthetic_gaia
20.96727638049585,221.31643471233127,8.36947731571619,197.37280121290877,13.981792878830165,synthetic_gaia
9.137697500253712,234.5817031430505,6.509197553293914,208.2817352191742,-2.734905188519691,synthetic_gaia
5.309054458336281,225.17294227647227,12.138092142026506,112.33630198811484,-6.9013638021582535,synthetic_gaia
23.182320867211356,219.4788206659402,13.730309138836237,19.377144878980175,-4.004463226252325,synthetic_gaia
5.8072296229113975,236.49426515443426,14.055926492427655,1.5213334338376727,8.282842281519782,synthetic_gaia
8.548561893772519,227.56580686457312,13.808029380377796,301.00514980266894,-17.227049615625134,synthetic_gaia
5.5331080894173486,228.67345898982208,9.517838024379929,72.0834561080591,17.83032977414056,synthetic_gaia
4.656271464303164,237.9073094063429,7.840661922031963,226.8916790972888,-0.8398948754710369,synthetic_gaia
2.486404375738121,231.91498687030594,11.379237496008233,207.73709231181104,-14.02536411167324,synthetic_gaia
3.2740944107779826,238.4761661192916,14.547049119060317,143.86790762658683,16.865252420980433,synthetic_gaia
6.016753831524612,233.38435581093313,12.27050648168605,300.05759113222814,-23.17696357667462,synthetic_gaia
3.227784450425034,231.26841145393516,9.948485615901566,251.42457444961644,-8.328151455023757,synthetic_gaia
15.596307770552338,227.65076029639243,11.888085745134482,8.186926838102258,-8.575125979277464,synthetic_gaia
17.656434116388645,225.5669762464873,12.72537912454397,279.6098664084065,32.15912907354196,synthetic_gaia
11.053500507136649,233.19597628805198,14.192692613280707,182.51957448063442,-10.275311529591646,synthetic_gaia
9.313795229897137,226.43715029198918,12.632157539721542,124.92694406982487,-32.32447830750158,synthetic_gaia
13.604103451511293,226.70346567671353,9.331905556359056,261.67847634420406,-8.727226729187121,synthetic_gaia
22.125113671395997,220.8642255573543,7.736065184654841,246.98362667265698,6.833255211071672,synthetic_gaia
21.576027416910737,225.0357235726297,9.998816647295913,111.81176563282166,11.761268198754063,synthetic_gaia
2.9999264262942145,227.99915001134522,8.281779446054717,353.8939937392373,34.148095401641584,synthetic_gaia
6.174463420720054,236.22584560323924,14.42764592687814,233.5350552162312,21.103463564788218,synthetic_gaia
7.445132035401109,232.67843633872639,10.079658434499622,218.0806964834017,2.8188389087272823,synthetic_gaia
7.735914244140872,223.58042822924722,9.720563359640083,25.156930853437945,-13.371232013621663,synthetic_gaia
15.138350990083772,231.57984475860013,8.481962181548628,100.55476092410548,24.36041147021038,synthetic_gaia
11.574035791173422,238.93669303450528,11.394069902916003,160.91064083751894,-5.5284532548934715,synthetic_gaia
3.1328447583346617,238.05114187378788,10.200512786209478,227.02525355148347,-9.872358543219072,synthetic_gaia
10.593125184570146,235.514220595776,6.290489228982565,184.594907062936,-6.256107032311049,synthetic_gaia
14.046317820505656,226.64790827019692,13.692078108304946,274.69185604970085,-18.784323583452142,synthetic_gaia
4.3384537667854675,223.98094179706655,8.590128321437984,94.52437648844469,-6.975301367564634,synthetic_gaia
21.169546737136873,212.54843103345183,9.325784299581542,252.77651830169435,-3.496624949676232,synthetic_gaia
3.1951229286973977,234.27845838890292,7.056670566635791,293.9749368808185,10.959849087181771,synthetic_gaia
23.27136298741543,217.49550409421545,10.53398207617889,275.4179912098632,-5.8213250265152805,synthetic_gaia
4.279602256337137,227.7523671981525,12.020550624285828,277.504770451692,-19.01188862757773,synthetic_gaia
21.402223886748313,221.30987665093892,13.811653206259395,319.86254061437955,-24.0565823288505,synthetic_gaia
22.761022310335193,223.85228749534696,5.516076649722627,30.30427529297622,3.1435462128467404,synthetic_gaia
24.53012565349163,212.40488373275699,14.733319096993784,250.9889656946771,1.0893878020383707,synthetic_gaia
20.446595246292652,219.97648986966516,12.038177420203567,348.72415240192595,-8.314690668197517,synthetic_gaia
19.927983437740565,230.09436376701373,7.842986844115174,206.51423395483374,-7.011846907381062,synthetic_gaia
16.777115347897595,219.13786100645711,7.044747550139661,78.23387231438134,5.82730399198755,synthetic_gaia
19.916916155296967,226.90073333876416,7.960879186545979,359.5513700787167,20.85819380534021,synthetic_gaia
5.094700793502383,229.39215819631602,13.757257516664424,62.88382541573241,-11.702168762159818,synthetic_gaia
14.329564826795657,228.7729907825025,7.913901731959504,120.80077105494935,1.3335425432314896,synthetic_gaia
13.827126014379532,231.84468377702714,9.628211345572357,61.94238783018041,14.374056060079855,synthetic_gaia
21.724159314818824,225.12880926316333,12.057380542422326,167.22463275002457,-11.641714352958749,synthetic_gaia
12.644385408650866,231.6430571306626,13.719898637238856,150.79536345994498,-0.23448171844958024,synthetic_gaia
10.857058410308131,222.45637082651763,11.58571162346104,176.8467227438062,-0.5699340463149932,synthetic_gaia
16.70995523845353,230.12457650967303,12.531091965344228,334.07402401995466,-19.669428525652783,synthetic_gaia
8.12865630251946,225.65612423775124,6.733267962959556,172.19677890032102,2.5274819214843407,synthetic_gaia
5.2146734519410085,233.03853792039456,13.774078276911387,185.26547743691188,0.4731701790664707,synthetic_gaia
12.991177302546154,228.1717451208948,7.757191836181106,319.2055581306485,8.326263743940867,synthetic_gaia
11.588455477682356,230.18282812079642,6.283781640565157,294.3928778453396,-17.803297119910685,synthetic_gaia
7.349108632164095,232.0915904851984,14.762442903406694,86.29993124115992,0.14955577891837235,synthetic_gaia
10.452771632647945,224.2479678369714,7.01639925454161,4.653343882386074,20.72601095483713,synthetic_gaia
10.427026346003691,221.73377147226913,6.366519700779765,226.6198531927384,31.162497478684298,synthetic_gaia
9.532397981488545,233.40399466137848,11.260209001017866,304.1459365815072,19.20193903457414,synthetic_gaia
10.727673833719367,229.22437674151996,8.188631494960953,199.02604053974403,-17.656072584753634,synthetic_gaia
17.772096945486744,229.6393236138599,6.333492051804933,76.02369120462426,6.765790230654396,synthetic_gaia
8.82815891513956,229.25873600709843,11.01121117215876,266.88783264311047,-7.247198624416705,synthetic_gaia
23.82373231445283,213.08434550008218,12.589852272222355,241.03414174005718,4.258508896948815,synthetic_gaia
23.076004449378093,225.40814562415923,12.931983742071566,203.41171346707904,-11.583250586653856,synthetic_gaia
13.060939850901807,224.98505954488084,6.555126010122724,310.80102264755413,-25.7021016277845,synthetic_gaia
9.552307715107842,230.7398249651627,10.568670679399421,282.3272470580518,-5.16775858049749,synthetic_gaia
14.315000166090073,222.8158277537961,13.136783706814606,240.46275291220093,10.839040449150229,synthetic_gaia
21.516891241793363,229.7734515250476,6.610870114241853,239.3131208483586,4.319996332107169,synthetic_gaia
17.009508832882346,219.98623285853256,7.0768225177067485,238.39294834737896,6.044217898715303,synthetic_gaia
20.50101204278278,220.4997187027299,5.024113974316776,189.05930816996303,3.2452548446906686,synthetic_gaia
14.252612349512024,226.62936079504155,10.246341563952882,167.01179207178492,6.067912122685662,synthetic_gaia
16.557105473155275,219.19089744384314,6.946816968619509,255.45616541953908,7.94267638630053,synthetic_gaia
8.627579126196618,231.26036068906507,12.242425757268991,219.7780133292832,-4.120221434319273,synthetic_gaia
18.902542733136688,231.24546317912703,14.622138556176058,176.39300242819553,1.2433584212942468,synthetic_gaia
6.6553056418915215,228.38812317034925,7.087554889990702,45.59808740797498,26.14887562304536,synthetic_gaia
17.98035696282546,225.7379909933927,11.490970117635326,252.6943639151396,2.130465435017085,synthetic_gaia
21.796538571495564,207.6299864626225,7.118344614585114,232.55948540806753,0.6384524468087707,synthetic_gaia
5.03836525793551,231.6563757113661,5.18006858979704,123.20943335046128,1.543267608395991,synthetic_gaia
16.130734032464154,223.35307980007886,12.585541942145849,128.27633983742763,-3.2686277747432957,synthetic_gaia
4.187202209288496,228.29051060714278,9.340046766508928,88.82005828869082,-6.530339455812046,synthetic_gaia
18.691459450242817,228.7250901917409,14.46786861514653,346.28949229140676,3.1301778654814743,synthetic_gaia
3.9433440329409652,230.90419157129276,10.342858821434056,309.67249063274016,-7.585728029387268,synthetic_gaia
23.5266159221144,219.40847761321058,6.57482868975684,201.97765058839803,-2.182723942158233,synthetic_gaia
5.16038239086945,229.88879663176124,9.497744417972779,144.59513276106514,-11.857720597894307,synthetic_gaia
24.05424565590885,210.3820171062316,7.028917948060165,265.2570949307124,1.6201770680147607,synthetic_gaia
20.42033604995722,216.57735776839192,13.780292726865746,189.98214340535898,8.762924162640411,synthetic_gaia
15.654686102726144,230.02128861639724,11.909031808875248,351.306372209441,-3.1787228986637293,synthetic_gaia
20.00035440647958,211.95002526155042,8.412388046547036,19.844141011975644,-30.125676553339737,synthetic_gaia
20.287641296610975,218.4886474415396,10.278203228071405,12.342864259251044,8.855573160832074,synthetic_gaia
23.758622444798597,218.15226069055205,11.694801882130285,204.6999664704144,1.8027576413964048,synthetic_gaia
7.827817138301306,238.8257236250195,12.828577166454252,73.18052016800642,-14.898471750201898,synthetic_gaia
15.571745593241111,229.11067783170614,5.801472098705417,217.54949887806927,11.599053634849097,synthetic_gaia
4.186131543981228,229.59781514974625,5.225188419952468,281.31229027698384,-20.976378010737708,synthetic_gaia
16.17181110055479,231.415186547731,6.144526971698898,49.71951402655422,15.68111422986702,synthetic_gaia
5.939699994134143,227.58510840116054,8.94996310172563,158.61896070823005,-0.8604992947081932,synthetic_gaia
14.993864063866162,230.67433397875368,9.66706610082092,247.9201500417679,-34.03297613065996,synthetic_gaia
15.165901822778544,218.72692513114833,6.364616302138484,300.19088544226963,2.674943808948562,synthetic_gaia
12.717658518568228,232.41775258484066,9.111531378996052,178.6838724130886,-6.09288552136404,synthetic_gaia
14.020530836801823,224.2064999996439,9.416227863618305,74.21529128616777,-8.352739377347046,synthetic_gaia
19.570237970151524,217.62608006394893,6.090899636774867,210.88773201082788,-11.065886421843276,synthetic_gaia
20.382628479777534,221.17513913475747,14.16659960195734,163.62614474099982,-1.9082368628980908,synthetic_gaia
13.31952395823487,228.0620184247043,10.991459275877077,277.8931537216149,-7.277830217507121,synthetic_gaia
15.790649155020082,222.65710212548387,8.885355304562822,200.00738311306128,-27.85035364782578,synthetic_gaia
23.418433420872343,223.1332466419314,10.069071834722067,100.59222418935508,19.08101830015807,synthetic_gaia
4.753872535525825,229.11386024697603,8.141974864688066,271.5814510996277,-3.6653648394270775,synthetic_gaia
4.693382015702541,235.1684982098427,13.54331031644593,186.38892466630548,-10.979025238173946,synthetic_gaia
4.017307273947673,234.7002932639657,10.750150415685038,63.9167588201979,-16.926355238179966,synthetic_gaia
17.13085555593214,223.98860000400273,9.948958143935435,202.706036331118,11.56098101179382,synthetic_gaia
11.627990918178728,225.52559411430855,14.108854030955976,341.39522154451424,-19.476479536447872,synthetic_gaia
19.809392571262393,223.37683362178734,13.379796982340677,253.985853937585,2.009809527869501,synthetic_gaia
17.438322506097627,226.85231714885748,13.128018914258494,107.56921012487241,-8.754735028103719,synthetic_gaia
9.673668441549477,239.2629529876896,7.256092042318442,255.9143431054289,-7.881294908434984,synthetic_gaia
22.662430589315324,225.53308299066885,6.5312311146835675,101.73827196078442,-16.553392964638498,synthetic_gaia
19.538239382625004,227.66855013493858,11.900965197127476,195.36798151485428,-9.304791487824904,synthetic_gaia
8.22230364093404,245.30362119871765,9.68642256341396,189.574474963519,0.1321858726028695,synthetic_gaia
10.376416408757242,231.09453212836596,11.837127129568437,89.06071640824932,3.529683395234895,synthetic_gaia
9.232119544698048,231.65314284112225,12.606272321111163,125.23723195673449,-11.783887219244676,synthetic_gaia
5.625067918374992,235.0044079226239,7.953135073447509,339.1853237229764,-1.3640160365612095,synthetic_gaia
5.399017568470407,226.58078413176474,7.846504331228087,90.2154731095561,13.326816464556329,synthetic_gaia
23.530931657642114,218.07365953187988,9.908315662581836,288.3697357071549,-24.93942835423609,synthetic_gaia
12.071792855571324,224.92428313180625,7.735493135264973,240.2534088043704,-0.09403460387789175,synthetic_gaia
10.816355923880426,231.47784743367254,11.672952760161994,191.74648770927521,-14.261759181032598,synthetic_gaia
18.782771299579693,222.3898951266567,12.467304458807167,49.505353007458844,-15.790262581747971,synthetic_gaia
14.718840500816698,226.49184181436107,9.720389460532443,73.64547097429602,3.9151726949715098,synthetic_gaia
23.53121969728463,225.73026078993942,12.237997655986433,64.43194449254541,-8.178772030013391,synthetic_gaia
19.94693435991602,226.84891971857317,10.104375690707762,211.24593323055086,-18.2520468935265,synthetic_gaia
13.025499974864427,226.05045750050348,12.128717219670092,350.4179508186521,19.864247881049813,synthetic_gaia
10.656267890059002,224.989857084322,7.249682477957253,315.8061345989981,13.801342714977439,synthetic_gaia
24.692525533259406,225.2435451999788,12.388430459330419,9.090677854647812,-28.984589345387537,synthetic_gaia
18.5084854280838,227.30165251199696,12.151240234570178,98.54158480644475,-22.11642192003102,synthetic_gaia
23.877477180088345,212.04529267096785,7.666057070491776,56.61268521732797,8.901856069780225,synthetic_gaia
4.725007275991951,230.48110075796362,10.55970991040175,351.24402308324466,-4.273107495562044,synthetic_gaia
21.562274621388,222.35115567171633,13.553116678744017,84.81968445521342,22.50861966532436,synthetic_gaia
16.652699331797773,228.48621150323154,7.49522646972439,72.47274661396581,9.245045978115153,synthetic_gaia
4.80419860170759,236.54788334863161,12.359797840146763,223.51510568961334,4.491982857809972,synthetic_gaia
15.529933999292076,226.7133212563198,14.53966717146887,200.2271700869231,-15.327940377381559,synthetic_gaia
17.78021639742532,226.81360240840345,13.66241919757565,81.30653416124456,7.371604422967074,synthetic_gaia
2.2829617754378653,233.8938329022421,9.015200826802761,241.3313512334072,-19.136459321257004,synthetic_gaia
12.44931312236017,223.8499208576221,11.072077329881385,34.92259606608809,19.578668001151033,synthetic_gaia
20.984188757515387,220.5785600713466,14.917701342527039,6.9728637711211805,6.332078835273629,synthetic_gaia
8.793257582914066,229.59916994387925,10.684374113757185,29.669324654284857,-12.372458651363887,synthetic_gaia
12.546605881366675,226.98497507405287,6.150276024303666,131.35256135127815,12.07016142198472,synthetic_gaia
12.173224922561543,217.96386990118168,5.454307547787609,351.00587803493426,33.62287333704503,synthetic_gaia
8.944330003177306,227.42237707336702,12.903145097440284,197.008919571371,-3.2642564971417625,synthetic_gaia
23.12416359685775,220.82842601740967,9.236283254018462,271.7013970855682,8.256197845369389,synthetic_gaia
19.969762814924866,221.11204828114344,7.468128906291945,115.73847080336137,-6.477439795365024,synthetic_gaia
4.543533452910541,230.92617261437297,8.476720306609469,258.9620635739985,1.2802832642751785,synthetic_gaia
24.93179713026418,221.8575836476078,12.573728665464524,347.8252313240487,-22.60851840047171,synthetic_gaia
22.22160055907814,215.716713715333,9.652473356338291,128.79392050153916,-0.007942702587976583,synthetic_gaia
8.529894070872896,221.5286051359484,13.684994925258765,359.661396504609,0.6536599474591711,synthetic_gaia
21.24862133220158,219.97876271319063,12.349255887776993,229.82758237139979,26.984966652671226,synthetic_gaia
4.4476492330418065,236.0407912568578,14.74014150445425,269.49290848730055,-26.925046690550246,synthetic_gaia
24.97940880090749,227.825634696866,13.885037667898434,90.78020598533398,-4.21325188661669,synthetic_gaia
17.310748930450348,228.09142311394223,7.545472117860092,231.51267690380698,19.32175826746553,synthetic_gaia
16.95287535785233,217.06313410199806,11.590592328025533,183.96225052645948,-3.626572436981345,synthetic_gaia
4.080136720635053,231.28807835271922,5.205430345281439,344.304952371877,-2.570122994774965,synthetic_gaia
22.63176817462238,222.13831679626867,14.911067244295982,325.68301720422556,-12.498885373232612,synthetic_gaia
2.6669885737027967,234.22108772605372,7.610061088025965,142.80213561302781,-13.989080703941367,synthetic_gaia
7.5390453349463815,232.98461943037287,11.64795093623584,340.87311055376404,-27.387806487497283,synthetic_gaia
5.289503128832605,227.1088158121758,13.491536211995653,318.5325189900035,-9.438228714662314,synthetic_gaia
19.865662635921026,222.90867629030308,6.604646627279714,212.5381861328901,-14.840325826681852,synthetic_gaia
6.558697225896651,233.00242838269526,13.478793428104792,29.562447164234502,1.7705825048561026,synthetic_gaia
22.94467922401036,224.78793025151182,5.1224566579082245,57.88448663743358,-11.815023036355974,synthetic_gaia
17.094187904532273,220.28754172660337,9.419771380854074,27.67472808256808,-7.193864775727601,synthetic_gaia
2.831742341378013,231.50437670042425,9.720376225311384,38.87752127366197,-6.7830808958649,synthetic_gaia
2.1248861849601104,220.1528577340332,8.74090713258736,351.702854781508,-0.7224777343555828,synthetic_gaia
3.188132091331175,229.90010760502915,10.863847463004998,76.38022771781482,-7.927833846072614,synthetic_gaia
15.936279085897738,222.4177511064587,14.14842348702632,248.70764964263867,-15.92679134905698,synthetic_gaia
20.43408164976655,217.1307764280587,8.26989114300289,229.15017276579707,1.2864966592175755,synthetic_gaia
7.486714874429935,231.14886395464455,10.792598871664243,227.21215134708137,16.012248243969164,synthetic_gaia
21.536403387230678,221.2600207227545,13.774625257433229,74.41343985457073,1.9269929368616159,synthetic_gaia
3.316334623524989,221.63122147240884,12.729953951013782,208.56477397845944,-9.147306573579332,synthetic_gaia
20.422168633758552,223.31368445040968,5.40733264805496,225.19380585058258,-1.8471960764043747,synthetic_gaia
23.33929489396245,215.77132003732834,14.427907641276622,205.34591399223999,-30.75949155534808,synthetic_gaia
19.75849317940075,225.0793865588271,5.4664690425861275,67.01848821924432,-2.0910412430829712,synthetic_gaia
18.056778031508657,217.30525749166375,10.887584743743297,260.3018149468952,-6.005315536357093,synthetic_gaia
21.273545029073812,221.85406704948355,10.753536203151647,26.367538289943973,-14.001905370097683,synthetic_gaia
2.9234798895825276,231.75700842457837,12.86390230702316,212.83200425506388,-11.28147528497952,synthetic_gaia
6.640988546538274,232.36489158316525,6.484430518489777,157.0533596644728,-6.153517523094702,synthetic_gaia
4.873244624029791,232.5777084982381,6.7937039206270375,90.10317352790652,14.886874140097362,synthetic_gaia
13.60421277443869,225.22154614086853,12.521069327383605,290.66003604940994,16.38090625170139,synthetic_gaia
19.139326951563422,215.35655908505166,6.49504752411625,63.3213240019862,-13.92187742336716,synthetic_gaia
16.49027242525717,217.30753991690912,9.694451270656396,335.8734335632623,-7.771160598650903,synthetic_gaia
21.576015294524506,218.5955557454611,12.31648090210932,318.44341019562734,-7.388849359328671,synthetic_gaia
5.56989882614509,231.47741381401138,11.512419287826813,129.81151697834986,12.143182733251866,synthetic_gaia
18.896285114508714,220.14858206743645,7.106041861130952,109.85505510909358,2.1825982894742526,synthetic_gaia
6.439954289984795,234.10108822165685,8.039602586860855,49.495206030804766,1.3918479396156256,synthetic_gaia
8.227451280309406,228.4617383537482,14.68974903241041,329.8780137362241,8.043939201317844,synthetic_gaia
18.32780803746999,218.72005635268368,9.486706201548838,225.91146917637792,-8.946201126163974,synthetic_gaia
24.544710052669682,218.2690747521419,5.444574764363805,11.442089571625136,20.45829861531086,synthetic_gaia
16.0655029374726,226.08835984566238,7.195848994663327,183.95978924217977,-0.026169861303023127,synthetic_gaia
3.2535072447997986,234.59098156612305,8.424350896618376,30.887621218579287,-12.838686692878698,synthetic_gaia
16.175106308333255,234.28245421725737,14.994894042945859,206.55024658302304,-3.4446036569675993,synthetic_gaia
2.974062686343843,229.79666412101798,8.026915474769186,183.2262185954925,18.47892486311808,synthetic_gaia
22.335351361436796,220.67301209115,5.26395848782545,29.824576380979924,-6.377132039756583,synthetic_gaia
18.320300557314276,225.6804318857757,10.129215775553359,293.70981352203825,14.243366985672473,synthetic_gaia
5.981940467717575,231.14417241167243,5.836053849739771,94.43418377985996,-9.380186891572823,synthetic_gaia
4.109583133956555,229.9284198113339,7.740675986957219,194.93437110001165,-11.484955451659594,synthetic_gaia
6.221264264247337,223.3654239531242,14.923831760939391,230.0539955869924,9.893961158914378,synthetic_gaia
24.540625129746427,217.1079364986434,12.046385189301544,346.42963208705993,-13.109588409686111,synthetic_gaia
12.546894776545265,221.7896787010702,5.506666292828704,177.77220943674453,12.338103752425432,synthetic_gaia
20.033861811852383,213.84580296197336,9.48686718591796,330.23367802365243,5.274389985350241,synthetic_gaia
16.63739186847887,220.62323587384776,6.716375126288493,127.74864288517159,-13.103909017013878,synthetic_gaia
15.16550244904866,220.2861023655123,6.229446564021213,308.67739259399815,-1.0716411599150106,synthetic_gaia
5.337995857296143,234.58268531565463,10.87065413348802,84.89744170251004,-8.231614358393061,synthetic_gaia
23.758562431836186,223.15635766717386,10.056558896402157,254.6927144767504,5.2346483500358945,synthetic_gaia
8.930880547838512,224.89880320969655,12.428665843155082,31.900317751798745,28.31697367433129,synthetic_gaia
15.29439596357347,224.13985936995098,13.923062282318597,354.9781284061173,-5.560569043311335,synthetic_gaia
18.09484672554852,214.39950748596948,7.466818574316619,343.4171039504525,8.006644107877605,synthetic_gaia
16.932362570642105,221.94557364243522,14.22991986655397,159.19690986625596,0.3666096250127393,synthetic_gaia
23.633671422996922,222.22386486413865,10.179917725540955,188.61667847649127,0.3608655459477034,synthetic_gaia
5.414096768161334,235.74087896796968,7.5883491818511715,215.19895043448795,-2.4780768109728575,synthetic_gaia
13.692112984279667,222.87719397636863,13.457858381026092,99.01352148828121,-12.86126169527331,synthetic_gaia
11.292790987037618,233.2012799357391,5.355299180290225,242.80971667385853,5.027099239236825,synthetic_gaia
12.905880778100217,219.35536490612,10.595093774729605,251.48230077762577,-4.331126248790828,synthetic_gaia
4.742003102548126,225.79810906518844,12.216215350299667,189.02753723709924,-13.57200125608089,synthetic_gaia
5.084176027073603,235.3706993112684,7.799776871561432,53.186649294678375,15.212598933724479,synthetic_gaia
8.395737552968919,238.10827017221067,13.634919175632179,330.90693980097603,1.4851443405351448,synthetic_gaia
9.00820588649912,231.8370312618565,7.402845633579849,41.4162296444215,-3.4214843601485887,synthetic_gaia
11.84177391467105,227.39717937066052,13.398742827317392,226.50198073578412,20.10084922119447,synthetic_gaia
16.05271358184245,213.99113527873743,5.785449638324573,37.11189477951184,-27.541223032994967,synthetic_gaia
16.596469700620048,214.5149711568951,6.599275918684313,52.59625528785214,19.092312055936326,synthetic_gaia
11.471650621468115,228.47726604606177,8.809845839019081,7.393793050378439,-13.202819237043258,synthetic_gaia
11.402011516860034,226.08342945410658,13.540555127981794,130.81107018843343,3.1729880912327966,synthetic_gaia
7.0054561140301255,225.09241401797058,6.445853651267824,230.24972319193364,-8.820956311810667,synthetic_gaia
15.53104371340719,225.62076058327077,13.754382397942415,187.75591910383392,-13.845015606786358,synthetic_gaia
9.291940960296472,229.76819373735376,7.297315266127937,242.83409444945485,19.70829788952652,synthetic_gaia
2.8293761883793653,237.95371922496426,9.525083985945287,243.00678991354303,27.84324851092927,synthetic_gaia
11.623201015607789,228.41851078030862,8.527344042603378,50.46254783792592,-3.3183847597661784,synthetic_gaia
12.905051527073917,233.07631463725073,6.181262266145236,20.6414652318176,5.032120532914424,synthetic_gaia
7.188635968696852,230.54707266730853,14.443097395191401,225.12893055648115,0.8548687749374999,synthetic_gaia
15.16653246180866,224.9442422373329,9.381782907522135,235.16074979108734,25.957602560292827,synthetic_gaia
15.01275370993418,230.93858986252707,11.903312613561944,200.4133446510136,-31.69725671180302,synthetic_gaia
18.14605016553854,218.76651424633124,10.752676766640311,88.47448787666546,5.656851619053301,synthetic_gaia
16.902815090627833,238.5079778346884,10.017159168522074,291.8754781136114,-10.906894712159001,synthetic_gaia
17.005960299983727,226.24756220334385,11.16577623556849,27.24696557865255,-35.33946032206768,synthetic_gaia
9.272925491952991,231.10856783171775,13.98342306202429,227.63224415568936,-5.407951461438615,synthetic_gaia
20.11094110567694,225.05614167881492,11.993123756941095,43.34815291657397,27.720731863658298,synthetic_gaia
14.630320822792626,235.24173186241282,10.32480079455221,235.60117791596267,-9.840737856006005,synthetic_gaia
11.922618489137472,231.5109005026521,11.451859606659763,150.38128361645872,11.861482598469163,synthetic_gaia
16.39828706164431,216.7257906914527,11.063942805090216,258.5170999575617,17.980082955950497,synthetic_gaia
10.295118692355848,235.5829027411151,9.331212074863132,18.789192891696484,-0.1904520392928369,synthetic_gaia
13.79300262595544,224.67489046155276,11.247640101304503,199.82987585293247,1.8068342761693779,synthetic_gaia
18.944230835091066,223.6956310922647,9.435698001641637,52.15604359682867,-25.744468598116676,synthetic_gaia
22.387266394645277,214.61168864247037,12.576143778719123,245.65738737977054,-10.742457947589699,synthetic_gaia
23.18431553778941,223.14081287950108,14.689124835222856,43.18402727220567,13.605114364949939,synthetic_gaia
13.583557279211282,223.25340525015517,14.598653574972293,26.489996262693296,0.9101864555560144,synthetic_gaia
13.96632763903309,226.7718934155717,13.207357864249804,256.7242073461005,5.510121621655232,synthetic_gaia
20.39701944756824,220.83136781846594,11.01758897059485,22.871496444581638,1.9973636952457643,synthetic_gaia
9.232365910116629,238.85483531485636,12.493319880707405,80.83109445534579,32.88005916444647,synthetic_gaia
21.259794333936576,231.62393004201758,6.780482952575544,296.90467096524196,-6.457797467829017,synthetic_gaia
13.36525786990074,226.87927968238574,9.790184573139225,291.4877908109615,24.081150644794647,synthetic_gaia
4.664704659711173,232.4044481445248,7.573047649913644,307.48527280107936,2.0025483331009872,synthetic_gaia
3.6573603826777052,230.84693492907886,5.034949811093471,117.39596025193694,25.41298461871197,synthetic_gaia
21.365843853907652,227.17637904882164,14.66737574672076,190.09729035007535,-18.374671338872254,synthetic_gaia
3.2780620888581917,231.30661184279674,13.638485618518413,278.4050469382147,2.769783114462911,synthetic_gaia
8.454063031074085,227.60952423235022,10.136986184699268,49.31478540398897,-5.905301758852048,synthetic_gaia
9.684990931535554,233.8398449861151,7.541522881190068,260.78071651765856,2.0920850377505897,synthetic_gaia
5.978872239406657,228.5717093737876,11.929752101992367,35.095085782075664,18.33564393999192,synthetic_gaia
9.219547505445753,229.04900763685376,9.348010845499275,328.77021910567237,5.682144080369182,synthetic_gaia
19.08192903467697,215.16724044577194,13.033495334226995,229.43166570418532,18.30574035040407,synthetic_gaia
2.3377054018816277,237.05988584943984,14.995181101809493,177.58991256831212,-10.05331639910918,synthetic_gaia
21.024988763975788,231.56371671842447,8.4908260748987,174.50253168017912,-12.342516862855742,synthetic_gaia
21.700604542214837,225.04324902511468,7.444030434780478,65.29033722416774,0.2415760970589927,synthetic_gaia
10.562016183405609,235.70773572310802,7.673824887947582,124.53025408367533,-0.5797826758662795,synthetic_gaia
5.5330966783946005,227.3113038951167,5.933462456806719,261.7645195141737,-2.7878905323628906,synthetic_gaia
15.81932938273686,226.29454054593046,8.940461965001553,194.73970350757986,-14.379475885060282,synthetic_gaia
4.75246878489257,227.3139073875952,5.174250527169093,190.55023347609463,17.979773847778326,synthetic_gaia
10.393145304799807,227.3654564565934,6.143955574012756,70.28852203640858,-5.442558009502315,synthetic_gaia
24.043871160722365,223.83363791131106,7.716957472726703,248.53043230332625,21.391171833190228,synthetic_gaia
24.895682869423656,219.9493012721267,6.598627759094807,141.1322043820861,0.19115047806087285,synthetic_gaia
19.75841250115547,215.58778707377172,12.321590995007252,65.7912018378723,9.726433962210669,synthetic_gaia
9.152114728177622,222.70478276720021,6.0560479086790036,339.7625105746785,8.365644644455239,synthetic_gaia
17.816296130820128,216.95899526078355,13.659941050245246,182.44754887161784,-12.364121105262786,synthetic_gaia
18.22434640613229,226.0670464458653,7.211145037109529,190.09319310445156,5.508043823287333,synthetic_gaia
10.920358988763944,238.4942483103059,6.085906169715677,353.2938876773302,28.92499416700659,synthetic_gaia
16.740438595481667,231.34951709782504,5.101066444312585,131.90620938137764,3.774183796505351,synthetic_gaia
2.2467358344405537,224.11586410774433,12.152050043221465,339.4874464424818,13.51915109339512,synthetic_gaia
6.808326147851553,237.8501758479417,7.5661674593854205,250.1731300087728,10.399077668882777,synthetic_gaia
14.077030968247007,230.88385772991884,10.094986051377749,227.91442778812794,4.605744875474806,synthetic_gaia
5.766279997940805,223.6695752736432,6.116160466721557,84.390588699293,2.797180765871198,synthetic_gaia
5.815857961160273,229.84908069072233,14.852959232362492,18.632042059604437,8.209733386819508,synthetic_gaia
21.234998682655473,227.20573788081936,6.253847390699553,157.60218178264995,11.449238197134193,synthetic_gaia
24.750059061722926,222.2833806410971,9.119259266418782,3.661546318461033,-20.282460855766093,synthetic_gaia
14.787296844654314,219.21246421015113,13.516495023344659,25.56090387733804,3.7095433364468224,synthetic_gaia
21.29860381027941,224.7420833975563,7.448869484804068,214.31763204997426,-2.7611682112097573,synthetic_gaia
24.77739827950427,208.8266230949069,7.669717853461734,260.8098599062899,-5.872902654775627,synthetic_gaia
5.256705437081818,230.6004482230378,13.08499515890733,60.4613994927397,19.4394656854286,synthetic_gaia
12.309649104850076,232.99625315646895,7.733396571920127,263.7001485625586,-10.997193720957801,synthetic_gaia
11.029172464364157,228.19873828762903,5.02871311094813,341.90129757411063,-20.921535904650028,synthetic_gaia
3.8411335238622555,230.10460379777635,9.279137204899499,267.5433890614308,11.935743380787816,synthetic_gaia
19.372593974279123,227.3388600349373,5.12535209678475,282.49747904701184,-21.305907848308337,synthetic_gaia
11.976917628419638,232.38818555767062,14.097922838293668,252.25652889661384,-28.919146169378454,synthetic_gaia
12.79451948637923,233.55362378534772,11.41813224179221,80.90547856371043,13.62401534984948,synthetic_gaia
5.4654783977045245,235.9557881436666,10.830142662212422,129.92037917610097,2.380833758437323,synthetic_gaia
6.161313001309967,236.556053343867,7.015895108623631,341.7361065971342,7.090794410531639,synthetic_gaia
22.863383309592944,224.3749282186921,11.999461854286363,238.03580842924273,-6.636413621694332,synthetic_gaia
3.0269290464084144,234.4358125915771,11.772546436783458,284.048904216266,-20.76609197413529,synthetic_gaia
7.355602553705244,230.8502934027533,5.604635739253649,348.7300627840838,-17.78680820426501,synthetic_gaia
8.717364597234152,228.36534853124164,13.808465308105726,83.31729138455967,-4.082833491469256,synthetic_gaia
13.274543475236488,220.64156886267855,10.794133629298056,115.80720023755926,-19.086042868770626,synthetic_gaia
15.488238979340306,220.54329309381328,12.924668810386102,232.12859502041988,4.605793605684799,synthetic_gaia
13.345669444565331,225.24888418747062,7.629140721288442,8.768690562242636,-6.936869070516284,synthetic_gaia
3.9346526948082867,233.74810286375697,6.220477997534541,205.63886784013405,2.775540710479582,synthetic_gaia
7.604351443281412,237.45134333797046,12.024495731867846,291.12781662521957,2.327221923396462,synthetic_gaia
21.402532849538446,221.4144308296609,12.938826862551622,219.75961457668507,5.801993316367904,synthetic_gaia
16.66454011100456,229.6020438850105,8.860335336192914,106.34158220259991,7.49223790933498,synthetic_gaia
16.93042815308831,229.8150606864804,5.236922753163112,260.6774700009822,-5.158508861688677,synthetic_gaia
17.414674873081164,222.9585942158803,13.182540246538645,52.57138488478041,2.759538999507456,synthetic_gaia
19.54676943790917,225.7567201581577,7.0609390633044065,322.11844894026603,3.5401219263026174,synthetic_gaia
3.3364950795932886,231.69705036662987,8.390319418974883,36.329411174563944,-36.43335463640048,synthetic_gaia
10.431992853450085,235.09068393698607,11.282310077771303,310.85680815447654,9.697886187892353,synthetic_gaia
14.40913101101861,229.17350980944303,5.9995471921130274,179.21139398504369,2.2491329433037683,synthetic_gaia
9.784499115838498,222.9322692791592,5.7199576613846315,154.31292125560867,8.460732978653562,synthetic_gaia
21.42301408560529,222.41823945726594,5.257037715752743,180.23823380715527,-19.30265393170894,synthetic_gaia
13.099167697507761,235.05358099817704,14.166398602394555,72.07426911345163,-4.7365976274359,synthetic_gaia
19.67843455756572,221.7948232287879,8.113827442686556,164.7668086411729,-16.372941848483705,synthetic_gaia
21.59635688826689,223.74085209530853,11.60658815117132,305.8991337235171,11.169020643193129,synthetic_gaia
13.610204106780456,229.22301662195792,14.892352490177421,288.3438871987676,-21.07674813102741,synthetic_gaia
22.91970160904105,215.49207199852634,11.694507935619434,58.69747241687854,-13.929821728834813,synthetic_gaia
15.503850632350554,227.8636331008485,10.2509479585618,242.43155212646224,8.014711924079716,synthetic_gaia
21.5563088731756,214.5581311940921,10.209199335172386,308.46141538755313,-9.440617984158717,synthetic_gaia
9.833588298605058,225.72588678136486,8.769171484555518,295.1163319027713,-13.92585985183588,synthetic_gaia
13.47279004622416,231.95812105858087,10.997796559550853,153.22767958698532,13.600791443102743,synthetic_gaia
14.222453943105288,227.89474773710097,14.587913895457042,17.313422524601698,14.21567634887802,synthetic_gaia
4.414533465609623,230.71852754526137,12.880440336983101,335.2209922705497,10.831067888114978,synthetic_gaia
11.166707654135434,230.2531128223913,9.242266170332375,142.51864170530231,12.730645109104401,synthetic_gaia
23.09876646868855,220.262809718294,8.324448290325332,129.95158941228377,-3.473689184070846,synthetic_gaia
16.509141528389073,224.744679056516,13.835315296231215,273.42538001237267,-3.06889461954923,synthetic_gaia
6.082651396050252,234.4824355110693,6.3578582562659385,95.02999757712811,-9.72121917800404,synthetic_gaia
9.793679619020914,225.24211153481627,13.495852569643018,300.5092523402251,2.51593751573966,synthetic_gaia
6.406869222242096,231.19738876387214,7.550767613423323,27.378561894953627,-7.918474909887721,synthetic_gaia
2.5709320313671684,231.83182650736228,12.156292357759177,266.65603225783593,-6.495993088904656,synthetic_gaia
23.331590545592615,212.48973903600336,13.0622058077483,347.6842165589514,8.9985065097435,synthetic_gaia
12.308768549908045,222.70474087506096,9.769965172634727,358.4767668747025,17.7680886827157,synthetic_gaia
9.073306665678082,237.17021556927034,6.922839761422743,332.5695696230999,5.973903814051424,synthetic_gaia
15.764975405827942,227.0705069442837,13.447677434623754,313.4744659462714,26.91473797863852,synthetic_gaia
2.1682324947393594,227.02691318378095,8.675083450533148,100.39688080478287,-10.582733580491222,synthetic_gaia
8.39450845181872,222.05166033837125,8.206802604825192,347.99341054671504,-27.56961958813888,synthetic_gaia
18.16976971107453,223.0830744300255,10.100161823534396,334.042773773167,10.719418343843314,synthetic_gaia
16.576704780593047,232.44549217801176,9.350862411039177,192.37410252906716,-11.57750328970097,synthetic_gaia
24.581536793478318,218.70274883005428,11.830522170387242,144.74795558172465,-4.105383626630453,synthetic_gaia
16.26822732213501,231.3673556906857,6.3719780837266535,39.336211280947765,-26.546947651816854,synthetic_gaia
12.982635093437853,228.64550692069463,9.35689654047873,212.62826801704492,-13.488153710187396,synthetic_gaia
19.512948953232176,225.16065919345937,13.91701811225204,252.19654146799115,-22.533411248688545,synthetic_gaia
22.77654105517322,214.08605929399388,5.3606270943972545,145.43876994535043,-6.514548951304554,synthetic_gaia
18.576006774522085,228.07761037467247,9.573383331533265,146.17064182699147,-5.918272408244251,synthetic_gaia
24.15385814163573,218.22917847510962,11.605319663852102,206.39210065714937,1.3494061732231342,synthetic_gaia
19.986118926978076,226.82413793869324,13.877110870419854,10.002274526578248,18.59584446532763,synthetic_gaia
21.936433080024308,217.21887941505426,10.937862269331758,344.83172269922966,10.15359397346728,synthetic_gaia
4.624393637223656,232.99500071428477,13.244842712393286,104.36605455481538,-24.332544543157216,synthetic_gaia
18.84551056885712,224.98157066415246,7.226910189592864,50.72071023679684,9.120231534192849,synthetic_gaia
12.122040089129479,226.65355836141472,8.528094362278596,1.9758226084525443,1.6763204616218959,synthetic_gaia
14.72138745545933,227.8218588057687,14.421322739280427,308.4809548988568,-1.467396480541471,synthetic_gaia
17.044355418094206,223.01529248772857,13.859751130926863,310.7546552878809,-0.3404929490583865,synthetic_gaia
24.305747684228095,216.56360893215103,10.579529826887045,34.31037762637564,3.0682864212938252,synthetic_gaia
24.645295872927367,227.62410699339023,9.754883377948453,54.80686903996836,-10.378301865203479,synthetic_gaia
8.62924964622182,234.85148330291855,9.510673914544585,161.24480325279646,-2.7352628628696136,synthetic_gaia
18.87633044107207,219.39796974908907,5.587896615670161,66.85350230387361,17.75908685837751,synthetic_gaia
19.24962137251118,225.81120817015358,13.923771039565668,264.8956092612325,-10.558586766383003,synthetic_gaia
9.969335810200121,225.05577084511916,13.181495084153354,20.894308454060045,-15.448319642626432,synthetic_gaia
4.849004821877084,226.0459487680152,9.56251144727867,197.8953596589118,-0.9256102181077631,synthetic_gaia
2.9417800865715544,238.33043465288767,7.794399727194734,137.80496344100547,-16.958496851345213,synthetic_gaia
19.878891933171108,214.05519441353104,8.429206064265305,167.38073412921057,-25.84174682181508,synthetic_gaia
13.263094061788836,231.3448457792647,6.231605858728894,152.91256237041662,-5.167007656122246,synthetic_gaia
24.6674238983833,218.31924850064513,12.217897413057226,55.13730571247532,21.729328268458854,synthetic_gaia
12.69438949245402,226.0082735518136,10.566698565548577,79.30133471108242,-0.5790614381533952,synthetic_gaia
24.492090518698326,221.74119952393,7.341034228248949,23.330771607753572,2.6786564167232014,synthetic_gaia
11.466248050463378,230.73958902843162,11.230055720776896,41.502807107665646,-31.95222537226688,synthetic_gaia
20.25468946287937,218.20910320155585,14.792302142549747,352.04213607080936,6.571882386614206,synthetic_gaia
3.9508432631721373,236.1193510042677,6.223951354761792,100.7232522038107,1.400487919646879,synthetic_gaia
14.77561933316857,226.33209060689578,9.584850106253278,110.52919416224312,-9.973722420590317,synthetic_gaia
20.447375100671657,215.94011659774003,9.941588209221267,45.758278955563576,2.7007570710356092,synthetic_gaia
23.26813834605744,219.60804111581538,6.667972138238024,271.8591136188305,2.5518242573694003,synthetic_gaia
20.919411084200927,228.83176315016905,10.315802109973149,332.6914116674215,-15.892318925369032,synthetic_gaia
2.8503267256270073,241.6015197877116,11.0597725854809,284.31019334399434,4.977805901698644,synthetic_gaia
10.572153850054887,231.97914613175908,6.573445388184953,220.54169859630184,17.95703133790732,synthetic_gaia
3.1200648632185795,227.09824201964653,6.547238990088764,292.76384961980744,-3.4191221321027485,synthetic_gaia
4.5134926956348345,234.63210157750765,13.56348715633756,145.52288385582904,-13.013913036556618,synthetic_gaia
17.532029459352135,228.2967861072009,8.113874366700449,309.4190478290475,-2.6637010470259255,synthetic_gaia
18.404938515169057,227.12545334461294,11.30333387078631,287.46678586974554,12.81919792596643,synthetic_gaia
19.795575703287405,226.55253662888498,11.26773075675214,0.6208719322748468,-18.394782589459084,synthetic_gaia
21.905500605280245,223.1253775179375,13.39170875582635,175.60588857030612,8.678373881762715,synthetic_gaia
19.006923774959727,222.75861094649747,12.398946312315235,95.26196738852143,-10.170216877807212,synthetic_gaia
20.420046618452538,219.19563338394707,13.405764334382779,31.04384989237037,3.630946220696061,synthetic_gaia
3.1261653259354225,223.55646907878287,11.252147896506656,304.63057538919895,-8.464969125683451,synthetic_gaia
7.394308460149867,232.07676604597307,9.494571605139939,2.8618863484040302,-8.505254326223413,synthetic_gaia
16.303648787630653,225.74048372599177,8.935665213130747,262.8588607399297,22.846423743525712,synthetic_gaia
21.736882006370934,224.20232796014224,8.790297666614357,355.749163558987,-21.136298858002377,synthetic_gaia
2.1035028736121597,226.99759223752793,9.183930979091578,173.52711601424485,7.280492663183163,synthetic_gaia
13.836474868676046,229.57728665365278,6.293092521537703,133.64659077891648,25.9698661638193,synthetic_gaia
17.577610185381136,234.28671910724069,9.23958371003167,218.09986361089682,10.28282889709234,synthetic_gaia
2.680967649958104,233.71664587266574,8.894449072026212,289.691217953162,-19.96645528558773,synthetic_gaia
11.231177823727922,227.67218726413734,5.345716633182315,86.49071775910038,-19.223707633731085,synthetic_gaia
22.599602271825027,222.42026036053787,7.7513075532634,90.25251449527303,-11.27438064969602,synthetic_gaia
17.44709460368475,234.2572509962487,12.519069747402169,218.58408507126484,2.368618672798121,synthetic_gaia
7.466142357293738,225.21542221819195,10.779455714096253,338.3567355075499,3.389140411335782,synthetic_gaia
21.61396598153399,222.50730592851076,13.061674967560302,107.43839127315485,-19.07544831449539,synthetic_gaia
10.00472273841883,224.748761177,10.426880443807649,135.63167876244472,-13.0913618767045,synthetic_gaia
21.626927436313366,218.74814674807917,13.540837654752675,357.59998852570425,-12.172237304700303,synthetic_gaia
8.875703975734826,229.20473347575606,12.960670996017168,63.439979474345684,-2.7112021217233924,synthetic_gaia
15.577365770312428,232.00076260162254,5.982845701422471,27.708540615109463,29.77043185936612,synthetic_gaia
11.129621558200183,237.04893952956857,14.770063680159923,212.3118859970182,-13.997805984351713,synthetic_gaia
8.320976167366542,232.04010061852944,5.147474469013288,8.736115831787878,-14.654367497036821,synthetic_gaia
22.39082392995299,219.12276142866196,10.968380379296185,64.95596325893617,-16.997104427157666,synthetic_gaia
6.314654684608301,243.5170351553124,12.925115093167623,223.9953050485685,9.53316856863348,synthetic_gaia
3.950666598422551,230.3930609693383,8.318941398509034,237.42446424887987,-0.6201239453265299,synthetic_gaia
9.864319586550188,225.97912068660744,10.985697922971578,183.7530898731431,-13.443398222549378,synthetic_gaia
18.505700395756055,214.55922202975884,8.621225308474482,138.14929664257798,-5.441933756674981,synthetic_gaia
20.57092693745448,229.12362851031466,5.606149750075019,207.4311303918654,-11.872654514365518,synthetic_gaia
24.971097511535593,224.23429201714674,5.0846151908933095,231.61887109196596,4.438369217838679,synthetic_gaia
8.816327311256792,241.57882311104674,5.948620301111883,289.2535366649942,40.26564910194504,synthetic_gaia
11.38266487601949,220.9382176913972,5.984095941200468,285.39029815554505,8.26296608538355,synthetic_gaia
5.146889394681405,239.07404816571966,11.1088977739375,239.32827558538122,-1.3948277266104554,synthetic_gaia
15.222054381329773,225.83689360349953,10.258652309625132,321.92372996224765,-9.97463231231929,synthetic_gaia
24.944340857047095,223.44028804834625,9.554633001731421,301.68909129435076,-20.151001228272747,synthetic_gaia
18.120263232775145,215.43594977399317,11.919214756024175,47.96856295845847,11.005345971045532,synthetic_gaia
15.68989532950755,232.53422453238426,5.168261370124484,344.40459887645403,10.1903126754948,synthetic_gaia
11.024489137201263,232.04227804590835,7.709834814157309,321.02722883445136,-6.991514950362093,synthetic_gaia
23.05187148656776,220.39803014696406,12.773927312876278,115.53378462286553,18.200009744139276,synthetic_gaia
13.429081710998037,229.83238736893185,14.099771065171185,7.266390698534204,0.31660408327627243,synthetic_gaia
5.090439006200414,227.9909991159135,9.383365962375816,217.4313408329835,11.621411030927028,synthetic_gaia
10.40370465358007,225.60048416360397,5.814839801384664,157.8303276718997,4.442955030495173,synthetic_gaia
3.5448333834986387,230.46725606718636,12.98728739228488,269.8439985310075,-2.6570381981645745,synthetic_gaia
6.645517866841976,221.58291202477238,13.851704332727335,188.85591522310412,-14.323269169612304,synthetic_gaia
2.4063819629979806,237.8048037441431,9.136602706937195,27.536556690340845,-2.1830488854400696,synthetic_gaia
12.425438079503758,233.192069271223,7.43355253920277,88.08747129171931,12.630760033422705,synthetic_gaia
16.594426093891336,221.1217629424987,5.439716682229453,317.70855220555063,-7.622026678491404,synthetic_gaia
9.89572663471488,230.55618593302728,10.91082821894856,13.568290457418035,6.596120934047675,synthetic_gaia
11.668780744621374,226.37930966146544,14.098694905624992,265.20108098338335,-16.24103823036005,synthetic_gaia
24.061813275425244,221.60273651326438,11.778880255203257,105.09966286251563,11.700875041955372,synthetic_gaia
19.295151796223056,219.80264392130545,8.172485978947343,162.95032909529894,4.694120047349426,synthetic_gaia
14.439702649733878,221.55806006347817,11.42888324289967,191.16195548817907,-18.031661382547515,synthetic_gaia
8.544440127571981,234.9200993503862,13.320684074480255,90.02928863059238,-3.360217852824183,synthetic_gaia
22.63092637177889,220.53631809201573,9.758300593494578,234.7057594791586,13.971613639775544,synthetic_gaia
7.407233688255168,240.4810236991079,13.197484899978386,249.63919851523542,-18.885488109798363,synthetic_gaia
9.482882801883573,229.30474807279347,8.919096766663541,30.621412681479036,-16.064253579374014,synthetic_gaia
22.908490731727817,216.05180309091767,8.485056785957706,134.6137473065114,-1.0424543217973978,synthetic_gaia
14.179467271556664,232.27253733745678,10.82988625878554,267.97582843426494,31.999960956482912,synthetic_gaia
19.073312836613464,226.23318029784667,9.646864176944813,259.78952154280745,-10.08867126059247,synthetic_gaia
15.587130265766621,228.89240790237798,14.771119204610832,196.05720380588608,7.429109993782434,synthetic_gaia
17.02910180721839,230.3098147648281,10.163894235281747,279.9629207524851,3.902031114020267,synthetic_gaia
8.885815704840988,226.1823837152454,8.851720289160216,38.752161494343575,-8.842798503983158,synthetic_gaia
7.551557417413247,229.6440100691903,8.949335431285363,42.55605642403082,2.417000276773125,synthetic_gaia
9.417323984879301,228.25692335201148,10.479399506131166,236.69614810668412,-6.717519931424327,synthetic_gaia
5.575155973918717,225.06179483172272,8.549120380081954,249.6001924422464,-5.367071851747675,synthetic_gaia
22.10923040168857,219.86378024815343,12.229066019649359,293.2296679155853,-24.919078541597,synthetic_gaia
8.514679464752625,236.36022262391373,8.806629277016409,65.17327599837255,-0.3665435229948251,synthetic_gaia
14.914256071530847,226.86528047426248,8.84144386525243,186.03779739519786,13.48640259933826,synthetic_gaia
20.215411778251603,215.6350609993678,11.169732493768047,237.89926696880968,0.8613866216952828,synthetic_gaia
20.02795451564141,214.70333136939942,5.6084687269600995,80.53184657844542,16.357616412336448,synthetic_gaia
12.082883947436436,235.77207782659357,11.55354918115146,186.09403161383668,8.704911689175258,synthetic_gaia
12.95391809749469,226.45220613779017,10.049722171586872,229.84020878061457,-0.8931195949532994,synthetic_gaia
24.87814022550557,216.21411133055094,9.530261142866417,77.20182413196491,-9.41888329510228,synthetic_gaia
17.515741970517553,222.6827024439415,12.192529907079514,135.2028276900509,-7.293955730421061,synthetic_gaia
20.7366841917113,214.65303360859377,12.58255782004861,77.88197164885487,-22.05765710905682,synthetic_gaia
22.758741292042334,227.89126244003162,13.462608634124592,325.05944559429554,-4.006183351474891,synthetic_gaia
20.1145662332748,220.4631314162731,8.748031208174472,85.24759749479703,2.1899813784623037,synthetic_gaia
6.259124933932054,237.92505455498457,8.27037692253381,43.50046535488691,25.7313164669885,synthetic_gaia
14.92992687596416,225.92705427475897,12.143421014945195,12.655912149771726,7.92480484918315,synthetic_gaia
4.343565618234532,239.43293136144564,10.818048591404459,16.18325006808606,-12.972809702069656,synthetic_gaia
17.017208910971963,225.64771692585794,11.318015463518165,68.9710445880541,-21.59052413278209,synthetic_gaia
23.97303684831965,224.28301528414562,10.555229071058353,218.95506407050283,-3.0982813080685885,synthetic_gaia
13.79283747890256,229.97494180612756,12.726930232038544,6.3539548240041555,12.176466702416239,synthetic_gaia
11.958367335958645,230.6424757462857,6.900408884921532,103.22781291257297,-3.309245050415818,synthetic_gaia
2.8243832826177533,234.97443283427748,10.557121327413967,20.94008087638776,8.129762625083933,synthetic_gaia
24.074814013572066,218.7889876609395,6.581017889436298,145.31715730770034,-2.7168817387828255,synthetic_gaia
4.369061734993652,241.84650987349326,9.07251939290992,17.487625618748737,10.755006520733987,synthetic_gaia
2.9448191460114796,228.62480310826334,11.639938234160748,218.71503958349808,-23.95887034058492,synthetic_gaia
7.659532064613585,230.23433067133232,9.930716083141704,247.8327355868455,24.062731802191507,synthetic_gaia
3.5071999801227958,232.88242938846125,8.795915366721813,263.2815178717549,-16.68725172335566,synthetic_gaia
12.467710375470533,229.21988478204852,13.849700014156062,80.76362351265183,11.905984945946658,synthetic_gaia
13.870019428913585,224.1838746274565,12.728257144974783,312.6600583062276,-4.082759920034326,synthetic_gaia
9.189108827657432,230.83053851066202,10.26290785000375,248.50374023913352,-1.7374185055035094,synthetic_gaia
3.172091099222379,232.1732301369712,14.50053155675488,20.39407894793534,-3.616528589552224,synthetic_gaia
4.566808469732214,224.23598211922786,9.243652894349939,158.67601513251375,3.8340687757723977,synthetic_gaia
10.843600693768346,228.27051099767903,12.880729275881059,276.3923376140932,6.862868149213425,synthetic_gaia
3.392154369010331,227.3770768542178,6.679362398014179,111.92181361928272,15.875422677346023,synthetic_gaia
18.05836368902801,215.04159388211298,7.85792477110597,137.36115860661533,21.119233238960675,synthetic_gaia
6.761472455070676,231.45844631902776,8.380855813339547,226.65737782675544,4.9773232016505355,synthetic_gaia
8.947646082023684,231.84713790883305,6.058207527045233,19.973116841723208,25.70511358752456,synthetic_gaia
11.064892875096243,230.71793216358773,10.018048150760679,348.09661458285024,1.3945881423371689,synthetic_gaia
11.582021560590402,230.59709005972945,6.922601341264957,62.81316381950204,16.16160543379386,synthetic_gaia
2.038196276520412,224.06318222247168,11.341858894496585,9.601919872653717,6.430795093592209,synthetic_gaia
4.577618532970043,225.33390377735637,6.900923595730183,1.9162735345512916,-8.238069471380488,synthetic_gaia
21.843584966040197,231.21536658029325,6.235062573392753,143.83957499978246,2.718512315697655,synthetic_gaia
2.028360437773887,228.49623092600615,14.690867275989245,318.33121157113595,7.547578162636876,synthetic_gaia
13.687849183696127,229.49929941587337,11.582403058111062,295.11434851845445,-0.4829719710391094,synthetic_gaia
13.258546149665786,223.27872054812966,14.364509147084885,328.3364873698902,6.192847769963344,synthetic_gaia
9.66116570324467,229.3601351318099,9.89887791993232,192.16163495840362,12.980444389903422,synthetic_gaia
11.920521463368342,224.38340307402683,5.334024630633742,161.54864419505915,-0.3505971299383912,synthetic_gaia
19.95336616311144,225.3368519211536,10.743711704314439,138.90995139844603,-44.15831503023722,synthetic_gaia
21.347685242944,222.34156730974348,10.583288868357084,16.710507284870108,25.174052272400562,synthetic_gaia
7.988016498550751,227.7660408201846,5.14975605936594,327.4276522698553,-4.46387145330493,synthetic_gaia
9.417280142257786,223.86333931268533,13.612420444018316,178.6233932225019,-12.349203312484466,synthetic_gaia
7.577105619651652,231.60317997518027,11.199706806164247,163.82427517854364,-16.861654434792264,synthetic_gaia
13.036858212674499,220.78836962186548,12.44691169376146,185.46029532508223,-5.046688535004673,synthetic_gaia
17.714942226152697,226.06556631925875,9.939211061575147,285.89562652111215,-8.441217469754731,synthetic_gaia
7.249816135658673,243.60128946039782,11.18402437908263,80.80959095372302,-11.055141958270367,synthetic_gaia
9.606922067261934,235.74652396427135,7.5746989322852425,255.56424443817238,-10.231894047668597,synthetic_gaia
23.398846204550463,223.96746055662678,14.737577677686472,255.87710670745184,7.946142360897335,synthetic_gaia
3.1170936664800357,232.62377996974425,9.007200075476652,305.8390016129458,30.455451615046524,synthetic_gaia
12.597700920510023,217.4326737896636,6.623266213376291,3.1260954469932045,12.30857397022352,synthetic_gaia
18.36583495672589,216.9099211725454,5.559154183746273,61.342395564647546,16.838972771318556,synthetic_gaia
5.460442265821904,238.00118786437488,11.361719330853711,169.57686673611198,-5.6611504717010845,synthetic_gaia
3.0896024601260828,229.12021806179732,14.833798511764558,306.1945394861322,1.5699804832586688,synthetic_gaia
5.178723547686207,228.2670372918759,13.957944968462817,347.44207018607426,6.3972360634543035,synthetic_gaia
23.132933451205705,219.71366421457634,12.021045674864137,214.15270128458448,-9.893368404641551,synthetic_gaia
2.2129749818858384,228.30665934208858,14.905979289928608,76.36823115228725,-6.385951058236757,synthetic_gaia
6.331405420661092,224.90902793932864,12.228282620421066,66.45049049687243,12.81827937499615,synthetic_gaia
2.7195207967378248,233.04792913813174,8.39251123401396,230.19982343505626,16.354391326501634,synthetic_gaia
4.544477753930675,227.70205413043314,11.01218133060173,75.62489294138565,1.0111540427288697,synthetic_gaia
16.263433592450816,221.13026110582376,5.797666424855615,199.11147261151902,-17.927357711680894,synthetic_gaia
7.557694900998973,226.3704855561406,7.216824902225408,300.53229449180475,-4.433879748264871,synthetic_gaia
15.091877159905566,228.17937784423137,9.175402359284922,140.33507344635242,-21.619967017588074,synthetic_gaia
15.574493803620902,224.10531292026013,7.018184935630453,136.2499883070945,1.1280361475209038,synthetic_gaia
21.537012661064917,220.64650724736515,14.535010148281707,13.010521280786556,3.8310466690712817,synthetic_gaia
2.1090520369731003,236.6665719634362,14.955975267446494,91.47044823283976,-4.060656315566646,synthetic_gaia
21.627497564874435,220.7726159807888,8.709359201216653,251.34892546293878,3.625668335748069,synthetic_gaia
16.239738987820402,223.45889429032638,12.092289860771986,129.74084824759072,6.253518586257587,synthetic_gaia
5.743100180414025,233.7628141650921,9.077707306632405,56.987610224371906,3.8529306436068573,synthetic_gaia
19.777559927111533,225.98001426334343,6.395092043862064,38.07638415371776,-18.022954384453946,synthetic_gaia
21.67630546118347,220.7169415892173,8.369268477021086,34.219216134255205,-3.7989648826904183,synthetic_gaia
7.848060126345618,230.4980012991366,7.333716987156632,237.28803592244228,6.147644673994019,synthetic_gaia
23.13225466076166,216.63338968835734,8.280782204074198,220.54373236567753,23.680676569589995,synthetic_gaia
12.45252089686913,222.91375922363414,7.150216883977166,186.66756201675057,-4.078886253580461,synthetic_gaia
15.878762449666395,228.92151097879255,6.123451190582464,180.11752133729019,8.262603006721646,synthetic_gaia
24.646939273205803,221.82037326696948,7.17428429362413,55.12926696763377,13.172278678857353,synthetic_gaia
10.315329808701584,230.8294110616444,14.057570318298428,180.2175209136314,-2.9494154755883937,synthetic_gaia
20.702664953862595,223.4651061474635,5.852216757765287,21.57759957613677,17.226116212310103,synthetic_gaia
9.323179710054571,229.40402906029064,8.247566437552345,333.3090450969676,18.032607471463447,synthetic_gaia
20.381911011554294,225.7433650718924,10.284498945026353,20.889919440938463,20.705771010917857,synthetic_gaia
15.816880133840778,229.78999372146345,8.545126561783569,152.47087016181067,6.876482534782978,synthetic_gaia
6.976180990184233,235.19602690708808,10.176070950188873,0.20558030514200354,35.40205874486304,synthetic_gaia
11.522600157152437,227.2944853220498,5.434200602343539,283.014157961968,-9.229246691465118,synthetic_gaia
9.305619590361918,236.118951405568,11.485696333643778,59.821267872826816,31.861163792684096,synthetic_gaia
3.796493040848369,233.76949525813137,10.634788015560602,332.9697664158041,11.524492329876491,synthetic_gaia
2.686199712293042,236.48300614264585,11.809662658546916,15.831989229803227,20.105809995400776,synthetic_gaia
9.969009074365161,230.17980878269617,10.672578158272369,295.4834404431937,-4.800566318125667,synthetic_gaia
2.437785399802191,234.7114176625445,9.379035824256633,236.38961261361175,12.667120544456441,synthetic_gaia
5.806218424380826,227.69235353351038,8.501415422940823,89.90485879892059,21.40461245496544,synthetic_gaia
18.679216379569983,226.8322439544929,7.264351900997762,72.87105932301415,-16.310379655858085,synthetic_gaia
18.28609842072252,237.79766046158662,10.000677268066127,128.76405601572804,-2.4498942272312894,synthetic_gaia
18.9873488885198,221.25893157072468,5.26052452377507,298.2250379431278,-32.11879032346781,synthetic_gaia
9.294522935989512,229.5458967421313,8.282408280993257,310.304357400764,-2.67499465273735,synthetic_gaia
22.470447513706997,218.7249439821968,11.778722935645295,63.10273662875728,-12.240122901901294,synthetic_gaia
15.658102604654294,222.7735863642814,6.087170396863593,127.24129428635905,-3.2665153195010257,synthetic_gaia
4.89860586017241,239.66061872798562,5.628912423195286,85.4968982048114,43.85465036406989,synthetic_gaia
5.305529213477286,228.31918915293937,11.521786052913653,44.151425149643245,25.767052601957978,synthetic_gaia
17.941194819383135,221.41635087105374,8.977747211423502,232.72177951041408,-21.59171305050948,synthetic_gaia
5.977710538167795,223.32646679498865,13.018250365493811,124.51356836479272,8.336074523991075,synthetic_gaia
13.667732136386997,222.6696087920469,14.373113039713239,81.13825611948027,11.983966305888575,synthetic_gaia
24.810812946360347,210.95124244375805,14.57040453732577,311.75919846071145,-5.068456300568846,synthetic_gaia
2.0921749088668085,236.85141417801788,9.255928538941792,269.3944551252839,2.674614047378241,synthetic_gaia
2.3813354436438092,247.51015145690917,7.643272242750323,278.5540135306833,4.139733111224973,synthetic_gaia
24.84094538440165,217.64101516649637,11.086137387424781,14.110520825980855,-20.199170592927903,synthetic_gaia
15.446693185085806,217.01202709437018,11.281929259282364,329.44696172318385,-15.469940311292222,synthetic_gaia
4.9189294369258025,236.42566742407004,11.223449360758966,206.90581607072468,2.584450776614855,synthetic_gaia
22.637950594344154,217.21665608388412,8.217786137188812,181.36900968642675,1.4910379197265047,synthetic_gaia
22.248746902936922,227.59126783843215,5.63751736417303,3.8107245700012182,-10.628440731259035,synthetic_gaia
14.332609501561631,224.63197382257425,7.100048388255989,323.1583957562777,-11.91564209780767,synthetic_gaia
16.301216686797403,221.65266112533772,6.544194280222337,195.80056937496022,-1.3466887450680907,synthetic_gaia
8.283305404520156,228.93314634344648,6.239003457833102,297.0552464425927,13.292264294749094,synthetic_gaia
3.1619530165561187,236.81266316933338,14.26283321071573,235.98394586578576,-1.147286564203052,synthetic_gaia
15.67505500448988,224.06598746841556,5.138476459739679,286.80970086391693,24.340962459534737,synthetic_gaia
8.77936944366355,227.02927058374175,11.018577392363216,249.45542948080885,-10.437308214938415,synthetic_gaia
17.263284073188096,223.21628943936307,14.474737957401368,331.5470048408976,2.8966470218223894,synthetic_gaia
21.23363906737983,215.3696996603832,8.600531274941279,81.17430708223789,-5.314431436560088,synthetic_gaia
2.417692510030373,235.47410019270092,10.270980891724625,72.75603770384659,8.819414196196652,synthetic_gaia
15.70141681777173,216.2529815196681,11.957836634751597,256.5149623002439,-11.723818233377944,synthetic_gaia
7.3194524127976015,228.20473497017392,8.171696946582388,180.50212821004882,28.910966309906332,synthetic_gaia
22.099435451787432,224.98477888678656,9.776519877072491,215.6980213205532,-25.359186046140092,synthetic_gaia
7.834283650922055,231.61881413283731,13.17102850332752,255.0752889088417,25.73220359520369,synthetic_gaia
16.047713064414623,227.9217821996728,12.453556652802636,197.07415092000093,1.3498270366324916,synthetic_gaia
14.731439322061064,225.46762206011778,13.084494114928408,283.5696411598306,8.286368726203698,synthetic_gaia
11.111829501362726,233.90383746657588,14.87340163627656,114.79224813690689,20.017873546379366,synthetic_gaia
17.585277562795262,228.6326975071019,8.703274749361789,309.2365596958892,12.86492242749104,synthetic_gaia
18.692701598454978,225.54776652220403,12.47091262935773,38.76348705321627,-10.95040331689592,synthetic_gaia
15.039569292345897,230.23799807885152,11.02784567101983,228.24143170602724,9.001343328939027,synthetic_gaia
19.443711455249343,226.59979811248706,11.666047672211963,320.44770270964716,28.01210958951925,synthetic_gaia
24.618592747837564,217.41606196586707,12.398739048329345,90.96988604461367,-13.309375682412337,synthetic_gaia
11.643264921718519,221.00346486546925,12.497313169463148,117.66048297260866,31.776427667909665,synthetic_gaia
13.83541019336721,228.45467925835862,13.857451492948197,109.95904025738601,5.78553728952846,synthetic_gaia
2.2868071926479043,236.3011916587522,8.493216752360553,203.13493623901215,-6.49841657880386,synthetic_gaia
20.308656795138702,227.75944945873113,11.534813561119106,148.63385360345347,-13.399340769123814,synthetic_gaia
13.965291542057859,221.59008641098737,7.802904315968559,38.86534259816485,-3.349306116124121,synthetic_gaia
11.383112898293,223.35339914218108,10.945687051169752,320.8633998323256,-29.32917496605743,synthetic_gaia
4.163655151056103,234.6972168621288,12.511751401719279,73.68358649712269,-6.228667035881811,synthetic_gaia
22.462097698534137,220.60535399415073,12.910010861616403,192.26880395587068,-3.943908657834176,synthetic_gaia
11.085166520932798,218.64296287156137,9.201245029891227,214.12976253741414,-16.116204736686296,synthetic_gaia
17.69937675881207,225.81343034451342,10.087202232013599,14.670663713115012,11.217677923565399,synthetic_gaia
5.435605596467468,222.34063192726305,8.33849851170173,34.456437955561405,-3.281494316840808,synthetic_gaia
24.11564147944375,215.2014413159808,6.690363465396305,349.8082957546386,-9.536918169216417,synthetic_gaia
6.104160521902111,237.9433065381117,7.605174051925322,239.22444245377767,-4.880009026028153,synthetic_gaia
6.589465836688278,240.0059789411054,14.121370048998244,12.083463736713691,5.326612099737703,synthetic_gaia
21.75660579282742,215.32383953712306,8.08969542409316,285.91171943507953,1.0983181570049132,synthetic_gaia
22.989403115264416,218.9846653658963,14.747593335456102,183.0754113398948,-10.514626321313665,synthetic_gaia
6.879390373035933,230.91349363224606,7.414780852153817,27.07184594825122,1.8848021106066613,synthetic_gaia
12.805420428021042,235.9027468703947,12.230710874810448,245.07075529720484,-0.7601393634938609,synthetic_gaia
18.870382804945088,220.74166600778733,10.739032935718356,179.76665011264865,-17.091963347232188,synthetic_gaia
22.202411877648437,218.73907246130332,11.968700495247987,73.77112839993237,-4.327570402608909,synthetic_gaia
10.71821198585802,236.04474530115303,11.43957946609181,315.97281795197506,8.690074056313321,synthetic_gaia
13.891448197536873,224.44389911294817,12.06748583597589,104.89674898809149,8.582073898447623,synthetic_gaia
19.059477441953902,226.6988351436111,14.05547048435459,102.4403887631908,-3.449464986050907,synthetic_gaia
18.816127463014293,215.85420551005393,10.634694960624813,98.19848944522035,10.151591921789649,synthetic_gaia
20.008082990599952,221.6387844104134,5.678487829039952,276.28407975205846,-14.699332454769324,synthetic_gaia
15.108477828755106,217.25921716539602,7.708254344468996,254.20272133699157,-14.23481757289989,synthetic_gaia
4.40614722650983,226.9689890786528,12.082189804087639,325.1324467693287,-3.7688244494052094,synthetic_gaia
22.79138569019492,224.95139071938948,9.940746279756734,82.5621190503407,22.46349204130703,synthetic_gaia
21.908168404383648,221.05786779182665,10.485519826196867,283.091254395411,2.448774398073086,synthetic_gaia
20.35624102382166,220.68182065734658,10.965804553802915,206.29640755011454,-4.130487144986581,synthetic_gaia
4.296836974696778,228.57072877090994,8.826292729845699,111.12465947496042,23.1620700180997,synthetic_gaia
6.701139442872871,229.70850748199805,12.738955250878552,12.76348766679023,-4.304076528053077,synthetic_gaia
19.102808397475993,224.56631058708098,12.235348838965486,294.8211179463996,33.520998559289914,synthetic_gaia
2.532222175384768,238.33194217269332,12.142994121931139,86.78569374480828,-7.669246854311186,synthetic_gaia
24.52216657526743,206.54791246997385,12.153101740349447,227.427493037371,-15.175930938769516,synthetic_gaia
10.674327648180656,224.16973934857305,13.903580016542477,197.5924569815325,-2.4954296227781336,synthetic_gaia
18.544188274888942,224.20536353913946,10.953927794432744,1.6018339128421966,-3.736263912555256,synthetic_gaia
22.414135035224998,220.49685002317295,14.670721994969583,357.9637067783145,-12.115799645239246,synthetic_gaia
11.076487427451893,230.09407657047618,6.191926843906379,293.15856808804637,39.029611172376555,synthetic_gaia
9.34004723779232,230.50017190701257,11.319589765938645,175.12965742920554,4.779398517078747,synthetic_gaia
16.001045964659674,223.47500695712068,12.169265459357955,244.9228932872579,6.963743605073754,synthetic_gaia
15.362755596205167,222.76401177243588,9.772204109543594,171.57392517267814,-6.928189007053819,synthetic_gaia
11.410219485370334,226.64110537296605,7.882083864569365,268.0510576603431,-8.665040771176947,synthetic_gaia
15.840819384957294,230.8431996335154,10.50037452711099,48.35827649480187,15.383375335765505,synthetic_gaia
23.513771500029378,216.64385314795308,8.647476802907027,160.68635828425093,-25.137626588846416,synthetic_gaia
12.755725902411719,226.7136376952729,14.091240710678164,120.79338374622961,-17.142967091855528,synthetic_gaia
6.525070157264521,231.8385422217018,8.56792412533255,165.47588765785255,-3.709627584113319,synthetic_gaia
10.67573760630909,236.12941864542913,6.757069927021291,162.17015502973112,20.265709584514678,synthetic_gaia
11.064460599641729,226.58317083404236,10.76389140165453,51.513821920509955,-5.617754594542107,synthetic_gaia
5.015499939603057,236.6593458178029,8.959925913803694,351.5358854552505,6.2422733591129465,synthetic_gaia
5.746044512754763,237.5686191958534,5.9589814480084105,5.577171403726098,0.4159301908213737,synthetic_gaia
17.744927688054577,223.59064887001264,10.648423509979084,3.6262601342635836,19.443876194052127,synthetic_gaia
9.807988346804763,227.8164123878632,10.378464111657014,134.4388746721168,-23.77084527319382,synthetic_gaia
23.962663012683574,218.37806725683168,6.731970866331951,223.3354857648543,11.039448055841655,synthetic_gaia
7.602725143247971,228.9691811142571,10.97638168959843,64.67516165337416,-2.9834839461389584,synthetic_gaia
4.275263617410913,236.59915954200233,10.67358973857489,191.94984140549798,13.87326290879112,synthetic_gaia
19.33060494900593,224.07342179314887,12.736126230415909,260.19790846685237,-12.28923159150473,synthetic_gaia
22.26382919411101,222.26155529952996,8.615699298426343,33.8618192544544,0.365896047942577,synthetic_gaia
8.39660720804422,224.1260029430732,7.487595236636393,354.392066885736,-1.5376006636902595,synthetic_gaia
6.648026337845994,226.00753315197008,14.512198869707756,121.21223318614595,-15.03653206980619,synthetic_gaia
6.272621102035005,241.79684593511303,10.612175227827882,231.26954896340962,-19.206195194204454,synthetic_gaia
14.006282931429784,225.35694454141296,5.271399588841803,39.859148947167256,-8.706170427947137,synthetic_gaia
12.773582748675732,223.14265080418585,13.207116841117433,255.4150999396775,1.948966934924992,synthetic_gaia
7.9671163166542875,237.17604813003754,6.967580609189408,302.56428494249496,-11.353683364567392,synthetic_gaia
3.038981690756807,234.50967918669474,12.860363176458435,37.90265123902405,-4.951103445417269,synthetic_gaia
13.074300827504457,229.7193365671323,12.051624271559648,45.310735573223845,-28.286960317253563,synthetic_gaia
24.064643995618994,219.26936212633046,14.688137242631573,101.17706917940197,-5.559748807255951,synthetic_gaia
17.007941617311253,222.77667103629645,14.655793015945262,4.296893535118542,15.353799699375102,synthetic_gaia
13.396650802458224,225.77916138597715,7.7441062465576,354.9784659614027,10.577704889551246,synthetic_gaia
4.545917702681171,225.24511058433114,12.664495812234184,215.41826698295387,-1.3038290554071534,synthetic_gaia
7.806034682640507,229.68159127625017,8.16855085779924,218.73220198687636,3.6547908752124485,synthetic_gaia
8.779800840214483,230.99278986007906,11.291979388295942,345.22638107458897,-12.42390593391236,synthetic_gaia
19.59048170996639,232.00826510048978,10.977460849545931,299.53053155499373,24.366580249371005,synthetic_gaia
22.164348337086246,221.57727761434717,5.545435156211647,293.1274551486058,31.016437597708578,synthetic_gaia
22.737762632028083,209.11801314393094,5.051817498353576,122.22085316458522,2.4723544605896066,synthetic_gaia
24.645077989767344,219.1268990924723,5.577640145948095,120.55082164727236,38.860287540922386,synthetic_gaia
24.594433711404246,233.32599959591388,6.279420475317411,105.02566553255286,-10.202735573030134,synthetic_gaia
23.918980053663574,224.38246864138546,7.576524913477737,124.81047423947516,-18.766188601034294,synthetic_gaia
3.6519092315663406,228.6631120112281,14.069552232425623,133.0231540895462,-10.644356311411771,synthetic_gaia
5.16925132633952,234.72475049319058,10.186326753466863,50.401328033013606,-3.2923539761248612,synthetic_gaia
9.002730108948757,225.66322655745833,12.968917388407887,128.14123057275367,34.680998268044455,synthetic_gaia
14.716659843482613,219.03305000008908,13.38311752107208,160.82893268810193,-4.217386911089392,synthetic_gaia
4.230491440226023,230.61409603368838,12.349430985905412,111.36504194879707,-12.894837192060319,synthetic_gaia
21.453330029449276,222.04930092778852,8.91385124420572,59.524908536717206,-13.476882893661552,synthetic_gaia
16.185392118778108,215.5233524135967,13.638593938409828,134.42774334425914,17.100331680649205,synthetic_gaia
14.474381252950714,220.20771526421262,12.420497533209206,173.1267983579169,14.959526224635542,synthetic_gaia
5.8021604374476965,231.42532754250698,12.431514434050523,259.4622192001662,-7.282172795304155,synthetic_gaia
7.824875911204539,228.0685866755524,14.015743271655692,256.04559413088134,-28.13676174115733,synthetic_gaia
5.687176574591935,233.4195709966105,10.986634724576838,72.97021118999672,-16.92890317063927,synthetic_gaia
21.59446262928037,215.43011922015697,10.285744299621767,13.195942260565365,25.818657562493144,synthetic_gaia
15.437240781408018,228.9222932543865,13.901625575970753,109.36782785054493,10.332118268242057,synthetic_gaia
18.90797683295157,217.2637189941043,9.544617281641969,56.56906974922229,0.9819206333745777,synthetic_gaia
8.808755846930591,237.70819910535653,13.11570696028843,142.48385251764986,28.032497597265873,synthetic_gaia
10.538810653030374,219.8344519199644,5.5384636044480775,352.56460289493754,29.374894092172745,synthetic_gaia
11.311664181810277,222.4674385344515,5.012899444563221,65.18569352587954,-0.5390940294194791,synthetic_gaia
19.4803443501128,224.91163879633862,10.282924896043568,114.79461963226882,-0.2635764079750012,synthetic_gaia
19.764118716515064,230.96859205966626,5.736118938163802,261.04115387504606,-8.730700231681151,synthetic_gaia
6.756711132822729,232.35227072256663,14.765430134530636,183.30580183029178,-4.269049312277026,synthetic_gaia
23.655393704976277,223.0296685353018,5.055011740397988,15.814131686418573,-22.29487463700182,synthetic_gaia
4.775072761204787,232.10326403261232,12.181496364986463,58.2084065380758,-22.3557956427609,synthetic_gaia
22.6108078957435,215.73625279458435,7.433846957862206,336.6898397183505,-25.83988303358852,synthetic_gaia
4.309099849945614,229.8561208525871,14.675520052720563,37.13939738605025,16.26505510379167,synthetic_gaia
8.084415656480155,223.8876916147935,8.815416506278961,228.63340339549407,-23.42103334368845,synthetic_gaia
21.469006329563012,215.18832120513875,5.272834262638652,285.23723358272815,29.249434480592324,synthetic_gaia
6.128317663960011,233.17854605662373,5.269357654087827,95.5580625809726,-10.955668367991079,synthetic_gaia
11.512062420129306,222.18907107697936,10.533733717246886,261.0280811299284,26.060248601738042,synthetic_gaia
12.346763898714903,228.88104259691997,14.867119790312811,61.16226445086489,-5.4758151429821185,synthetic_gaia
7.640956379533822,223.71528850168588,14.797735350457193,102.51009894016453,-23.492801563807156,synthetic_gaia
18.33563963072769,225.02214033137895,8.372729722892657,112.25593111831469,19.25668347098204,synthetic_gaia
21.58069693625069,219.0686515700285,9.82703649188897,358.7165966031205,21.027984414498377,synthetic_gaia
22.11522821667815,228.21106003282938,6.004558057978161,77.24602627846463,-13.590765004005162,synthetic_gaia
9.804409351940901,230.49083863293225,10.221768559917317,46.514687268090604,-4.974783998961758,synthetic_gaia
14.209559068619733,232.2979400470834,10.997015990482732,333.2489174933077,-13.586939048414687,synthetic_gaia
7.713347288909985,226.40092436230532,7.510616656113211,58.29504977532699,-1.8079004168657853,synthetic_gaia
7.630319535653345,230.5117669914375,11.121144359151739,316.54077106658593,1.6174372116128213,synthetic_gaia
5.708843445594255,226.5265370559222,13.996927516962538,234.1643859528084,-5.270745886731429,synthetic_gaia
23.620437248572838,218.1692005059199,5.0095533342348055,207.67013930538675,-27.283370930862795,synthetic_gaia
22.423743057928338,219.67463947507164,7.289337743079445,270.4819361567677,-8.713189726350333,synthetic_gaia
19.879250406536922,218.94617739247875,7.099195633239381,261.35962457329805,10.552781453310628,synthetic_gaia
13.906214989617768,220.2311013372604,6.23886203033827,39.789428190592936,-3.133493138938741,synthetic_gaia
13.283982056773054,219.62992459625357,6.661012127371019,359.8077997464081,-4.911609413425587,synthetic_gaia
14.184150322197453,214.4361654700896,11.259125453653876,339.0803015215423,-13.961648175461471,synthetic_gaia
14.341064312273053,220.75510248731206,6.026943901506426,322.7731066302898,-9.150770537964249,synthetic_gaia
11.994950948046878,230.6406251408299,12.385316090207217,224.02408821926645,21.134221598729404,synthetic_gaia
5.030361156517552,223.8635316171101,13.870225905583833,188.2048792796331,-17.096658852031617,synthetic_gaia
4.890268615976328,225.10296788374828,14.26587724178369,193.06029019740058,10.812346450278444,synthetic_gaia
23.901743464450718,229.01590319088285,11.601758143197008,5.377299922163679,0.705828313552867,synthetic_gaia
13.086707470486063,223.63832758170494,6.97396410633616,179.80902070035944,3.6721599468210306,synthetic_gaia
23.923727072819347,221.6529006253121,5.852965755399079,224.55704435757116,-10.985344215219268,synthetic_gaia
5.76226818733253,234.61016811541964,7.320249538069996,237.13423515898145,-5.276660490718757,synthetic_gaia
14.751580696918472,229.09289271333236,14.619571857850426,119.57020741847268,-0.08580270257936182,synthetic_gaia
6.777496827085402,223.15249333003132,14.623452017507121,169.66164610567782,-7.810004469137944,synthetic_gaia
7.823245940911836,228.95517288743267,8.81918883918342,229.0718183985268,4.97148156054824,synthetic_gaia
2.691255311507112,225.22682908271608,8.257915410975507,154.1899836990654,6.861585241846066,synthetic_gaia
4.735926147024861,244.2716354526611,10.100105822590653,346.3686716340691,32.59059935429881,synthetic_gaia
23.087513375471502,212.5959278202523,7.916880914674007,253.95915954672012,4.17285044043557,synthetic_gaia
9.39525880409363,223.88876215309236,14.796624516555633,0.45854865032057823,-28.68363983278256,synthetic_gaia
15.986971874035607,219.80513830452023,7.212213900245774,8.380613333611082,17.4452862125802,synthetic_gaia
12.695325035753278,219.58211946903978,8.691426821827687,248.50807324861478,-3.0580596245428864,synthetic_gaia
11.210378640641402,234.75648289838185,9.293708757001783,148.55223511638098,30.178880444052812,synthetic_gaia
14.233380100959566,238.21637694231774,6.250640230811621,302.20954171641586,22.06386678757962,synthetic_gaia
6.306495726152855,228.6796945745914,8.828248267701298,62.28554741505433,-7.5790107556734965,synthetic_gaia
24.73788966595026,212.93670322455904,13.567307201019734,4.97768905882507,10.82854175806763,synthetic_gaia
20.82108098018885,210.80219689375187,6.403610014567585,139.70964604093643,-8.909327216218315,synthetic_gaia
19.05713655282485,221.86874606187396,10.840219508261873,264.9830775506816,0.04036239622040764,synthetic_gaia
12.781463831320906,225.42975798961723,9.066371380600167,349.82198401592467,10.139772215309309,synthetic_gaia
5.5161738089057275,228.29591073763322,6.705367261174548,318.11539656637996,16.69500309069765,synthetic_gaia
23.17531474029206,221.62230455719862,5.123361644492058,174.26686029737,13.4280874332936,synthetic_gaia
9.851902549779735,230.8184266204651,7.733433034899003,292.61422195069196,1.124844478692418,synthetic_gaia
3.1524538630294767,234.64513262529607,5.618289606980019,25.31896483234106,37.25135850121825,synthetic_gaia
9.87528456664446,227.2473227860048,8.767684712967352,206.018045130558,-5.47530609790634,synthetic_gaia
20.27251170140534,216.82157103875033,13.102098556993457,332.74742868520923,-24.108009475489467,synthetic_gaia
16.32230113472879,228.1277272798281,12.196852608776124,142.6986530966664,-21.22048942813987,synthetic_gaia
19.26928744913177,223.0192641414003,14.47383711701767,345.63622667872164,22.110115951835144,synthetic_gaia
20.25361382883468,226.7832789811516,9.270154173370692,79.4466348224779,-1.1497937977020678,synthetic_gaia
6.874956054852479,234.65353021307837,12.078013985918528,38.028171432021665,2.385862470811381,synthetic_gaia
23.247016270143146,213.36180448592495,11.653417221020202,188.91444098941238,-8.137858198865052,synthetic_gaia
12.07376086716857,220.2827884207316,7.170463031582596,326.60887391324076,-6.790537189487849,synthetic_gaia
16.697313933075783,220.78647519812498,8.035825052326585,112.06051874810791,-11.806437914239423,synthetic_gaia
2.053101769495066,228.43548435261224,10.298295333977602,288.0577149836229,7.067262199951331,synthetic_gaia
24.847475463457094,223.24658671521982,12.966573190059218,60.91101571690114,-1.460698763056509,synthetic_gaia
8.460616877175568,231.46866283170488,9.618127344629325,268.4053425603382,6.525080667051019,synthetic_gaia
3.4274514504235705,238.35376281241182,7.277415361755272,200.52969889947516,5.091575779762248,synthetic_gaia
12.54002695533982,229.1449172399672,14.934656902803699,63.006111141974,-6.388181004493444,synthetic_gaia
4.96769131518696,232.938440837375,6.155788063536685,258.5114097975391,-21.88095937954181,synthetic_gaia
5.503514333624241,237.5589524432057,14.558889074913278,256.95220084431384,-23.186993939990362,synthetic_gaia
16.542504699694835,227.00957126136598,13.090462884304888,185.55668249163853,45.39977387542599,synthetic_gaia
11.037330006115365,228.44217356336648,13.388935193078519,81.16834955136287,22.17260166634965,synthetic_gaia
23.202606353564885,227.90063619867536,12.949175830914994,47.62580120819876,20.10273850336821,synthetic_gaia
9.340599375985612,229.73802980577292,7.0817094130462195,344.61181744552414,-10.119102104803428,synthetic_gaia
18.702142952829725,221.7894576298918,11.325823773952418,236.09251377329588,0.14264600644680314,synthetic_gaia
12.605286893562875,222.93257939763495,12.567498124509317,291.32693408641825,-12.230441885747561,synthetic_gaia
17.178879925973412,227.77832734149365,12.456857921016514,250.90939045808696,-19.68123142748836,synthetic_gaia
15.792993204467779,231.31463195642,7.715653705440776,298.610519469224,-8.831602805635512,synthetic_gaia
12.874031373456958,226.70079338442224,6.811193877636814,58.49669510961243,19.89277445144368,synthetic_gaia
23.851405176362054,226.6324498836729,8.281229839145492,178.902080836936,12.611180503859545,synthetic_gaia
9.882413783363985,218.97341622553964,9.798444803773918,240.1649173808256,-14.550720024330323,synthetic_gaia
6.076416528733269,230.92497279550213,10.737807470636765,37.22036396227847,-4.72224075236213,synthetic_gaia
17.59616340023605,223.8019233143303,13.369503623191605,53.98450175822699,11.236847579048714,synthetic_gaia
21.458173910081904,217.95366944416207,12.69034227704616,228.23373393034075,-8.56457092781006,synthetic_gaia
2.9258360186182464,245.09065767827298,11.761505256665162,312.7340895313752,1.1937936724909546,synthetic_gaia
12.341551833721653,226.95556694048017,7.634892929427606,237.74982441897515,6.0277117059721785,synthetic_gaia
22.527216862808505,218.8818356027225,9.788804989349433,13.033732844187224,5.863958277661965,synthetic_gaia
19.241228235225954,223.10404292015133,8.354358741279611,349.35585015251627,3.812181415354288,synthetic_gaia
24.81157747944545,209.47869538271746,7.349281795505341,50.22248432624822,-9.805457606737653,synthetic_gaia
14.222517666736607,222.31158683156502,5.102453603834794,83.7224040788963,-8.26461881278223,synthetic_gaia
17.179901532426477,229.17876138946048,8.394619705706905,350.9882214857007,-17.004747772809377,synthetic_gaia
8.957046466172347,226.2571191839784,7.561162677146215,277.57187879521496,-23.420048902534084,synthetic_gaia
23.793318792317823,215.9847999408,10.719023269668167,337.16760493626236,-1.7212311253534345,synthetic_gaia
10.425716236800335,235.0315555345718,5.623017702837122,290.3830894108907,12.243894218807872,synthetic_gaia
18.985746391792457,229.83518050988886,7.705195967102011,234.624411001152,-20.7042359123092,synthetic_gaia
11.272224694738885,230.5398119265939,5.447694899884153,102.43907959068216,4.0945986618638575,synthetic_gaia
14.921835391448985,223.39826621015104,11.414179045134361,117.67731901182914,11.769468200750923,synthetic_gaia
18.554998305495563,222.20577073348366,10.681895585686249,341.0175862959731,-27.551006532320184,synthetic_gaia
13.705485490281148,222.41332176069946,8.374800230744732,309.82522181603207,-4.058716502043282,synthetic_gaia
22.862985518918695,215.7367684555326,6.473346004355438,129.41656143923754,24.6931530068756,synthetic_gaia
11.643922722339635,222.50046585699556,14.579198327687351,134.37627034345337,8.279115266360597,synthetic_gaia
16.882651357296478,221.35807086776367,10.843924473886133,107.1699804993185,-28.05685723593432,synthetic_gaia
9.874335965901246,223.65493506788798,11.791133665720679,117.40685134500143,9.87509193617416,synthetic_gaia
11.3876033693133,220.06422230146342,10.313487532694518,309.8402878639628,-11.216051913424932,synthetic_gaia
12.121152489371704,228.52129304291222,13.06533247646205,3.782468372344865,10.36960395139139,synthetic_gaia
4.893561421182561,233.1145020162281,13.963800495481212,156.9789435994289,-10.35122649901161,synthetic_gaia
4.109644618357153,240.93543590566836,8.827105435976298,339.4222842700468,-0.7954866661794757,synthetic_gaia
17.352268232375433,220.81314051299182,11.900253122306106,195.34908786581119,-8.063141528444241,synthetic_gaia
17.0769079818902,225.807435459435,7.29887484546397,162.16048445180527,0.047365841077583785,synthetic_gaia
17.24692342683219,225.78423575460388,11.518550471620385,112.45312969185171,-8.509202608665175,synthetic_gaia
2.4546282428819084,232.19666954257113,8.991556299765527,26.60854675028538,-3.353073623317168,synthetic_gaia
9.510577381450938,232.77755708034152,5.067815994013049,80.81513208990464,-17.634075124660164,synthetic_gaia
6.549626486961529,234.7826293799026,14.555278684226208,32.56502757727365,7.3598939312098715,synthetic_gaia
19.897482718512286,224.20112877691753,13.684415455387189,45.61179469755417,2.629278129658876,synthetic_gaia
21.794499232110994,220.10023945469163,7.908365503460284,58.86595588545713,-24.247982611562268,synthetic_gaia
7.673648676201388,228.41631903460146,14.977573142328605,108.73059555034024,14.893749903028906,synthetic_gaia
17.360530653503687,217.3108988475749,8.171276745565342,3.966004798392766,-2.6443193948174475,synthetic_gaia
4.975344479540312,227.86082080719885,9.588441864590749,342.0517988135692,2.426435943538648,synthetic_gaia
8.328508088839406,226.68464482496694,13.51259026174417,44.574873363710836,11.468425080437786,synthetic_gaia
5.189053413368649,226.13698280449745,8.045963513280409,137.93359404945133,4.923633635399758,synthetic_gaia
8.520977631782271,231.87400881357442,9.505402843875,316.629921497321,17.478047376913494,synthetic_gaia
17.51894058903339,230.03380147678917,11.655871671232555,38.36446926867441,-4.399432833081165,synthetic_gaia
22.937518934260808,216.12373850444126,6.304675547724282,174.0975306314835,15.516440793405593,synthetic_gaia
6.658015382256277,232.255947564813,9.223503686917176,304.1220951149025,1.8438692671098131,synthetic_gaia
14.467817803866541,220.78705817493486,8.094099373616265,200.50654465229044,7.61450136760037,synthetic_gaia
18.131995328598943,222.14289206492984,11.767743058648179,75.72369435219362,6.054437591968563,synthetic_gaia
23.91721677516801,216.60009161963112,6.359693900603718,264.78343130852926,18.61095487964289,synthetic_gaia
16.031391106404996,227.9898588015291,7.327314791009374,245.28278263230283,10.821185603389404,synthetic_gaia
7.8674594136297555,226.68889699727052,12.113762037524829,130.38692635689273,-6.644182204647694,synthetic_gaia
16.385997609020535,229.8170535628954,6.562243697241148,16.66625816929505,-9.619005659997717,synthetic_gaia
9.371296718594373,227.91433568256753,9.220192622398898,2.8312883625938046,-0.7463122139224907,synthetic_gaia
24.45095298590928,216.47013583583256,12.128807220926188,297.14143792578176,-11.401521616188708,synthetic_gaia
11.192551108763649,221.7381292452969,12.654683844300052,115.76065016126468,-15.782883019895207,synthetic_gaia
17.76483757750333,225.16299906553715,5.948811786716685,49.59716349812566,-31.920787039470625,synthetic_gaia
2.534234393975445,237.89219551489626,13.519956094194782,186.67844141867357,-23.238941367430655,synthetic_gaia
11.201413261099374,229.36572299449725,12.239723011299663,331.49998646103245,29.781095416672862,synthetic_gaia
22.12747510641777,232.364486390561,8.392945886933138,3.0531112280631767,-9.847503744446657,synthetic_gaia
16.035231221964654,232.12691774862418,12.6380285233024,20.21167464350921,28.551904497317175,synthetic_gaia
12.210686387107456,225.83068218447278,12.28298865340659,150.13617573062604,6.047319017333697,synthetic_gaia
23.526562487021696,218.70576127657608,11.008912265083856,243.34772643182282,-0.7463703245415743,synthetic_gaia
21.64164065138627,223.82245819031036,10.584811734058444,171.39616515613807,-22.509076752318506,synthetic_gaia
9.41096049792758,224.92805378666682,12.347034888995854,323.11743784754566,0.07003343364073289,synthetic_gaia
14.52461324695081,231.75355825331818,14.992599017054545,15.87043999349213,28.382756504523442,synthetic_gaia
13.265957890126643,228.51677892788877,10.785522493158854,122.45071307174769,23.36455116025108,synthetic_gaia
16.540657502641835,225.9443836151415,13.08717871762248,126.48524017993947,4.1135797904636835,synthetic_gaia
9.684559140051379,232.38191887632195,12.442737173155829,122.44580135508302,-17.230025488575237,synthetic_gaia
7.61671501761543,238.85370253083565,13.558084020338256,175.56692836442062,-14.357480178737285,synthetic_gaia
22.99145221087733,221.4851191291392,14.545248613841384,284.6077362700598,-12.788877650886905,synthetic_gaia
23.249113488465646,219.90410221535205,6.930832074608152,114.43774190501425,19.172323910440507,synthetic_gaia
21.396426372525518,229.17083163378445,6.654596363951163,268.01395438759295,24.47580654163139,synthetic_gaia
24.49870190758491,224.52606338771508,10.86351828414901,52.727569660465704,2.9383925245137825,synthetic_gaia
19.134805092932837,221.43584761499835,9.492950628865044,201.86094802822208,-4.546206532847304,synthetic_gaia
19.587346256925994,222.78384083271635,10.707226929191691,135.03168923959623,23.230657449914755,synthetic_gaia
19.539572115140736,223.764672007731,12.980427344855086,194.1158888264054,-14.678603112974322,synthetic_gaia
13.05397551167305,228.65033002822923,14.317144800492464,38.789910134009794,0.7773499140054888,synthetic_gaia
12.498400473828248,220.40550044916176,9.174158251985581,343.24662483392706,6.944489993191957,synthetic_gaia
7.525204351427073,222.5843242413503,12.179326455436245,326.23708204864005,-12.94200910764599,synthetic_gaia
16.83084147026368,220.04377397107294,6.967991878414094,297.50266954462643,-9.538713320869611,synthetic_gaia
8.654363130353694,224.7673308284722,10.345519493545236,321.40181641969866,-10.706063687814046,synthetic_gaia
7.929593423154151,226.82488404066612,5.218047777805199,52.807633265335,21.250902839821286,synthetic_gaia
15.47711160420926,228.50035845781923,10.037505671330969,181.33983828707974,28.715509155856317,synthetic_gaia
11.429594929175993,227.01185738764133,10.453364591255,114.44729715234841,1.7218879535484133,synthetic_gaia
7.033702002276541,231.5859092736281,12.354453357783314,319.4589388694971,-4.0232788056418105,synthetic_gaia
20.769288385315114,215.89767770896674,11.494847902069917,68.19756569980792,-8.997616124899443,synthetic_gaia
21.79310814377065,219.07109639553863,8.583967343058015,79.18032785111004,0.026194701754936413,synthetic_gaia
5.857088952588962,234.27560771335612,5.057309007131213,247.2172042878039,-8.253326271551845,synthetic_gaia
2.172661754399997,236.616848694384,6.154858736229489,32.00387727156054,-1.455453635328311,synthetic_gaia
9.730989276175595,225.2952625614507,14.730606535174523,263.6521836899903,6.198492345058849,synthetic_gaia
20.342749220657307,223.09409366898697,14.223331583153058,96.52582379308404,-6.079694141855523,synthetic_gaia
21.30099892338946,232.68111494029327,8.250931630811454,237.93673149617305,-2.8438209392114624,synthetic_gaia
5.181568612669132,231.6735299708036,7.588529399238877,314.29360308983775,-2.7818172760845714,synthetic_gaia
19.80972572721018,219.15298668978141,9.364162936900374,219.4600943645966,-4.763451520892083,synthetic_gaia
4.661195848116877,231.21794064811615,11.899400296120728,76.56614398299925,-6.621718155243165,synthetic_gaia
10.971439573600172,228.60373580413406,8.568276726579736,17.699589194117976,11.43294904405209,synthetic_gaia
24.968018845274067,218.63914631825097,5.672938477311556,16.06102981022371,-26.561040434646635,synthetic_gaia
6.429588934310925,230.82473341267317,9.027950924443964,31.97227752504285,23.614197885018953,synthetic_gaia
5.541162399285408,224.31953951576244,7.605889944814319,208.73444848909773,2.0329419480449564,synthetic_gaia
11.72440764857625,222.8590928442101,8.249300112112117,125.35842745463444,9.150263639797723,synthetic_gaia
16.252376097306815,224.09558875382575,6.629572457873044,87.51851186252334,10.876166747233134,synthetic_gaia
23.456717995504825,219.5132114026973,11.588400694456475,78.95036080698884,-10.62088740045857,synthetic_gaia
24.558886347259786,216.81974965866263,10.266309332452249,341.48935148511566,-13.715378342688625,synthetic_gaia
3.601734641602077,231.86384791861653,7.708631172953543,42.773967321146785,-15.484039269807406,synthetic_gaia
5.173942899001823,232.0713599651949,10.538624813062414,109.73318787815569,-3.706020447428827,synthetic_gaia
20.186973399607858,226.8302089078677,9.927078471672381,169.73181432690953,10.488070373265433,synthetic_gaia
8.22453950222979,229.36360413497613,12.95974856566028,0.1618293867319487,-8.756430378312361,synthetic_gaia
22.351528368646296,223.0258107960873,14.559842693402016,331.5431474912608,9.118974602674573,synthetic_gaia
17.259424916268998,221.50485792016227,6.3067050897865595,35.675492673637386,-35.518818282917984,synthetic_gaia
4.572430454755575,235.00270958377018,13.839134789079829,245.6894162470221,-5.783508029628744,synthetic_gaia
21.148173553252164,223.66104301727918,12.047969382849022,226.3915717784958,17.507060514173435,synthetic_gaia
6.056196740185745,235.543962053283,11.925535452979048,291.2629878377054,-2.564569335494033,synthetic_gaia
11.740394077632038,231.22955601370242,8.743008971424722,234.4995830023749,-12.4371545424925,synthetic_gaia
14.70025335686459,228.75601976636537,8.439081954649211,276.9794701977526,-9.852648332063955,synthetic_gaia
13.5176214288464,226.0593995636821,5.056394848225169,151.6494991638699,-45.42033844602321,synthetic_gaia
17.781747059148458,225.11110422325456,14.822048746373078,175.93361803858437,-15.177029556178812,synthetic_gaia
17.01179490199287,229.6851728285121,11.065058323730488,252.59835677919096,15.858620587688733,synthetic_gaia
24.816966127145264,216.22902332352024,9.023286239239255,204.6336195798184,-8.739041503443474,synthetic_gaia
24.98670391215632,216.24127116141796,10.437688218921785,184.15387809601916,-6.968165430018383,synthetic_gaia
13.878566260619742,227.23305307686445,5.405270340962625,74.00102617963776,-34.97718280554612,synthetic_gaia
4.189579000099872,234.45791157626485,6.736509552916688,92.91897389029513,-24.462566896688433,synthetic_gaia
18.740395876280523,219.16672008100466,11.233599249634025,129.05900678138167,17.85073767899629,synthetic_gaia
24.46327379898155,219.33664105856997,10.1426172968362,3.342378752461146,9.259411209923416,synthetic_gaia
9.321506915467467,228.7040643066889,12.87074822927633,150.2508418488853,-19.46158547159147,synthetic_gaia
12.607804374264198,216.04372168806754,11.58742690445337,0.9966512750086132,-9.458585873598302,synthetic_gaia
11.769869270755486,226.545861759484,11.014356759793872,203.40555693168122,-0.43758514498174733,synthetic_gaia
3.1826405548093755,232.2242604890018,13.152657043053134,253.4503568300456,-17.94191598235134,synthetic_gaia
17.46208191813923,223.2847340870479,5.682631055519006,202.3735073814455,-30.062158252704016,synthetic_gaia
10.12676698657476,235.75034200627712,11.908867964312853,249.66719035375533,-2.388155811591535,synthetic_gaia
20.111669116524553,216.35121530962778,12.155907132890155,0.004740680234691652,8.589128432598613,synthetic_gaia
21.13876173148568,217.6651610617984,7.75163549680011,21.39911038235144,8.87785979594931,synthetic_gaia
20.888308091750446,208.88382845105932,6.956496364873944,251.4464787151999,13.128560783132194,synthetic_gaia
11.583317954917243,225.35584294730603,7.138524754559992,289.0440532644374,-23.303358926697356,synthetic_gaia
9.395550691540688,227.14956304715707,6.981408634319942,258.372565520182,0.8685286474040829,synthetic_gaia
19.22287793234226,220.4358154106148,10.237821909035945,238.6844073192786,-4.026770463436825,synthetic_gaia
20.43195697838263,227.76841358592964,6.356263113658285,254.65775897216162,-1.3083102824578872,synthetic_gaia
13.298921267001422,230.99126181980893,11.592858614193505,266.2523732866197,-3.1767245045120593,synthetic_gaia
22.53971344933497,221.30196271550216,6.050782589487696,260.7758994123249,-9.906722709112737,synthetic_gaia
5.3099000098068405,229.8282472261714,5.268896403102562,265.6830519678023,-45.26685681323407,synthetic_gaia
22.218581932156084,226.24433463293678,8.192902424458712,26.647094669465098,17.427435308560103,synthetic_gaia
4.21019035835327,232.26984172684996,6.9185972373304105,22.777758538064894,4.9498524821263326,synthetic_gaia
5.53108700725612,227.45172042587265,14.886620554100823,130.00317956259804,-22.264346813047613,synthetic_gaia
14.278320305301088,217.49480642176408,8.029963006172174,189.93481723756642,7.0969747948913255,synthetic_gaia
3.5529250443105456,230.5728493778275,7.220640860255138,274.54285941182195,-6.709572105022049,synthetic_gaia
3.2145633322025384,236.76411600323647,6.967698234992145,120.49481476476451,-6.28458474626595,synthetic_gaia
2.011931115811227,245.12523650033341,8.738529048034902,99.04214758810853,-11.526219022335491,synthetic_gaia
12.035283172968052,227.78599974784234,11.058488953315777,281.3213909226706,8.053957089783971,synthetic_gaia
19.816349269721286,218.78800413082269,12.819452750462824,89.7612665234382,-11.997353572742982,synthetic_gaia
2.80128205643806,227.32437267330516,8.645762477430683,295.5028956532068,-16.452520291359004,synthetic_gaia
17.001924948714674,227.13357138858132,11.259709800427894,63.76807789921389,16.976172159089934,synthetic_gaia
20.931928300572288,213.09446455022098,9.820598982793875,129.41046823409164,-2.683221146500875,synthetic_gaia
5.864019517291036,234.08671330871755,13.464953462533984,144.38721939350052,-2.2122958498831182,synthetic_gaia
5.3778659008922975,235.72739184325687,10.690417771584352,107.82376103075143,10.38696180414998,synthetic_gaia
21.79842239327233,223.55738327036912,7.898916718791002,1.208488999324553,-10.013800512692645,synthetic_gaia
20.93186602885218,220.8192753722746,12.035872571782559,84.78333281564923,-7.022297589703283,synthetic_gaia
14.395660624076298,228.82741537768638,13.200644880229959,121.55528119639453,4.585729045842533,synthetic_gaia
20.841597223761546,222.82869359079055,9.65440656763965,112.9049620295986,-23.120664036956487,synthetic_gaia
4.1333897807633795,228.5260121777199,14.871972388823188,282.79997873179457,3.3164857015232183,synthetic_gaia
11.073074912591352,237.33138979150553,13.790968791913134,17.052394513130285,-11.33567188772051,synthetic_gaia
18.969343790446576,221.38576323291832,6.969546696654914,140.02153187588667,12.832088886827227,synthetic_gaia
7.921395064451158,233.92788958696758,12.867558721562373,13.50556400859885,8.199949902748633,synthetic_gaia
19.303565031971715,210.8422004415391,11.00951244349766,335.03312380644337,6.21822535462545,synthetic_gaia
13.596107900988718,232.88478697578668,10.348112978078348,284.4753973311947,-24.104379728318357,synthetic_gaia
19.25611772280936,230.30874514651705,10.139385865795685,353.57817572568484,-1.550930927607297,synthetic_gaia
12.68763167071858,227.21939914143408,13.53411142782429,327.6577914105667,-17.65899840621416,synthetic_gaia
10.461799825101805,231.25523028300017,11.108727889034485,113.69259796179038,-0.5529585446553934,synthetic_gaia
7.041351979008543,233.39173092115746,10.377059850537336,248.9700284390089,-34.72919515334608,synthetic_gaia
6.792724853005345,227.54062911866805,5.488599067580491,110.35947149222703,-23.11248402562864,synthetic_gaia
19.28428864314211,225.6829311252329,9.483028697585574,319.75602765466465,17.835504132602814,synthetic_gaia
4.734938004781092,227.99751139764905,14.080415620455076,147.8710331882429,5.535797640098408,synthetic_gaia
3.977594052551738,229.47021909892854,12.11736729344619,135.31951508552356,-5.307237712195006,synthetic_gaia
6.054701395508994,236.85052734386838,5.509539780561534,329.064747924,-13.63114984029334,synthetic_gaia
6.032969763440203,236.10268235135086,13.839922821510424,301.22650354314754,-16.263808763806395,synthetic_gaia
20.931475324558694,218.38595041157186,13.26667221377054,347.9088792111486,3.0023363263278866,synthetic_gaia
11.165652339906885,224.353585570053,10.466842115695279,23.935710806800866,-5.15448464388519,synthetic_gaia
24.778934519291095,216.28518291315473,5.224054651822815,87.60199609398956,23.19970774975915,synthetic_gaia
5.155858929184085,235.4407860015874,10.624296180338007,108.30878923213643,-2.7714558001552496,synthetic_gaia
17.031415990953796,219.35544110160188,5.545890499264261,152.76674194371435,0.880807383668003,synthetic_gaia
12.320778665628763,229.0830765291618,8.203789596374804,170.32681654147297,-20.827552020830566,synthetic_gaia
11.0371180640327,231.83603526315102,11.28909618902739,104.93007410402568,-5.410488377657095,synthetic_gaia
22.126936578243892,220.72943738713207,14.129130838821744,284.56215233221025,2.654871076019791,synthetic_gaia
24.43869985405319,224.7761310755414,8.577956372594787,80.36789201462032,-5.591785668197802,synthetic_gaia
22.07575605180611,219.68110162017223,13.600237828834533,250.7462327876807,-7.284428003613485,synthetic_gaia
6.4229156178080595,229.9163997339004,14.183610104005163,306.63659361315507,4.903644384229846,synthetic_gaia
7.078352187805483,225.6897987269623,5.210438804573143,217.33136609745108,22.72234922341484,synthetic_gaia
17.089699219186457,229.4048247261095,7.394278377525315,127.4972133214155,2.1745405546174106,synthetic_gaia
8.64892237767841,225.76182127905665,12.098622992274988,67.64084719079447,17.162794252097065,synthetic_gaia
18.898678007953336,224.93718533360448,12.568430430795484,48.36462998533056,9.324035662781734,synthetic_gaia
15.027674968621827,225.25112280898168,8.924168502170541,267.9029060936622,16.26530062001776,synthetic_gaia
14.670901675279268,220.56677113739215,11.56754612772855,168.88751913006575,-9.145798850199565,synthetic_gaia
21.056579271292073,218.79412223632588,11.12158617362035,16.67503842025235,-3.1039124247660275,synthetic_gaia
18.34225375008159,230.45045260140267,12.3977496160106,354.1822224993433,-3.0416035614699704,synthetic_gaia
2.611288594937709,234.37623234133633,12.186584277451217,241.66914587603642,8.194158548459638,synthetic_gaia
3.137560154358361,227.9932731966918,5.858707979903613,303.9057185137118,11.886192333177963,synthetic_gaia
15.835844406488361,226.62923868268823,6.582501809400609,157.74792167412411,1.8758428666783675,synthetic_gaia
13.182417739312337,226.03041875495708,6.32727147259316,343.95790349088895,13.15059866063796,synthetic_gaia
7.984247072888802,247.2800775906654,14.32480069842819,71.82900753268582,-8.449972154720593,synthetic_gaia
11.629090008240437,229.1574379515611,14.135426483529892,66.6490042579738,13.280663293486874,synthetic_gaia
19.431937330855792,220.9519149328833,12.974122695969701,320.5205045173292,15.237141632788015,synthetic_gaia
21.01206414713239,228.96759949697778,6.167185606759594,321.01814304206215,10.162445188869953,synthetic_gaia
14.908130561471015,216.47723756261638,10.742714699195858,179.6470147796552,2.012546752218195,synthetic_gaia
10.863498059713368,228.68191449458465,6.872306260898514,45.28308792743231,10.699849986074497,synthetic_gaia
8.226025514387462,239.83087652691322,8.683839375588025,109.8779249531779,-13.410066978577344,synthetic_gaia
14.004124827692829,225.6664255608932,7.67091276637413,271.4948416924084,2.975433965403128,synthetic_gaia
9.239241226980763,220.55896900989663,13.28930981487466,304.5570868804692,4.5076571523768365,synthetic_gaia
14.974188152086127,223.6615425828932,6.444513995192732,125.15570918813415,-19.942734947272275,synthetic_gaia
17.563004797721668,231.29571220621915,11.461791686100756,22.04412545407242,7.118763794092811,synthetic_gaia
3.519821851146081,234.68045932463755,14.83894663776167,239.661605366201,-18.73228088522723,synthetic_gaia
2.0245516955231864,229.54037464273543,11.870545832536335,266.21893491778565,-6.418774468641465,synthetic_gaia
6.882374193337088,227.2723020932692,5.792334890069597,152.64528331092933,0.5964143891444768,synthetic_gaia
22.573764447531964,218.09289586454346,14.07849501962525,209.91514018243296,-10.961045769492099,synthetic_gaia
16.86468755425686,226.26555969885945,11.430796776895962,355.45373910867,1.238310579304772,synthetic_gaia
5.955088094551526,237.96905060559854,9.563109796052036,88.19949576947738,0.9983548565432989,synthetic_gaia
22.47607112194323,226.21457061278133,11.596924785411186,206.27196976773033,-12.302724590382613,synthetic_gaia
12.80898662660882,229.27444426891512,13.79044330472637,219.9457488825513,8.519616882364963,synthetic_gaia
12.950110403609195,220.24795719745686,9.771272279152493,197.67859056880673,-11.462347549593476,synthetic_gaia
23.517464708381066,213.66192198729462,10.313214828122293,312.8866408597665,34.31961562102042,synthetic_gaia
3.3681939202168203,235.56113890593332,9.524473992179535,217.8027114919619,-1.6421823499590706,synthetic_gaia
6.949100316460526,223.9294568125477,5.725914263236652,182.8404080608644,-17.569412174850488,synthetic_gaia
15.472740478558615,224.20170209555783,12.870701269273585,44.28540959802233,-14.76512649320658,synthetic_gaia
6.496189720386094,232.46063365568958,6.264117436418389,253.15531174563318,17.21370697047452,synthetic_gaia
17.62912121180603,218.2938292658078,8.945700102883103,47.55865013809213,-6.137274745776811,synthetic_gaia
6.924122654744565,225.5511116689903,8.868228456077292,9.56516161112052,-20.456457117449524,synthetic_gaia
4.28061032377273,231.85401322480294,7.8004079208673796,175.8712187028464,12.805691206916501,synthetic_gaia
6.760658671739314,233.29283976778322,9.025071258944184,206.08029797318363,-6.2336083166712415,synthetic_gaia
11.722882788257431,232.98079210940787,11.180091103824285,359.6594620945968,9.801292666790268,synthetic_gaia
6.051180880980837,234.25327912323974,8.113873122077118,256.4376460039031,14.033490384841905,synthetic_gaia
5.097916573236988,232.18208511668786,6.725119376982764,305.4925152819278,4.11695308212817,synthetic_gaia
21.78648338303564,217.65247411781746,13.693675105072666,124.69969405107192,35.938610935279996,synthetic_gaia
9.36913568273808,223.7897552190661,14.708326498571354,183.2092857287883,-25.871137393998357,synthetic_gaia
10.297449789919833,226.00970843965436,9.585838238763206,350.736836638268,-12.269251129077126,synthetic_gaia
3.2712194185282355,235.00516578832267,8.270197123445858,150.25987877139946,-3.8392500690593594,synthetic_gaia
10.219501340547245,230.2959301952947,5.474820777782293,290.6245529288582,33.91760292912183,synthetic_gaia
8.090565078396331,219.4438868973767,5.368515406100531,189.3560823880186,26.970037051533183,synthetic_gaia
16.04115654886114,221.04589201562428,8.92881995645402,80.62626655082308,19.33036301090874,synthetic_gaia
6.723976846465353,236.82005222898994,14.302420183009657,208.9507093959178,-11.911859111188653,synthetic_gaia
22.43240542044533,221.37582185124236,12.307085434015644,78.50233021331574,-10.162721096556446,synthetic_gaia
23.38233228114977,213.30099775876647,8.49269418870775,1.0897163552668054,-12.428400527106813,synthetic_gaia
4.296114315066174,244.0940344610744,14.68046425182061,84.92256557040358,-11.751403320611441,synthetic_gaia
4.470267994637275,232.06137384177788,9.287579032557307,69.53177964783254,22.390569109139616,synthetic_gaia
4.652508076552723,234.0138522487216,7.767927439746457,133.53162379179614,-3.656506850937656,synthetic_gaia
16.250092895137175,226.84131572076492,9.263532447243572,319.8948853713437,-1.6724724696591358,synthetic_gaia
4.805286176821326,230.15871880868573,7.115432269838328,139.6271064955233,11.615801803851472,synthetic_gaia
21.604793312396126,217.85913577064545,13.856387702007957,304.2675458967568,-24.952919610509618,synthetic_gaia
19.34824484357153,233.5157218980975,8.611733104176903,200.02068724736927,0.7896873190370863,synthetic_gaia
20.855603739474553,226.98127701091715,11.579689644943214,2.7412935201240973,-16.453075930093814,synthetic_gaia
14.09939211837848,230.29756593155682,8.890471988271635,67.94521664515744,-4.416223808374777,synthetic_gaia
24.923575864940528,222.30421104300322,14.017314179639625,335.2600962748931,-8.79631040938819,synthetic_gaia
3.0160273677157092,228.09839594336927,11.423807517156302,217.50244063117867,-9.569711190468855,synthetic_gaia
11.229094176280608,234.36946709852597,9.882518902812993,334.63686908601863,3.383727100595472,synthetic_gaia
9.450543385565632,224.8777470939627,6.321429691813385,111.64320730924304,3.318201035887671,synthetic_gaia
23.818846470390742,221.52965494675902,14.019166628522044,257.96245618178745,-3.297308838509776,synthetic_gaia
15.267802045444636,217.26067419427423,10.468168682717709,277.92905756301354,5.560265144867344,synthetic_gaia
20.54239220522868,211.95671061849447,7.850529729614175,351.251856985052,-13.029218112803237,synthetic_gaia
5.917847454145933,232.89280135442436,13.779268918167041,6.543533940825852,10.223788035591411,synthetic_gaia
24.508585309710096,215.63663784545665,5.544404273944078,342.8053974443686,-3.0929853323640875,synthetic_gaia
13.468709578155249,216.63621865716658,8.140769173295716,140.97247833749944,-7.254953432068456,synthetic_gaia
13.354457754224853,229.35651141834484,10.368284012021476,301.6772660681521,-11.92138217554472,synthetic_gaia
24.33034875655197,230.39393588240895,8.39814336043293,196.09665055959022,-3.620961907000226,synthetic_gaia
10.756844307994337,235.22477360040386,9.767342553788579,203.27383549201156,28.059588852688837,synthetic_gaia
11.143075564764837,226.74898834569362,7.643162523309838,129.37603974712204,-0.9497065515388448,synthetic_gaia
15.449312164513543,225.38840643066376,6.300830909328972,298.2501325361511,-17.166053042151585,synthetic_gaia
4.9452100425991,236.34777500729513,5.368541386168517,95.04488550162002,13.782286001775693,synthetic_gaia
9.384969407472664,234.7450342195041,6.576465649121419,177.20689902429834,-7.078926536876312,synthetic_gaia
6.443791416238002,229.25495177072276,14.529465140248117,201.66281955629114,4.256385065287058,synthetic_gaia
4.375520019462141,232.43618856645904,10.754031333367385,267.3075936338958,-9.084908256398672,synthetic_gaia
21.92132594561346,222.80224531781428,9.889601252779515,169.78872133495332,19.21159974214755,synthetic_gaia
15.55461682093195,228.0477460883117,8.843238393057085,244.90184358221777,-8.86139634968946,synthetic_gaia
10.249474205141958,227.92869641172996,12.084201459833853,174.70587468527114,20.967869678663043,synthetic_gaia
11.399395679434395,227.2749514750098,6.412594759060934,237.35542930509408,-15.738908767931795,synthetic_gaia
11.924937084809157,234.44607597076623,7.761298676526635,242.69165143493333,-4.393595785732195,synthetic_gaia
16.562431189328315,230.69608401888425,11.559021196637527,255.39896179052775,20.99993678860172,synthetic_gaia
23.315696004246846,222.81474286452615,9.79064364585228,296.38792578971737,2.522613371720082,synthetic_gaia
23.4539312521106,228.93683831754552,12.700925389590887,194.66012194557024,34.07198912708449,synthetic_gaia
11.004315529205257,226.19007398311462,13.971098439566532,69.58013899316158,-4.037106738570257,synthetic_gaia
9.5730365707487,237.13171938642895,13.23372591370656,244.67070298285992,3.855642794410106,synthetic_gaia
12.374069504260866,229.9787837775147,6.84207714260732,27.762510057178275,28.577239080732266,synthetic_gaia
15.062487299855329,241.94107604866338,5.914702355269785,78.82380808602625,-22.708848251134025,synthetic_gaia
12.62181196334421,221.14895788899747,6.694406005450485,285.1767103193277,-24.56625049772307,synthetic_gaia
17.151328425784122,220.83369347279822,12.835306916002306,156.62525195882375,-11.932622658141122,synthetic_gaia
14.751177537734565,227.87450317991863,14.138310894927105,179.29590035443815,12.200590342099886,synthetic_gaia
9.37645757396375,231.1258842811676,14.254488677038575,355.4628906540708,-24.14776774997908,synthetic_gaia
9.95180853254055,238.53081458803726,7.982157893704455,84.66209490561045,8.955735848430297,synthetic_gaia
10.70763411387381,224.96585526233122,13.403413780135583,7.03898983293644,7.900600417333401,synthetic_gaia
4.17671466973594,236.91414592488445,10.362355350220966,40.09413942642388,30.215853498029354,synthetic_gaia
5.819440545521382,237.17516468245913,13.227918483482073,88.02066947789865,15.682273882685585,synthetic_gaia
18.63161744934388,226.87847825526333,10.48364842380001,261.33120878272894,5.460753562466638,synthetic_gaia
10.94922436500784,223.35175306224852,6.4589321977911816,279.2959315145143,20.386994027294403,synthetic_gaia
6.934396368883304,237.70479629571892,5.792195510730974,203.57602344508098,8.083559116723,synthetic_gaia
14.941465443221718,231.8082087545635,14.572191492093395,91.81670353133809,-6.901050819408032,synthetic_gaia
19.377409476888825,225.88704167589637,9.25802556431579,187.8270820296565,-17.169086655732922,synthetic_gaia
7.920714333943542,231.07129197733005,8.505206448973178,5.384720136216319,-8.540484055396211,synthetic_gaia
21.016167284246123,222.99543549756805,8.563030847683104,245.44833938704664,-0.6011081182067649,synthetic_gaia
23.33261177137614,220.02343868169302,8.78934411475472,221.14711994730044,2.6252760802440576,synthetic_gaia
15.740074168698337,228.36637931582675,14.44996827894338,7.846754177355688,-32.02793397130138,synthetic_gaia
17.38579615680633,224.28955166672094,5.627045874031759,294.12418810780645,-3.2934050238599157,synthetic_gaia
3.2092477774302735,228.75159526234287,6.1906128738229915,274.8335526583638,0.4287265432416717,synthetic_gaia
23.74695749350385,214.91519334242213,12.896515154818491,110.96054840459271,8.213061673197608,synthetic_gaia
11.027148888093707,224.34785067668,10.494094913401387,228.73559422763014,24.402013237595256,synthetic_gaia
23.249709212544886,221.5795929549067,6.28536757960952,216.53746684739033,2.784803031679046,synthetic_gaia
15.316483069255579,225.29241889953923,5.344601367783364,51.5449005216733,-13.643443143715771,synthetic_gaia
2.106232373396535,234.7603237330709,7.242343482792274,69.5733484011717,-27.271190754022083,synthetic_gaia
2.8864659844390212,235.70002442745616,7.60810737710271,245.95420904212662,10.305164371685727,synthetic_gaia
17.649632530408205,220.8323750389105,5.14213029574642,336.07859265720305,-13.0363103921612,synthetic_gaia
14.941364318134461,232.9899481428927,7.160905383371934,207.46235545155113,13.002554657420207,synthetic_gaia
2.61024605573971,232.03004207992532,12.383189369523997,204.41273240143616,20.96130228243853,synthetic_gaia
19.099579108114863,220.89562813352066,13.554336896370037,232.80541009338185,-23.16112148968761,synthetic_gaia
21.59934275259118,223.91234196629276,13.982358297697179,158.60818806412638,8.30838838138444,synthetic_gaia
13.41760209610409,217.43144767805956,8.899140326435434,19.50193566048375,19.389336155090163,synthetic_gaia
12.712421128216864,223.10206454624986,8.194137259035577,142.741384820891,15.285589879204228,synthetic_gaia
2.125881503196432,238.5766880539614,14.998608482078875,324.0907956424403,-31.445691553656832,synthetic_gaia
20.092943387352783,213.75480073759397,12.693404509215888,289.78084814095746,-12.804780671905565,synthetic_gaia
9.606469535160425,234.58382752519051,10.373520809075544,333.87248468774357,-19.20270758625635,synthetic_gaia
22.21156325499841,228.67345579742167,7.547714326893966,55.019370647667806,7.852091327205763,synthetic_gaia
10.58039351383522,226.53997736473426,8.213054528851046,182.14479253397863,6.19989935228246,synthetic_gaia
14.996791944506228,227.08606887181514,10.153643488293872,210.50213573265972,-40.46837816910938,synthetic_gaia
8.217861128584534,235.4592722188898,10.420829197907507,75.5731835974708,-4.512474319917625,synthetic_gaia
5.69353118945313,229.10759706637418,5.136786442736778,72.34928613682922,12.010797455116602,synthetic_gaia
19.822881777770544,226.9495764915243,14.594000852714744,281.53185575140884,2.219639868361833,synthetic_gaia
13.421581013464477,223.25576789093134,10.756062473515636,241.86669013879438,2.194003792497919,synthetic_gaia
14.339222246301768,223.6499746293955,10.891582444091334,232.98751325345765,-5.4749053007806605,synthetic_gaia
24.204566930079917,215.8754633470752,7.114711337538192,96.11548487388538,-15.884114116120177,synthetic_gaia
24.162337981109534,221.61177475778055,12.64987178801248,182.43699272899445,-0.25583735835725885,synthetic_gaia
21.67976879915528,227.2399897633557,12.372645200918427,8.30518325615802,0.7814017685268658,synthetic_gaia
6.315013733595772,230.1325517559168,5.951579734047641,46.78057893615404,9.228817804994334,synthetic_gaia
15.668271968936338,218.8510842198528,10.949943722599203,186.57031059388484,10.447498864431926,synthetic_gaia
22.197390767077362,215.71309665914256,11.5819374532988,111.4820192274886,1.2879212874486181,synthetic_gaia
10.612670538325567,230.3400780203992,13.355681745738773,347.64111248274594,16.42362546877247,synthetic_gaia
4.325441816518454,241.51718093164732,7.060911789177107,169.73450037612383,-5.623870022036564,synthetic_gaia
20.652146751518202,224.0610332768731,13.776347968064059,30.083096288466237,-21.660368548196,synthetic_gaia
13.080561681329948,224.8901661959125,9.614810717075956,6.423245011912471,7.1558050412730845,synthetic_gaia
14.981031648261107,229.46777505408824,5.965236193056448,261.0928345851617,1.8956933158388212,synthetic_gaia
24.58931881531042,218.43418256249726,6.05621221510876,61.74242569811301,7.453972735197952,synthetic_gaia
15.965862901363659,223.12990959982668,6.978044536731696,67.61245284182125,-18.966770224243916,synthetic_gaia
11.774525870320332,222.84862580257345,7.827507059853085,152.57060015064158,26.86194132916567,synthetic_gaia
10.50964046048555,235.4737189334283,9.964058044597996,95.06181209524728,10.65753620495462,synthetic_gaia
11.60524373104305,215.0506830806198,12.4875119774456,221.96774870862822,-4.319953364986891,synthetic_gaia
4.723178913109382,236.03730918070298,6.867259020194323,174.84930260055495,-14.031797189469682,synthetic_gaia
20.27926284360415,220.00673603375972,14.926517944995366,40.12221653180283,16.157301156483733,synthetic_gaia
21.267487738301945,219.65611650630322,6.615219317703126,282.50670524740144,-16.526546730957847,synthetic_gaia
8.541134095188404,238.12336697109632,10.993779677221475,153.30918758912932,33.92047237188105,synthetic_gaia
8.987322223428714,225.81226814935678,14.2894043587134,219.9003550521482,-9.198074098489963,synthetic_gaia
22.109687895700702,217.781099295045,13.32507422876827,1.419239711765421,25.807578219084164,synthetic_gaia
2.5513181771429756,232.753454944688,11.4788920166316,225.50401203715333,-2.76710677609074,synthetic_gaia
13.970521206646238,228.33766117490728,12.154929967908984,101.8259485311364,23.71120063230462,synthetic_gaia
12.664541437674524,224.8753826899891,6.342056267053643,177.97346755559767,-11.023027602397741,synthetic_gaia
17.872915700304574,215.96013303463022,5.096630537602483,107.1794173756643,0.2825456782004991,synthetic_gaia
5.758009103437453,227.07275340594276,9.341487843603726,358.6538680712074,12.071239952558498,synthetic_gaia
17.371607038288538,230.54941488339227,5.89518926338303,83.10323329618447,9.931157050437339,synthetic_gaia
10.664882181122158,228.7083325824762,8.577525619128243,328.62945653613235,16.51142750486825,synthetic_gaia
16.230439897901768,227.1114114823305,7.237427935697376,330.4679874587701,-7.3120817220234695,synthetic_gaia
2.922185227073846,231.86652819721365,14.163467223807427,151.5602350563724,1.2721255927471642,synthetic_gaia
12.619725535243717,223.81518305960634,13.800559990080576,109.44112158840825,18.72582863997107,synthetic_gaia
14.01177056159456,234.63049064838046,13.189428485310085,137.1727968835648,-10.578832525784271,synthetic_gaia
6.929507265664692,229.72809867370415,12.139442984139876,356.1620714610473,8.588115916776028,synthetic_gaia
5.211344046119776,229.52606057353952,6.54071929104027,222.7666418415382,-3.2874035966662545,synthetic_gaia
6.334908969282932,236.52139372597486,5.483674261991515,196.12088561542987,3.0881115987390797,synthetic_gaia
9.915244795457005,225.19117020850246,11.538878578546925,12.930437282193829,1.2682532462167253,synthetic_gaia
4.226633434014343,229.38471738487104,11.422581371750994,305.22349094292923,-11.824247261774461,synthetic_gaia
23.788355301780904,220.18351135647143,8.69424284754481,30.16996409059164,-3.9103978818367153,synthetic_gaia
11.314863414403797,227.9295608864385,9.72686666435597,16.910052132377285,2.173983781150589,synthetic_gaia
20.606300857655228,223.41911870348156,9.891493882379894,98.94891100247712,-1.5408599806819328,synthetic_gaia
24.411593831503474,230.20109930228776,7.399281327465063,171.28389782070656,23.591039246913585,synthetic_gaia
3.8569114400629996,234.27067158172247,8.14166611907586,322.30402560158416,15.149333352245417,synthetic_gaia
16.98839776250486,212.49198158468045,9.183895546635016,284.4283676698219,4.349707477402449,synthetic_gaia
22.04240899504792,222.85498909525285,11.031790299115897,71.14757202210347,-11.447192740792534,synthetic_gaia
16.587391981234752,224.82227998417628,14.558192060173925,133.94863023381956,-12.3603463784693,synthetic_gaia
11.867600791220491,227.79999962724446,10.384846095190401,280.8864952627978,29.60716552920616,synthetic_gaia
11.91475622567258,228.7830139059355,12.311639095432016,189.75328108887504,-15.148281541082914,synthetic_gaia
2.825674378169255,233.0905620752702,13.070011023955532,62.81709912866853,1.7078942722578587,synthetic_gaia
14.295817279653333,225.80205373493973,6.135081213085536,142.5798729642,5.4142307152301905,synthetic_gaia
24.851488926097492,222.533040470043,11.53124667553941,225.33688962349447,-4.6698547722495904,synthetic_gaia
24.050273097354484,217.25817532818095,9.821107202544244,350.36124293118047,-15.03305646866039,synthetic_gaia
2.929182263369753,228.43082940719805,10.724309422478921,238.25233974830726,-11.773449585097305,synthetic_gaia
18.233331083478227,238.72307533593806,5.384169357690446,5.830258403302899,-8.197575034560426,synthetic_gaia
8.94059193402941,225.83284282232546,14.062157365473851,253.80297958771015,-10.642393036466686,synthetic_gaia
22.768750528341144,221.27024548208715,14.527841495754501,90.31133068460298,19.91580589771396,synthetic_gaia
3.0376391513134062,225.62317427605228,5.0348192368461175,310.37720911697335,-0.13688990208943125,synthetic_gaia
23.525104346254853,220.87915185884785,7.127915920415109,138.20036696140988,-7.857016517214182,synthetic_gaia
21.26194210711887,217.04515842960402,6.8019417370895,71.86141359154809,1.6043706580080828,synthetic_gaia
4.702600791809835,229.8485097908688,12.813045172798514,168.4609871436844,10.019338579423717,synthetic_gaia
3.3759597582978813,238.11534847991942,10.980800591118204,91.87127075340197,-5.1692955908636975,synthetic_gaia
21.198276279519526,224.11112516719066,6.773336632967317,84.8957358592262,13.529719427638728,synthetic_gaia
5.582426432415326,234.35303110261452,13.139709553188604,206.3742482784575,-19.06720161534838,synthetic_gaia
14.302657518445022,217.20481485901254,8.534748718057484,276.2446575063166,17.56955448174621,synthetic_gaia
23.062131731210318,229.7706435171386,9.608568762931023,300.5835746975552,-0.13428509658331098,synthetic_gaia
15.051306611634438,219.6335268130191,8.873066053206454,143.16115336934078,-0.7201852762759262,synthetic_gaia
11.136365933874954,235.68257536279748,10.213802064412295,24.049354894898144,-10.395214866972792,synthetic_gaia
12.235369261641821,232.4606135413813,9.801424688287254,174.2309994475992,-18.417751957701203,synthetic_gaia
3.4516949261890333,235.72935438005527,7.7458400266244265,156.1613317302189,-25.000079037230865,synthetic_gaia
24.281303391316772,215.54926147588512,9.245560374938403,70.91242137109418,-11.441650034246791,synthetic_gaia
9.145046256864905,230.04229531355705,14.083371498543002,322.61216441188327,8.815098309035285,synthetic_gaia
6.355360308475638,228.67329275397842,10.028941364792452,350.693371087448,-14.419176334569928,synthetic_gaia
8.579087942329092,229.78326789357078,14.163864104223755,18.628987691909312,-23.226722785864638,synthetic_gaia
24.180583482504016,218.6377740280072,10.501270478179645,286.4686967486757,-13.635979662566799,synthetic_gaia
4.168579230224161,222.20158544824784,12.688172932641589,232.45796085895392,-5.772499762564728,synthetic_gaia
21.947969931527172,226.89143954771845,7.93591309659713,94.11705293972688,-5.182518339935292,synthetic_gaia
18.2804095712333,223.1692082352324,12.904134900444078,228.65620258181266,-1.933393623641467,synthetic_gaia
21.090441120657648,219.39447230207776,7.643216129849856,46.31154900605082,15.489095190778176,synthetic_gaia
24.445643428461615,216.91983669306265,5.19549971642973,24.98634298709902,18.738816571372336,synthetic_gaia
21.369557076888054,223.4363247087788,6.60728943177693,357.65606701881376,30.08193758083983,synthetic_gaia
23.697794079390615,215.72009700890848,5.216528750320368,229.09314904511766,-24.373609750478526,synthetic_gaia
4.919510906191155,220.64942789126033,14.470626418914286,91.16014483196406,-12.838258805045019,synthetic_gaia
20.303136998840312,224.3461883917662,14.999770204176942,162.01222412535574,10.477277355896312,synthetic_gaia
14.5505409638641,228.50142688736904,12.622302636195206,342.03174562722256,-6.810468232875377,synthetic_gaia
14.500398686836796,224.93909169733882,6.081281637515876,157.9410246192515,12.911797047738482,synthetic_gaia
22.675196255371812,215.08848796444258,13.989454603326495,324.1600315208439,3.106701451722405,synthetic_gaia
24.351487828874358,220.22499781139996,12.437761832661044,312.7713112722462,23.688063150551983,synthetic_gaia
18.21128142999316,216.29528726468635,8.32244515402088,123.89627379270358,15.640741708990292,synthetic_gaia
13.10758295785103,221.6716076679048,10.022779118089321,250.5632414677569,15.915249398384724,synthetic_gaia
12.497288731742444,223.43570486014016,11.617593412619689,237.77946136173327,-6.178074130405437,synthetic_gaia
10.885853516133182,232.41603690687452,5.2405047567327125,277.63627342314305,-1.4619126895240775,synthetic_gaia
10.31677768017124,226.73895919770837,10.015409120998951,131.73449913629477,-4.578801863510341,synthetic_gaia
11.004657358741921,225.882757091904,12.323954332549851,18.80513945932778,-22.588382154748604,synthetic_gaia
4.064324410777491,242.23325982032028,6.882253718963328,61.57412680050396,22.07653883243299,synthetic_gaia
3.781029960990079,234.39916876032476,9.43790573479333,221.9593275625533,11.180809632648183,synthetic_gaia
19.93700640906317,224.23434354670965,10.325301291849332,279.03606728304726,-5.175406861214066,synthetic_gaia
12.2596765371652,225.48919843822787,12.355653719592322,272.1775084328146,19.568887611899598,synthetic_gaia
23.40574323652627,217.3895521389872,14.644537107931075,210.12537064141102,-9.455514701207333,synthetic_gaia
16.081083197660906,214.0172908013762,13.482755480042915,30.512932457361295,-27.572017026829133,synthetic_gaia
2.8090475902416543,238.08804791571677,11.215184202299502,6.223905786892492,15.110546293404218,synthetic_gaia
5.623036850302028,233.72715049734313,10.836406748348093,281.57103263594615,-19.17840349673996,synthetic_gaia
6.733855239299174,229.89551050937095,11.031866930726707,197.77551630835057,-2.9366319843597513,synthetic_gaia
24.441928560962193,219.03766114021735,10.451786426597739,281.7763569833428,3.091845611756403,synthetic_gaia
7.030197201487602,234.28684806037552,5.593628802589236,58.60384613257999,5.781980171081428,synthetic_gaia
13.86238055462518,218.56246178796,11.98296394588205,146.67234147761167,12.726015843056942,synthetic_gaia
23.53206942772451,217.34304994990316,12.16336800129603,330.9009433480703,8.71277139401268,synthetic_gaia
24.47543278803022,214.02134019301846,10.124803622670274,61.775276848979644,8.248387898430401,synthetic_gaia
7.436290013821525,239.20986515379528,13.70387605402543,22.14968537251596,-11.86127673084737,synthetic_gaia
3.129705806250923,237.42221153035968,11.724368027566785,235.24825816142942,4.413653359014859,synthetic_gaia
5.532842148368445,220.5285104515929,8.62664657857017,214.03308262383229,-22.583249550751592,synthetic_gaia
3.4565550101588363,225.27084498545085,5.1969435359863425,342.73098210878396,23.43206547679244,synthetic_gaia
6.487857545123737,230.28336066751024,5.5916164649768,326.32863157975527,-21.038472357273356,synthetic_gaia
15.077103438185915,223.2146092907717,8.517982616417862,269.79494047940557,-5.19659758134517,synthetic_gaia
22.98632231479976,214.0116375128657,9.62105325198683,6.896605636170787,-19.783113585401754,synthetic_gaia
14.356034324969821,235.75128973514632,6.66871119508425,172.93930862636165,-10.95249428798478,synthetic_gaia
16.39775980407886,226.3140996923636,6.8932830642263205,322.596697153334,0.2014262314807652,synthetic_gaia
6.642946787019445,233.2222398724283,7.302113587793363,156.11439172121183,-7.9313714777400275,synthetic_gaia
20.413423275498552,218.78153570665233,12.805133395762727,346.37245906067807,17.163693872184325,synthetic_gaia
16.209144895628413,228.48065517612224,12.712878409517714,234.8956730318337,3.4035152394419455,synthetic_gaia
21.87514707143267,219.4258692754445,8.829389854137787,39.40456591540589,-6.943645938428895,synthetic_gaia
23.823391461133035,218.69366446825435,6.723643815843959,183.33794706720604,-2.0037289496106956,synthetic_gaia
10.001717842401623,231.8039361476253,6.1090838506346925,250.42216883225313,18.295506855839033,synthetic_gaia
4.083318346315105,224.3029382082516,5.871293120471732,23.532830006263445,13.633063249266993,synthetic_gaia
7.196366032085997,238.48741052920116,8.912792508993721,124.07383154547628,-17.081563410231166,synthetic_gaia
12.070356010544256,228.36797356702922,5.4554243332111945,258.1491826994351,-10.209775712094073,synthetic_gaia
23.750953991962884,226.56037479892532,8.33635037126335,56.54569043053228,7.1218472802655715,synthetic_gaia
10.701125914588552,222.93469752028807,14.615332425411374,125.40236337738813,5.300498790405594,synthetic_gaia
19.727783914303508,218.05430943341935,10.075046156100386,248.36771608820422,-15.755723120981441,synthetic_gaia
14.430963919927365,220.17114644204634,13.22644656835189,279.19472467108096,11.236898839599354,synthetic_gaia
6.204601719912461,232.37361228837892,6.292659458953991,186.6642457771514,-13.36311210279594,synthetic_gaia
9.376884735929387,229.46936354963537,7.680787824097049,344.46870997200347,19.557401607845122,synthetic_gaia
17.02341335552483,222.0383075566411,14.465464445440087,333.1191091676387,7.941737343744321,synthetic_gaia
17.47562807775255,219.00738648697825,8.835518969340235,170.43733940680264,-16.978866759685822,synthetic_gaia
11.999474176608063,221.16734729096575,11.484061284483223,57.698787640076056,-7.936150521951177,synthetic_gaia
7.258848861228637,230.22079995937884,14.761267791625894,278.25536299822505,-8.196909217929361,synthetic_gaia
18.603855928791557,221.04465614656226,10.507877563307355,87.53024714153185,2.398150819534963,synthetic_gaia
5.88407995709244,227.89441506502592,8.05345949228736,303.4156715996778,-3.059653470187357,synthetic_gaia
23.54340291289791,228.02082061009685,10.319484559520623,211.3719628158354,-17.18233370072675,synthetic_gaia
6.321782317838964,230.63725766038698,5.546371993308593,141.87348230318878,-20.91388719333864,synthetic_gaia
4.46818434514797,238.55759945391713,6.123698740926912,200.2980090897159,8.23535001596792,synthetic_gaia
13.445897154403713,223.9300533650842,5.071711050522699,191.8111566448538,4.293552968462447,synthetic_gaia
13.949640756522962,227.50535594616642,13.842100415650043,332.90382452397034,1.5830633580754758,synthetic_gaia
13.68843703989963,226.16734676878104,11.712804288995956,77.17069791416262,4.06097788440691,synthetic_gaia
12.043352254793309,218.98479329316356,7.983297651327481,334.1370429186035,-9.283787212875525,synthetic_gaia
24.88074253508099,226.59122744689395,7.211614192073046,11.28277492554798,2.759885366627156,synthetic_gaia
13.184454091423383,226.0839481576983,11.830766011577799,276.91318135190755,38.07758347476401,synthetic_gaia
12.992771357016112,230.61160900002974,14.195320647852824,331.0805270561635,17.618506811207148,synthetic_gaia
11.70061944243491,223.9269692361704,7.9913909105211065,141.85878875515064,-4.326126764397558,synthetic_gaia
3.536992358133647,231.96515786826765,8.215591093867818,26.304187318296215,-7.8505762065186,synthetic_gaia
15.63800251644117,220.8919866276075,13.542407251937728,289.68031133773565,-42.9065909623735,synthetic_gaia
7.2432587611331956,236.6529556881087,13.933758158837522,303.4313480490246,16.03041229477047,synthetic_gaia
16.66500654526815,226.14141764646078,14.140365668297786,121.05265967584326,11.79908030662219,synthetic_gaia
3.1691696248149746,234.8545366178951,7.931542080066948,186.6935828469262,-8.157419539147387,synthetic_gaia
24.571903328819037,226.433481155013,6.203125675963489,291.4088644836538,-21.475615243156913,synthetic_gaia
12.78711681729146,232.78975847368795,9.39997571998542,69.13547181004303,-17.32901164784589,synthetic_gaia
22.62537354658606,224.68585421406513,7.9576486514118105,226.43127230085722,6.665967937191343,synthetic_gaia
12.9379069843575,219.80517139958926,13.838666668118357,155.02703742569489,-1.3401110049377145,synthetic_gaia
3.3876088272071,229.40434888541216,5.3663494180354485,62.789670811534876,10.37388026410922,synthetic_gaia
20.910911560157558,216.91123959484477,11.338804696362724,299.31847461034545,1.2966470755227504,synthetic_gaia
16.90822578234409,228.07002735416393,14.061813657481139,116.88509959197361,14.501382481747266,synthetic_gaia
19.980412094200737,223.36550214987477,14.76670366806066,336.39340163580584,5.543627105883704,synthetic_gaia
11.847906860704086,220.64249604390696,11.50130599298043,204.8161931351287,12.431930702410213,synthetic_gaia
16.672545117672833,223.63593823639835,14.4992295702238,185.22359329850582,-31.34525116382906,synthetic_gaia
21.69326708732197,213.97114639182988,5.756594626250672,152.39013991896925,-18.5151835574619,synthetic_gaia
16.514505186053412,224.4126518183678,8.592783459962398,144.24152034826994,-5.46527504831441,synthetic_gaia
9.996493601225776,220.47532897929798,5.087146973267337,294.4678589413574,16.19353177350363,synthetic_gaia
17.238180670422597,226.87027454790893,14.811837721908184,243.90030581500537,28.2079458910161,synthetic_gaia
17.45264633812355,225.98190916884317,14.027264787666992,278.5284472044321,-2.4635367358031686,synthetic_gaia
24.093500137652374,229.48130488070166,5.280525562482014,151.5902974600351,-9.1737009583227,synthetic_gaia
10.530983395458392,232.6575018253252,5.18132650459766,94.11740089298476,-29.324528163867047,synthetic_gaia
11.776880652825017,225.52487831287186,8.66969494106366,31.271478670145505,12.95345646109746,synthetic_gaia
20.678828107302362,226.16608289930846,7.585379667909018,279.5961563942561,-8.252858627917153,synthetic_gaia
13.632533239083049,219.49134732084718,13.469322772425022,149.4995149863735,44.37502004037233,synthetic_gaia
18.94118114166186,218.34939876805592,6.604844032718623,183.3204931548059,-11.091058800517699,synthetic_gaia
12.573317682432618,228.80738910885518,12.906494627008573,168.96356467093634,31.579126452909968,synthetic_gaia
6.95638826169211,219.8610090227028,10.544596999906632,155.20962829292645,11.225510753812005,synthetic_gaia
19.13968838396325,222.85189083535354,8.773917714049878,246.2038477444259,-15.4239659898205,synthetic_gaia
5.016568891248328,226.7633279823777,6.4571976173337875,219.1442816730991,3.4821568296537984,synthetic_gaia
6.5674242612200855,231.40189511250375,14.976913059596711,349.93936751194997,11.570707898256995,synthetic_gaia
16.4169746040368,219.35070908224068,11.179861209215368,50.0054067537234,-3.378782887748746,synthetic_gaia
19.187205404417604,225.12923730951496,9.393822325679942,206.46695276377804,12.569740658284479,synthetic_gaia
22.577821397959745,220.98549874461213,8.711275565527316,22.76645882483303,12.2393573902299,synthetic_gaia
8.269489440565508,236.83339868405324,14.057282306308553,290.85063073495195,8.94507750891197,synthetic_gaia
4.54665794781275,232.19201145312513,13.21191808190761,221.87207997039351,-0.2471005207125842,synthetic_gaia
23.98907316902047,216.16361524455488,13.111857883682237,154.21637375731365,-17.6241013395919,synthetic_gaia
5.551731024509277,230.2957388305453,11.161984729623928,288.80483567182057,-1.151780632128502,synthetic_gaia
6.546340591856709,224.1873551450059,13.879565826958018,163.80093905696816,2.640969955737645,synthetic_gaia
8.700577431844712,231.59282537862427,7.992783721220704,82.00299431284098,-28.140763065567366,synthetic_gaia
14.176001142604612,229.08925051744848,12.037061351632893,170.10027399972128,2.5385297398701567,synthetic_gaia
22.304988018783796,233.40536267172422,9.044477423918925,25.499446789442107,-1.45201897215215,synthetic_gaia
19.49255852278694,219.70797097023615,10.999988085596922,323.2299994701795,-19.449391061774318,synthetic_gaia
18.287623738380606,222.2312622951362,14.981530006126928,263.145014904406,-4.9950958603763524,synthetic_gaia
6.029153060688085,228.35298671487888,14.845247806753184,273.71368303740996,-4.677695202514483,synthetic_gaia
10.226700525097407,229.66888067747024,10.126190164674483,314.8175894466392,28.951418002401283,synthetic_gaia
13.003313299993593,228.78138185990207,10.738634521648246,284.9661319734301,3.301775192660506,synthetic_gaia
5.390796930168475,231.36387769650216,13.97321769137301,155.46693249123834,15.540678769718982,synthetic_gaia
8.288883148913467,235.25107761629425,14.85635712513855,42.709104549161864,-1.7672295673597294,synthetic_gaia
9.091663690915418,226.232812674404,12.786078026260798,134.41132079314298,-28.108747752526256,synthetic_gaia
4.927352561567902,236.85127488847363,5.651844579586307,336.2704971767,10.08512773232435,synthetic_gaia
14.655512913889925,228.5327936970242,8.22639734343864,341.67257684329667,-9.872800943813122,synthetic_gaia
18.215648520056437,223.55507007546998,13.965623399203078,276.43351158856643,-5.034001949818659,synthetic_gaia
3.6084275239678076,231.1700495937344,12.683525058504806,73.5950099056995,-15.794568736732058,synthetic_gaia
13.065831340552444,238.96719420581155,12.422330710244271,70.00194904709782,1.0915179588203978,synthetic_gaia
19.990857491159286,218.42067081431503,11.67923230468141,316.71774391705935,15.977675424336782,synthetic_gaia
19.20377296590628,224.48730778115066,9.152638496323835,51.08973228400492,13.991071627119393,synthetic_gaia
20.746681213031344,218.28222889064475,9.032413203447017,210.28949183969613,23.792842616777467,synthetic_gaia
12.309534562923961,236.23464464127906,13.08932487590801,136.1706056204644,25.91939186931167,synthetic_gaia
20.872812900716795,226.38862358104802,7.937802917650709,108.72396286602356,-30.688113453873353,synthetic_gaia
7.537320637928198,226.89742520708916,11.848318727009735,243.85752924371297,-17.904308413936977,synthetic_gaia
10.298642912602853,231.12632314677936,12.262085234239565,345.4448675946976,-27.122873674898294,synthetic_gaia
6.05617825760943,232.50336719537688,13.445559893615288,279.9481457665075,9.478956155843852,synthetic_gaia
12.752144406857152,224.4467859358406,8.198855907070158,175.01853351655942,-10.39622675698729,synthetic_gaia
11.017380515555194,231.90495826391884,12.418892668382021,158.6561429527979,-7.337704977658945,synthetic_gaia
7.5413236775291805,232.2331996570663,6.0648989757868685,326.75910779605925,-3.24896147891183,synthetic_gaia
19.290956312307976,224.02164587423727,6.380617289519047,208.11855545055144,5.738560321361273,synthetic_gaia
9.218475758567871,229.02885409468345,9.173360401734016,178.79004830383028,-22.279815720096845,synthetic_gaia
8.274499593354221,231.98371021715187,5.552257763552473,245.8209130313123,-18.882951939511308,synthetic_gaia
5.010477609561386,233.01538980148644,14.476983214653384,85.37537416662951,0.019443097966602034,synthetic_gaia
12.09289914144482,227.73740470172206,14.018958105093605,22.944775526956683,17.981189042317013,synthetic_gaia
8.968186463257947,226.18980388052594,5.489336955258431,307.8401185747239,-0.38096104876627074,synthetic_gaia
10.493275350842278,236.91053410953606,13.383117218922788,218.61421225180447,-11.874895595730484,synthetic_gaia
7.427937040272711,225.1054396330868,10.088741740900254,59.35575644102477,-32.22313020506454,synthetic_gaia
19.55257626585771,224.91782092823766,12.0196288837355,107.29725354026898,14.290133775904186,synthetic_gaia
23.390076989158498,218.77999817026878,13.869311692981872,356.37606453223106,-11.038974740857203,synthetic_gaia
13.452432614144415,235.3899659634062,10.769744870776986,228.3925076869159,-17.211553736275818,synthetic_gaia
16.78896373683915,219.98948497835633,6.163271002846295,229.00037074816407,-25.729878396881716,synthetic_gaia
21.94496236195424,217.60808221497695,5.025786104865863,25.97891875513993,-21.58651216712948,synthetic_gaia
24.973081658674147,214.54273364701953,9.969215322514465,348.83702432781547,-14.418213306807791,synthetic_gaia
16.11087914878614,226.5480257867617,14.492321321243601,321.40184024113944,-3.582731042912266,synthetic_gaia
22.46492773041698,214.09416687064618,10.726218716131958,197.20167921475937,-18.131125571409854,synthetic_gaia
22.897989670779765,218.2961139819738,8.729391380882292,111.38000992231447,2.7856205632145596,synthetic_gaia
20.203384219575312,211.611055748494,5.309220170809134,251.29988221899302,-3.696716098771535,synthetic_gaia
12.601421994681536,228.3262180239645,14.149794172782004,300.0147820098729,33.32988433776791,synthetic_gaia
3.866542009749684,230.08233695012515,8.271566608580422,283.0037075363713,-25.56664674588993,synthetic_gaia
2.3635277751230785,226.0825114208888,12.047774013150962,351.7370539372364,2.422191454685727,synthetic_gaia
12.975614565507266,232.31828791142826,11.942372021114648,229.2679435200993,2.6100748356143555,synthetic_gaia
13.369234271296207,220.10589408851516,7.538831613687479,115.64115536119151,-15.45836105884723,synthetic_gaia
11.369334920848363,231.87888412461086,5.637775064607253,179.2539407046721,1.42878596171191,synthetic_gaia
15.067849079701384,222.07739020524764,8.850003786718435,293.87418046222194,11.543915496100734,synthetic_gaia
14.699742176001823,233.82051802947598,8.171310138371998,95.52333139753587,1.4473722383674879,synthetic_gaia
21.24209994375194,225.47144022978577,12.002563988723258,83.30697177983691,20.766943272297567,synthetic_gaia
4.499113375032035,227.14781478623485,13.19782495659839,260.94044891752947,-32.66531427143008,synthetic_gaia
7.179086320427546,225.92765828868124,7.2244541739167465,159.99387354554787,-12.633501192040809,synthetic_gaia
20.2391145160715,225.37817945357685,10.282310697764423,293.96534226830016,22.125840708464168,synthetic_gaia
21.500247946144057,220.25045438010912,5.406083473881616,51.72609101723601,13.680394998957755,synthetic_gaia
24.88095691327996,218.6026893940932,7.142558229334619,120.85072673378642,8.10767566899432,synthetic_gaia
22.076976376902934,227.56308407329615,12.61761605322083,96.51596637243642,18.498231097791887,synthetic_gaia
22.467677162663612,217.21425740648544,12.933983204890724,251.23253330385847,-28.74836818052655,synthetic_gaia
9.23000268048781,229.68771718557238,12.764044634518033,273.35851679759384,11.934159940842314,synthetic_gaia
11.238217582215658,232.74925297937673,6.4238792498827015,164.16097051916026,15.96555243629134,synthetic_gaia
8.165957410872673,233.9418640601326,10.510347274684174,172.09057550361683,-9.880502492636047,synthetic_gaia
15.944886158432459,224.23638281337634,9.227084144433828,47.53147780408661,39.43855676836839,synthetic_gaia
23.59252314676188,218.81014362901055,14.914862967950905,252.65811377269887,2.945234460930863,synthetic_gaia
9.926740389767208,220.10170994379084,11.540698690583362,357.23434809572905,-32.89153563762811,synthetic_gaia
14.811040983273354,220.46187442212818,14.35202091395729,280.05186269945136,5.719079969006309,synthetic_gaia
8.814891500430157,231.0824889451048,6.453503050084376,80.3204363475461,-10.797900449840984,synthetic_gaia
5.905399396772273,230.61971443230615,9.50873273100229,224.3241862539248,17.47492910894277,synthetic_gaia
6.48926718582908,231.31884340168796,12.716076001058685,106.18445183913106,8.219160500869469,synthetic_gaia
3.332742924376989,238.1133037204347,8.678577280304026,10.863559049861866,-8.968831084142865,synthetic_gaia
23.83375102921292,214.16729006143055,11.325084961536467,64.73622803610009,22.53677877394344,synthetic_gaia
11.266230995675482,226.77770411653958,10.117021723736606,36.93368601498289,14.091769589689656,synthetic_gaia
21.184780516048487,222.70306699452578,14.919294092179923,70.5357192845499,-12.418799815231523,synthetic_gaia
17.670577871862896,220.43508914221312,6.738725400654914,286.41759172164126,-2.280676208412715,synthetic_gaia
6.414186712454964,238.14851887435273,14.353486953301278,105.41956825095542,7.753751861461204,synthetic_gaia
6.03563167131902,235.77066421349136,9.015709538032969,272.53438234024026,-5.463948941589327,synthetic_gaia
20.67572863474253,223.5283362387297,9.679929663772946,341.5905197433975,-5.015991057708825,synthetic_gaia
8.088369344249358,238.91592805648708,10.286018836899789,206.7383214243989,0.5508754239672619,synthetic_gaia
23.005559225145443,213.12704908623337,7.653665494335798,174.74721912361966,-15.98697876056084,synthetic_gaia
5.221274307858284,231.69807215206018,14.63657442610793,270.04578321249494,-33.49148007865452,synthetic_gaia
17.587298132452798,225.83962351188728,14.114872052347895,34.952450361512405,3.5870229349805642,synthetic_gaia
20.73289914871148,217.4691627980857,14.729051002113627,154.15635149455866,-29.833499239427788,synthetic_gaia
7.410896933559835,231.87176212561374,14.969195722095229,179.57685417554183,-14.895580547170809,synthetic_gaia
8.35276935950102,224.24660668137247,11.698000951809721,299.17847174341597,-26.573735384228584,synthetic_gaia
24.183934381201638,223.33782760312025,9.516854958057447,293.1183576832678,-24.726666716419547,synthetic_gaia
8.085744922961641,235.2355832637935,13.507339014963048,305.37552954599323,6.395327611789374,synthetic_gaia
11.889012147701099,228.93103441332846,5.238048778363385,251.23425403237266,-3.3346224759011003,synthetic_gaia
11.94785864457442,218.26859927181627,13.344040447135034,191.00009058654155,-3.8760068320218526,synthetic_gaia
7.819799248382722,225.27865786393062,9.972860242110066,298.03655568361756,-19.73852675436014,synthetic_gaia
19.84319498805308,225.42155314853264,11.732200270834177,314.38166949189707,-9.837736332578418,synthetic_gaia
19.75253489427057,222.7606589086427,8.740460613425077,172.97445335717293,5.646827388152811,synthetic_gaia
10.70131432714707,214.84166545707063,8.686231538668158,354.8382868399578,-0.7813089795975092,synthetic_gaia
21.207893194856876,227.95921867255564,5.317171528108878,314.9345249925043,12.34011091562978,synthetic_gaia
6.900723491177055,231.3703303492835,9.237894304290133,183.76907955170685,14.476380181888718,synthetic_gaia
2.099032840356609,229.59273115477689,9.0835419541933,24.943534324958296,-3.783297873873163,synthetic_gaia
15.136849327282043,230.51424715828205,7.247911018680712,80.81713831388267,-27.783739288807382,synthetic_gaia
24.863788766404706,216.07243195646257,7.473232735397675,279.50348857546254,-11.349673485993243,synthetic_gaia
2.888819126018346,229.75222745821748,10.841395804425117,40.01553251952651,-1.4653392130903766,synthetic_gaia
6.783955695294593,232.55179094551107,8.177714425395031,169.12802387493474,-11.647305780061714,synthetic_gaia
13.935036777202937,235.19579431045963,13.302519090172897,217.7467891577019,-15.819363170006298,synthetic_gaia
20.628636938232024,230.22503780346943,6.113851068570665,316.2048582133855,1.046284263352292,synthetic_gaia
4.047966116726224,234.26857867156664,10.776449465750435,304.96099064165276,36.45454654099921,synthetic_gaia
11.09039703645457,230.3804301464675,6.600447271391023,275.1400515815038,-7.322820930545627,synthetic_gaia
19.182743414487387,226.9682800263695,10.282406269206588,146.76992734003164,-0.04208778737662231,synthetic_gaia
10.545493793346315,222.1241480023118,10.525458869503186,51.209731563226946,-19.680538158464827,synthetic_gaia
6.343237670939697,234.2562181414226,11.422976865257292,241.07375144082522,18.651015825622704,synthetic_gaia
6.496404030121509,227.26938014045643,9.274249472728936,65.26390409585017,13.121145650271348,synthetic_gaia
11.431122099044867,229.44793902207985,10.094746851292545,202.07321402710167,12.08601209198876,synthetic_gaia
13.026592720535495,225.72104141162862,6.809526160812933,353.044145686804,20.396937169571174,synthetic_gaia
21.82173160976832,223.86745937946588,9.630153497363295,198.11151929061884,-6.410120320422109,synthetic_gaia
16.771805627063852,225.1081388081174,8.730303890942906,232.40047221376108,-4.536267297684328,synthetic_gaia
17.879244953856535,208.46032054973315,11.661311046544096,243.92716988982258,25.64817797829975,synthetic_gaia
24.60870494532586,220.51401796769724,9.34821723496486,298.93980876318176,9.490921544168378,synthetic_gaia
11.472399126922395,231.0405153071698,12.793416509802203,156.59304411853756,-33.288327320162416,synthetic_gaia
11.27715127472995,230.18142219498606,9.259920985736922,179.10356437889916,6.822314634555144,synthetic_gaia
23.23698025769368,219.96395760789855,7.357711729739586,63.34992501285238,-8.725470911543947,synthetic_gaia
7.655138501116348,238.42634689645433,7.736887189585846,221.28475958550072,13.472577369849862,synthetic_gaia
18.78575066496593,224.8157714800046,5.452852250916366,106.47288227678011,6.122857041302605,synthetic_gaia
19.355182179017095,225.09137763907987,10.3991881060091,182.74490959993184,-26.108141460341987,synthetic_gaia
4.249123941245191,237.56675700697463,13.308808839003218,275.9605896635632,4.032452557432162,synthetic_gaia
12.769322330952432,228.8321385416377,12.691117068175702,6.325165685515177,3.1594159087741134,synthetic_gaia
6.612936840395743,226.37682570768163,9.377894663384714,203.00958957037435,5.451937296971797,synthetic_gaia
6.26363127445717,218.89354338456616,6.961203551445122,62.4402062318483,8.632932778699631,synthetic_gaia
12.668046540646152,224.69686640200572,13.634844432974528,100.57800232218732,22.43948939732597,synthetic_gaia
8.656883272685494,233.39417558397716,5.567810340450684,12.496780831319253,6.208334844214477,synthetic_gaia
20.30939029539503,220.54114940828907,8.99222725202494,61.0065936669248,0.3434769071169675,synthetic_gaia
22.874912501981093,224.70907154767048,13.56615142383951,355.1865815833747,17.219513312823373,synthetic_gaia
20.46257392163241,222.9545321785811,8.931766874041964,359.4681940317523,33.64111085384651,synthetic_gaia
8.1187100702983,236.3661365573745,6.178754707569599,259.14525116027306,13.726061312521336,synthetic_gaia
8.305091054837993,228.33323455512297,7.659495003457961,220.26846771762968,3.0930919021213525,synthetic_gaia
7.8587520527017505,232.42635409989984,11.000294417429483,279.72250311573544,6.48795824653378,synthetic_gaia
5.105876209293429,234.3382526918684,6.5203590769457085,322.7595379866582,3.8406563909738702,synthetic_gaia
23.70736246638536,227.69090782166512,11.549353268423559,186.94982144354694,0.2777762290999104,synthetic_gaia
11.247099357612596,219.43737636982073,9.381619311992457,12.702239790372438,32.47756247259571,synthetic_gaia
7.167857914555096,228.22804743063728,8.34389500820522,255.38249540881895,-11.235800614746488,synthetic_gaia
21.473434161689603,225.82168417588653,7.4092548052316385,354.4569007460721,17.32358742364049,synthetic_gaia
11.181491961129181,235.74104992318752,13.233299858567095,92.89906414990608,-1.887854140508606,synthetic_gaia
2.8076866555223314,234.44555340350894,8.966739474634016,166.847603565996,-22.20628755208086,synthetic_gaia
5.724656115741517,229.95856910555412,12.384792656062277,130.0587843784612,-2.824766153797599,synthetic_gaia
16.70275782819191,228.3463682007523,9.403551926373844,140.56829792275082,-8.20163750630872,synthetic_gaia
20.00682130594965,226.8392500599399,5.918671868867794,259.7039977951285,8.66365977626489,synthetic_gaia
6.851490935240397,228.9195097721382,9.405059751672605,136.225580312178,1.3695033398785612,synthetic_gaia
23.10009855312127,222.21397496518694,10.076877797357639,338.7902851651416,-15.330402954719531,synthetic_gaia
21.57293376119978,227.41955271131,9.578421934933768,284.27704335488176,22.065118702345732,synthetic_gaia
21.51275734340486,231.0068216267442,13.162417117482725,9.952929031570243,16.352010067135865,synthetic_gaia
7.236206376381925,234.19039581093776,14.108513490430294,294.6775975321409,23.79083298144602,synthetic_gaia
3.162327738951327,233.2442396464834,12.867786752110339,278.2286720779171,3.5544699610217445,synthetic_gaia
21.950741408099425,221.01041073974832,10.827819022109598,185.93774221724408,-0.5359960242103567,synthetic_gaia
9.033405260987049,232.14110449785122,10.414499605548908,178.8542628287089,10.553407239279316,synthetic_gaia
16.235076766991096,224.27471280823332,11.44616030123659,300.7896852481032,-8.662125313813531,synthetic_gaia
19.479238325116793,223.77367854191394,7.878302964393745,152.92270409869258,1.9508933207975416,synthetic_gaia
4.950744945755764,226.61640308624828,13.11846846148685,57.40644358558744,-2.6351684898204786,synthetic_gaia
19.9592821539381,229.01073463624448,13.56848177603661,112.64357982565176,-21.91551475784881,synthetic_gaia
23.585763556104514,214.5579741416913,7.672171631818305,95.47286520869616,1.911832572586085,synthetic_gaia
18.752624212167408,221.11905106513032,14.028182081400777,245.1812506745221,-6.61450337614953,synthetic_gaia
12.148123215052836,227.89538929485104,13.487327239916674,64.39440601470429,-3.6382824602745587,synthetic_gaia
22.163597191289167,231.10268615488746,9.244867674825102,232.11807711581054,5.456774184749318,synthetic_gaia
14.131525491668857,224.05438164344534,14.090002020927455,167.74810101495427,19.08799700979938,synthetic_gaia
19.129731339785344,219.7138388428322,6.2043899381150815,302.27793458824146,-12.731551358219676,synthetic_gaia
20.871636708747893,219.2011424703636,5.279865592089004,174.59954755828846,-5.048373226940354,synthetic_gaia
19.235115819077137,231.27253845113336,8.478668255940544,334.72941644497786,-11.476240445397162,synthetic_gaia
8.620662149107542,215.55035118927768,10.65435698827345,324.1688860388116,-12.45270881698487,synthetic_gaia
4.7104097208341145,227.04230386373575,8.514426145328661,66.70352847744822,-8.918534154746586,synthetic_gaia
7.481786175327382,243.98032718621815,14.420677336713595,247.0198868466781,-2.946754242227919,synthetic_gaia
13.566123550548124,229.47558314836562,7.54710229055145,77.26490968347908,8.788074853162563,synthetic_gaia
13.621369212741204,220.95671949534065,7.81213393592679,296.3895502429648,4.806686471772571,synthetic_gaia
15.400820034234364,225.16489756772967,11.348276125448551,228.86033563316488,-15.852854986248742,synthetic_gaia
11.08734226360149,228.4076839155884,5.038638823417082,105.8823699413944,19.412404858757295,synthetic_gaia
20.098501773350637,226.66906262118388,12.275570523545992,89.68450621806231,14.166184597155569,synthetic_gaia
23.00253625798578,229.8209248528717,8.774694830931573,154.6479558163548,-13.517784759145556,synthetic_gaia
7.674676230027839,232.14608576262867,14.77747867643296,288.26026972600715,18.361663378793406,synthetic_gaia
18.940034007143424,220.46353723047056,11.914175930297485,286.6181792542026,4.904076188944144,synthetic_gaia
17.593352608536026,227.939576830156,5.522149550823431,12.015441199776768,-2.346829543878696,synthetic_gaia
14.031081483424243,222.73931058854552,5.926278087419736,108.82339756952403,5.371200667189683,synthetic_gaia
6.3361953791056855,225.8731904081138,5.881681069241585,152.22634684909835,-0.3865619343828292,synthetic_gaia
20.290341947402318,213.5189919230913,14.526222598919437,210.80952483992755,8.176179817221097,synthetic_gaia
24.09440456946315,212.11535517158353,11.840515412175877,53.829723173291654,2.8097328469675085,synthetic_gaia
18.60223564137311,218.89137694352047,9.276060072889358,120.70188739041292,-5.061390784083042,synthetic_gaia
23.11077992239188,214.66681371000072,7.00482689880031,318.81492740446515,-30.387401387420752,synthetic_gaia
24.636261093803995,221.1685194532461,13.736397464358031,171.55710482891382,7.907738109478892,synthetic_gaia
10.097165507502478,222.69226242869075,7.015559276713405,267.89156137563816,-5.604829175801005,synthetic_gaia
16.679141717305747,208.85720491656016,12.066792164758175,174.52026233868236,11.669199144678693,synthetic_gaia
12.900452965675793,221.71765802350532,12.633243615453459,167.3937275041669,7.2251259341358045,synthetic_gaia
24.69246117785429,217.20791352523398,7.946560888554083,223.89318903006148,-5.214963167340139,synthetic_gaia
4.157579952177673,229.37426509052912,10.049147371706422,93.3712243882623,15.344822866160026,synthetic_gaia
11.484623028836166,235.4197340035233,7.229892823183938,89.92875575024999,3.072624927548565,synthetic_gaia
22.137398024126433,218.09641343847522,8.789296574554982,356.16738776097924,2.4546427106713087,synthetic_gaia
8.533180142109856,234.07137972717732,14.651343982800087,312.83712335492004,-2.0716603014471344,synthetic_gaia
20.119235564694073,222.3305647736619,11.931380346544302,265.59176272187204,25.253335683596966,synthetic_gaia
10.804012743945881,228.03596840667083,13.46614206190515,49.372034059991975,-10.699000936434876,synthetic_gaia
24.53950641747364,215.4859070448388,10.405995714667409,10.880896026515998,-4.840118061885827,synthetic_gaia
22.321186237745273,220.75534534350538,7.390397421513562,63.14850151095347,-18.56002717619995,synthetic_gaia
8.930368226240152,225.5930392241128,12.128798566671936,337.5831472227072,10.90096615986759,synthetic_gaia
19.714441611370667,223.5285955641662,10.005679607905664,293.8643172896356,-8.732235095365104,synthetic_gaia
9.74770050816518,227.7264390192783,6.768488681070587,188.3073644958875,-7.050533725894826,synthetic_gaia
15.946345324957308,220.3103945059437,9.124298896182102,348.7610128926158,-7.754049482357713,synthetic_gaia
17.145057673045713,229.2438106528494,11.34840219016306,52.76955704482836,0.9408287409358184,synthetic_gaia
21.080694408971215,223.9587683945001,12.353318566822383,201.29415840217328,-18.76139376988719,synthetic_gaia
2.562369340286342,231.1582054916098,7.4322079589035175,65.95996550353554,-33.64867899153391,synthetic_gaia
7.063631496502892,231.31269554986224,13.759973393493311,110.31429772955012,6.865560560891579,synthetic_gaia
18.37410964353731,223.09706886527937,8.79551107074678,338.4486068267612,-31.703365593055654,synthetic_gaia
14.961034450299358,221.31139878224653,7.711367178927484,312.5802659575261,12.812066759660688,synthetic_gaia
13.39891679862629,226.9781581459644,6.951200554537248,36.647562827010994,23.37791624302721,synthetic_gaia
3.2698290042835505,229.8512980982859,13.041713344029736,89.83577000193785,-2.463357059025499,synthetic_gaia
10.010345319613492,224.01886499714107,8.541645749660624,214.0226890495382,19.492394200807343,synthetic_gaia
21.89730533394491,213.2003475149518,9.833990278879346,22.08700344269678,-0.36384629314828787,synthetic_gaia
2.71053525182874,231.51287869991387,7.228198235638756,198.03047304651744,23.988617386168055,synthetic_gaia
11.118033413390679,230.88608241454943,11.860910711689314,210.41691688584382,-6.843267781698162,synthetic_gaia
23.73841061642777,216.69019659783834,12.810334075524224,104.74818527896542,-35.47322714146682,synthetic_gaia
3.1702568945353367,245.62213290170524,8.394252489533416,105.52427284504442,-1.1986761615975303,synthetic_gaia
19.243232274026646,227.40140809699702,14.45079385371402,82.46853675722548,25.61944790116108,synthetic_gaia
7.925090172186838,236.5684693056856,5.306106095602361,336.8434932705754,8.02452458910627,synthetic_gaia
21.932003139534466,225.26871309815974,6.329431032740404,139.9936106516679,-7.729848428067659,synthetic_gaia
19.159563516065397,232.289597677152,10.887870315604909,210.69686272100054,4.933517539270976,synthetic_gaia
22.371218929742344,217.08297825154833,12.014068620483798,108.56684673126523,14.56687257678829,synthetic_gaia
6.966270179919118,217.84239420925744,7.50682989509059,252.95904158936554,-1.2842465837170634,synthetic_gaia
14.219733360827913,223.88203860771813,10.540710968913485,36.51885758111131,39.395851280135695,synthetic_gaia
19.923208702220418,225.33908743884993,8.183862470428128,25.79095551407903,-7.761269347792307,synthetic_gaia
7.651094088884562,230.97565105318705,10.540892456215902,267.94215380947907,15.037660830671223,synthetic_gaia
7.30716502114599,231.81038491662267,11.593276777642526,261.600464993526,11.429058547226994,synthetic_gaia
2.6251890704444554,239.96380684432157,14.728080535690575,95.4004810106384,-10.497411370470864,synthetic_gaia
24.045851761435404,221.88163052141536,9.556968600211837,127.8168165808878,-6.3666040102150925,synthetic_gaia
18.330388241256337,227.5380719871699,11.482160402713806,344.613780479816,15.271479712190471,synthetic_gaia
16.61788814223425,219.91600620183982,10.78039247919932,37.55890619831315,2.1718183140636182,synthetic_gaia
19.11187862198479,217.57810741517932,8.17554893887573,65.93294395680157,5.071075900909092,synthetic_gaia
14.227097129995105,234.1786339088755,7.530641316977204,154.81381139036395,-24.539510305565358,synthetic_gaia
12.951077885079439,227.4100839975607,14.878707217447237,101.55560617998904,9.839979827431522,synthetic_gaia
12.339241545840979,224.1718281166187,7.0685236170151535,233.64307750759457,4.309452661238518,synthetic_gaia
16.73010187838375,221.43671385827454,12.902752670742368,248.6166202608064,-0.9586503396173025,synthetic_gaia
6.635304434024813,227.6073191205432,6.46587391020761,189.49971020043427,5.413377945886143,synthetic_gaia
22.425349985342002,217.43936115393203,13.043512693612508,220.03102850499715,-6.138265606863745,synthetic_gaia
20.670304538043098,215.66532065070476,6.857284429895481,156.03149952732414,-8.87853755825211,synthetic_gaia
10.039963063396778,221.22292107427447,14.67156644016167,273.7394113410598,-3.6282829745866474,synthetic_gaia
15.308013826688061,224.45746947004787,11.859876565745173,15.155459224657104,-6.9630476747744625,synthetic_gaia
5.243627898850336,228.75810321161654,5.901182436758289,112.6408811961171,32.707943415648,synthetic_gaia
24.363963702472756,225.308319113171,11.931771194590109,246.39481490216187,13.678060932653844,synthetic_gaia
22.76653181549652,222.23630088164927,11.036207627815518,118.67223883513769,-14.527033859575516,synthetic_gaia
23.20364264948161,221.8243117444639,8.375462466939585,28.272700959461798,30.544440033912636,synthetic_gaia
9.639750097179387,225.25955415149065,7.607359977567146,124.2048342480391,-6.492849171544692,synthetic_gaia
5.890098269805682,230.71354650247156,12.18760781748152,256.1381178439188,0.4418305119642679,synthetic_gaia
6.8707597597251375,232.510780668329,12.413613729498659,43.91455149119439,13.4612579239698,synthetic_gaia
4.070031994037067,236.0372087022902,8.272058489525365,260.86729111619564,-29.54982815846423,synthetic_gaia
4.762544492331839,231.55395055970078,13.762271108395037,279.1640578887272,-3.5553877041145348,synthetic_gaia
3.640004286251444,238.1206162177139,7.688272188884913,228.7082679921716,-8.600007764507515,synthetic_gaia
24.76593059171209,219.56123992471964,5.69864425974811,87.92425748093193,3.076201193162022,synthetic_gaia
3.7033267174886926,236.64965639415797,10.998678448275786,289.90632859022213,5.550745248981639,synthetic_gaia
5.048467861882513,229.3954465433777,6.070705728316161,77.19930064024753,-1.1588904799852717,synthetic_gaia
21.02685569858694,212.79527335553996,7.766640642664853,326.09554278168616,-1.8547094726848186,synthetic_gaia
15.345524985087692,226.75084182441282,10.07186393048438,254.39245169114955,15.976970589531675,synthetic_gaia
19.811595705094646,226.244373000049,7.863596223572976,19.6991735929415,4.5222889550105725,synthetic_gaia
16.510976178771067,227.55737654730592,7.149963424200444,287.7433627181987,0.621375150779144,synthetic_gaia
22.290026617565804,223.17966667120857,12.031854149056544,182.31607452956666,2.218058871902088,synthetic_gaia
16.684753138589034,222.82909445860693,10.469993414022955,162.9536026726985,27.538334962953275,synthetic_gaia
14.00887713677247,222.21072053228923,13.397612482502804,151.38402937145526,2.5901096547615903,synthetic_gaia
18.393242956509894,226.26286449740022,10.812395946554776,218.38682391873007,-7.716727574485579,synthetic_gaia
12.290033291218517,229.45096627397982,9.834472117737784,260.84826028186603,-28.634986329165887,synthetic_gaia
9.959467926808898,225.9708370915253,7.6125635161078815,322.55158166084186,-21.509060610524305,synthetic_gaia
12.756006406354887,232.57461694198847,12.920658750912974,98.2601326610011,-7.005388426196415,synthetic_gaia
5.903424417266895,226.8960321664702,6.968710085643672,227.07945824775254,-1.6256526593122151,synthetic_gaia
20.321149785461902,219.3816644901311,7.422284109731603,247.08334012852677,-8.334321894153582,synthetic_gaia
7.996186970726726,238.1845092050041,13.4158859675307,242.92697032328132,5.26715965568714,synthetic_gaia
5.5312255657520915,235.8858937100745,12.411925257292111,177.48023320186917,-8.527620667624626,synthetic_gaia
7.666101561014216,228.418639994911,11.128734889795204,140.7681173533324,-13.717339052031452,synthetic_gaia
21.367613490761514,223.0821451164918,5.389205307865734,274.456374144153,9.189657530361192,synthetic_gaia
9.594629798747821,229.7773175984018,6.272576182847265,108.00352945468849,20.5409174531702,synthetic_gaia
17.779146998635703,210.15996380096578,9.999574601876096,74.89913846336752,-16.60751396619822,synthetic_gaia
21.697421505082005,216.90674181195683,12.46338923482891,196.49850975364458,3.655737955617177,synthetic_gaia
3.7881273392759685,232.3781873274061,9.641008641918233,96.3399087583837,-28.57506987230727,synthetic_gaia
19.595561319094987,220.9697167927691,5.172930244147831,11.96393859523405,-22.118071960907393,synthetic_gaia
9.076305726717692,230.56282174495354,6.842699986668217,18.567267617629952,-8.831487419657591,synthetic_gaia
6.982314376232981,236.28346507959398,10.887666996202181,250.20378949927488,17.023656485657902,synthetic_gaia
17.84473340641836,222.2393626977189,11.942170596879913,350.3325045571463,-11.68059044558212,synthetic_gaia
22.92532232286438,215.38339956759543,5.334283127119043,163.687818105387,-12.24150712148324,synthetic_gaia
8.785441800385094,231.13335716731453,5.4333175346050036,52.9420052105043,0.5413092284167458,synthetic_gaia
15.083177523839337,223.93989737976142,7.61310115456363,294.5099557905671,0.5562541672477604,synthetic_gaia
8.666184618538306,228.80331710930403,5.835016953865649,94.11692291053913,-11.776972091320047,synthetic_gaia
14.748568471707843,224.3232761094172,10.419462321933647,358.425526177397,29.793323508948575,synthetic_gaia
16.30282670504983,236.01992230939877,6.237019819566805,202.77509969774164,-3.9804505967305968,synthetic_gaia
16.037713942174136,213.77290748115144,11.482193349014224,83.74771748163623,1.7037747362711984,synthetic_gaia
16.341566501783156,222.8448514207223,12.77225319307587,178.5617170287638,-6.026693065656629,synthetic_gaia
5.106835221003054,231.78978285863113,14.705166637521067,120.7372578586735,6.59957343226769,synthetic_gaia
17.95143080049455,219.874643288277,14.484069616377143,280.6099144657012,18.524363395561753,synthetic_gaia
17.519258196745135,228.54959278767572,7.733651502352782,38.093718890900085,24.95495545431859,synthetic_gaia
17.69952681098831,228.0040841367305,5.2940960262317285,308.52097813171736,-11.433985128958204,synthetic_gaia
3.7036227129902457,232.4464627119384,8.29412216111768,276.24128193508847,16.511927644518185,synthetic_gaia
12.27729337552551,225.9733228635781,12.084801187126534,310.0909694045355,8.24521229326527,synthetic_gaia
11.407808037051783,227.3103358056844,5.5980120927253925,322.1977485749993,14.618049141901164,synthetic_gaia
3.9943641237935803,231.97958915438994,8.597126576714286,82.72001625950925,-1.378189090391964,synthetic_gaia
7.114462341626647,230.16159589585453,7.980345475469069,187.56209060230347,-2.8056115992327078,synthetic_gaia
12.142140531354846,226.47116666031923,7.193456358189767,305.9719992598958,14.035719685709903,synthetic_gaia
19.08684512673589,224.33296836875203,12.061307547303153,135.85966996180014,14.320387590844307,synthetic_gaia
7.452427770647254,234.10829296748477,11.59097005024374,21.746727646427686,23.485808457928293,synthetic_gaia
21.084247932872966,215.67104430396154,10.354940940343432,104.98836835386595,2.97821333175734,synthetic_gaia
14.553360572007659,220.65083014632947,14.107746396815976,87.09131213093191,-1.603719414521354,synthetic_gaia
19.489698759246203,214.0763481280535,6.031388527302725,313.2225427280776,-36.89780369991306,synthetic_gaia
12.868787616747714,231.2889947413207,6.496892244781308,166.9846857872934,-24.168908069930016,synthetic_gaia
13.481467184711137,227.82569947550786,8.83449679219413,246.07592548067277,-5.9137740777508965,synthetic_gaia
16.253545955731724,227.36787135733152,11.558820518629005,346.36289388897075,-16.51588396869323,synthetic_gaia
23.343323987813957,213.26293131579894,10.84079292245412,107.70762685867335,12.211958481498694,synthetic_gaia
13.311689372496929,235.6049347565901,5.7404268746793194,274.0318407098625,-19.650314423684307,synthetic_gaia
14.159123376490692,223.10629334896652,14.584248037464674,8.195083746739712,-7.519564925254319,synthetic_gaia
15.845930161133179,225.93732268484806,8.050648164613914,37.48182311215014,-6.9303973970773285,synthetic_gaia
18.96284815784769,227.42014320473706,8.589726137830938,58.271432401180114,18.07114625099169,synthetic_gaia
3.6525577161833893,227.782252648405,11.236297990434235,112.47060127410303,-9.123581235294662,synthetic_gaia
13.860811086005357,223.6053712786833,14.451655174597347,145.07539744657623,6.786181770719823,synthetic_gaia
13.076606551739001,227.72297977816748,11.62688239103272,171.72572066361158,2.935591912840752,synthetic_gaia
23.19875463746412,234.78814372890847,14.547733295477041,88.3192846620231,13.549327281709193,synthetic_gaia
13.350651350035845,228.16146662048772,6.87591118820479,23.837515059648936,12.753225781747204,synthetic_gaia
12.771372297969613,235.0496980669226,11.18809928972935,243.9083130624876,-0.5016016930431637,synthetic_gaia
24.130599736298148,225.94674089077344,13.288788918762847,8.518087272335206,-25.444417689107702,synthetic_gaia
12.363258662820275,229.11301351820993,10.090244682548471,291.40942854914096,-3.4761132996844393,synthetic_gaia
6.1603418974080775,226.20380745596657,8.621736758293405,334.4957370544325,-0.2993346679822916,synthetic_gaia
6.989070824533131,235.93059878875798,14.847585300318771,255.7328089174684,4.29013849729167,synthetic_gaia
4.189313381750405,224.89112742816576,6.409873403966605,214.5457862189395,-11.063327178312154,synthetic_gaia
2.0130669729557225,241.74620876028814,9.109295275286566,236.5266705583078,17.113516776129195,synthetic_gaia
11.934750203011085,228.54080766420935,13.733737525606601,234.79993678233396,0.204291274724889,synthetic_gaia
19.692579369859093,209.4410201573472,14.004807465059208,335.41384898394017,-13.807460217181886,synthetic_gaia
18.869728184396223,221.50388940959317,14.803821015597741,347.15011362982824,-6.873417581125203,synthetic_gaia
2.7394290194655544,236.55759596744872,13.848475922643814,153.61619108695982,28.928139809502454,synthetic_gaia
15.109606782662757,224.37137639563696,5.509570253874125,222.14850341343052,9.965668394197474,synthetic_gaia
5.5485118845099475,235.10720912714916,14.297664996274882,289.010539344302,15.726848333466059,synthetic_gaia
23.644754549588036,215.971907567946,9.281671914067854,0.37373658196950377,-15.623804545701212,synthetic_gaia
5.849394991816124,224.81421626617689,11.51619187456582,189.72573005797764,-10.332445382757014,synthetic_gaia
16.412702007042075,224.38483423036067,8.942758691671191,235.03548233437115,-10.221334588218673,synthetic_gaia
9.503482329773306,229.21815188034125,13.136680766135488,258.19396190552936,2.7659060638293296,synthetic_gaia
16.755910497180103,222.78563418395083,10.759192763227661,132.76418738266122,-2.610027466283388,synthetic_gaia
11.481947718673728,233.96023840903987,13.455446425540043,106.4319914201732,-7.342416168855311,synthetic_gaia
19.471790203047078,218.5790942474003,6.937714715207672,65.57132396444706,-5.461043887551811,synthetic_gaia
7.30561988254073,231.9998156100738,6.849830947549023,200.81359765896642,-11.910527800126046,synthetic_gaia
22.833212617027982,221.06909197017563,9.40376801584787,330.94923561076376,-2.6975893035211524,synthetic_gaia
13.504821934207099,218.77590653044012,5.047515449624806,322.55213426065734,16.698233757506213,synthetic_gaia
19.390142397395614,216.28601008328516,11.928529548962581,129.58773377676926,-22.69709027324631,synthetic_gaia
21.543794402228222,221.5946835798505,7.96053727808011,92.82785037775295,5.197191504528451,synthetic_gaia
24.973058051960514,229.2978387109595,10.572993462144499,283.9657761614797,20.701390423194354,synthetic_gaia
7.150750308661039,233.42713011658088,5.700035604608469,260.99280656790773,-2.747806478483507,synthetic_gaia
8.598525511959462,220.9977474293022,6.70644359382694,181.9223392094972,-7.933140437188439,synthetic_gaia
7.759960994833429,214.59758405263244,11.228591700219328,140.0508934339887,13.863472289258832,synthetic_gaia
8.046040639675,233.63649256522504,8.056626271110432,44.567245348262986,-14.763328153032653,synthetic_gaia
15.39622905540568,224.89628942573046,7.147219425856337,282.64989207320514,-0.3403729490809628,synthetic_gaia
24.85101803235439,225.17444357733035,7.288465008077679,222.28719968941107,-15.597661505785906,synthetic_gaia
24.776396003133353,215.11116289448444,7.1481936472549545,135.677404705686,-28.0515145503642,synthetic_gaia
14.115784321333077,227.92869728845946,11.22850949430548,330.7636713840478,-2.2797639719219287,synthetic_gaia
16.697625836087497,228.79485116758462,6.676912144694571,237.48217430827037,-18.950925949004752,synthetic_gaia
21.77932250513694,219.150605243257,8.627063591798905,334.5259920637486,-0.17505769993752762,synthetic_gaia
23.45746954443062,218.20865368357553,11.878868655934522,170.78848572227182,16.725444365710594,synthetic_gaia
6.68879442857951,230.94581763762974,10.136710573476506,163.66241666301477,27.81383110019435,synthetic_gaia
14.156459765676416,228.86559437925388,10.972808707754838,337.4061445130687,1.4029392591481262,synthetic_gaia
21.155252257214784,221.70629731668123,7.509069794637485,345.52491416767197,15.28823747963399,synthetic_gaia
8.973647762595608,234.26145183717517,14.327148731652056,345.87623479639905,5.984439751599499,synthetic_gaia
12.115607977050734,225.11806906800814,9.138792483163357,294.8030618066794,-5.746704208125883,synthetic_gaia
24.669285334776184,212.93972063844936,7.869639366123345,166.4662121367619,-28.87164530896342,synthetic_gaia
24.656074024580032,229.47483057520338,14.043261840584723,75.70774593686117,24.397384906231785,synthetic_gaia
22.840456647599176,217.70154591253828,11.55289615264387,138.0387172600182,-15.736532839216842,synthetic_gaia
20.364311931045325,219.43009462450794,11.139458631384505,337.7870969464039,20.74156367126654,synthetic_gaia
8.190001516624532,229.55223244674875,13.86734652166168,130.87954622890797,8.052114438933765,synthetic_gaia
9.379551703545312,229.47368573355408,5.585402862713844,272.4182736564735,-14.640191778710385,synthetic_gaia
14.587505347712117,223.94939094523852,13.376795120075803,332.2815663927988,4.679975427284297,synthetic_gaia
14.89787961492628,225.60165575592603,11.778643643051009,349.34117863731467,31.993665919279945,synthetic_gaia
13.62656484521254,226.2845858146013,8.599927947801294,341.1626928751282,23.034788712956566,synthetic_gaia
16.64341643807504,225.47196136130714,7.563513425238556,199.82073518001934,-7.690695842016731,synthetic_gaia
11.391429520558743,216.09291925471422,6.048058998815576,177.07682687431333,-10.679711372770232,synthetic_gaia
19.231005618257257,232.38500302362846,14.4107417024669,355.55058315647506,1.503120559741079,synthetic_gaia
9.671648309002173,228.21877823920084,6.419121033295362,78.54451364891045,-2.482705934547548,synthetic_gaia
9.60557092976611,231.8996312661311,7.594385357308843,67.51089420651454,17.99606078464095,synthetic_gaia
4.926197123512043,225.03062009013485,11.9110717956947,346.74562718850063,11.093837046327065,synthetic_gaia
6.340380830665143,228.682260674588,12.101524378859926,248.11013585670105,-25.383624022926334,synthetic_gaia
21.561980215191227,218.16218303390343,6.60768704602594,193.06944352733683,6.880128831358673,synthetic_gaia
12.264493787350155,234.6833102054489,13.141311607656277,47.537925422870046,-2.686364413010521,synthetic_gaia
7.240959090715178,227.54533253412362,10.102872691763626,184.76648964587852,0.5566220404209983,synthetic_gaia
19.46484530051491,226.62487162187864,13.48456678115109,339.9196152677598,3.734145213909884,synthetic_gaia
14.741565893787767,222.53441905301668,5.872853898475445,217.0408764055218,17.980935079149027,synthetic_gaia
2.4865882627357503,231.18278763752042,5.428299990936897,145.6663040782325,14.666894453190313,synthetic_gaia
9.276313518744448,227.9745532247813,11.369903814943498,198.3970805274462,-11.246141110309432,synthetic_gaia
6.071032455790844,237.62483034927723,6.500237971098168,319.0122313264024,-0.8791795153450414,synthetic_gaia
17.08507580260533,214.87256432822107,10.249490457333,328.6255180087179,-6.727820892858176,synthetic_gaia
8.325713934495816,223.21811101456797,5.141087592845087,144.0317396350423,-25.22768953359897,synthetic_gaia
3.4937759218287034,223.07986422040798,12.799292605482002,218.90196087635593,-1.6405576140163547,synthetic_gaia
3.263504751546393,227.52279893147625,13.995301701785015,100.51294056581906,27.671316413386442,synthetic_gaia
15.379727853050444,221.32966983588292,13.38882761964288,162.39070661705153,-25.680650906246207,synthetic_gaia
2.499639481194061,225.36531905380176,14.583528131504183,79.15774924193144,-0.36092690490100815,synthetic_gaia
21.52221860213004,217.8778746405954,14.030957546587896,191.33001427160707,-0.8420721811451283,synthetic_gaia
5.574133742917339,221.44259400600959,9.440180182903653,208.16644858727832,4.316032076464798,synthetic_gaia
15.951025709494886,219.94066531272728,8.983482084436467,121.62122500707834,-14.440874360908957,synthetic_gaia
12.227824644247152,233.35971159689655,13.96183667971543,97.96258822991334,-21.376658861999307,synthetic_gaia
12.185584988333758,229.4019497336969,14.26938795357227,54.36921838732269,-20.678964851919392,synthetic_gaia
3.651334274281055,233.655254439437,14.72835948318037,50.23571983421752,19.96400637497218,synthetic_gaia
20.46330175488096,217.1965436218038,12.683172348427828,256.1260016570823,-14.740289615427855,synthetic_gaia
22.54020714932481,213.23194573644838,7.019888299413804,79.7896812861732,-7.493432874797595,synthetic_gaia
2.2533833498372546,227.8958550286803,14.449541361107224,42.47172759836178,31.56948897919461,synthetic_gaia
6.107896041033708,230.96651583987386,14.471414668162195,359.593808315144,-11.01383485164684,synthetic_gaia
22.789796342296015,225.09726118469834,11.661313639129714,93.56994068006053,5.1359939692638905,synthetic_gaia
14.638353094401337,230.36286640167577,13.572802663494848,322.5773935541276,15.957175149382602,synthetic_gaia
5.450910299708832,234.74624287509866,10.611764211639523,219.30694335069026,15.235802804688644,synthetic_gaia
6.664180410010653,227.14710292340362,14.441269454117228,257.4252600504534,-19.97364535565521,synthetic_gaia
17.179683617453627,224.38544690111144,5.939363965920911,201.93080813986873,-10.70028671552248,synthetic_gaia
18.67078691167808,221.72404553001496,13.639636964847707,65.0920302215888,4.535459643779777,synthetic_gaia
15.786816597338511,224.12729080918967,5.555036290371394,304.9385657229369,28.935261860749385,synthetic_gaia
23.922412737988093,230.2341315235565,8.391070522180204,298.0701959352423,-11.422659879617932,synthetic_gaia
13.363462884220873,217.8378345123439,6.353256426152619,125.88676752609628,-7.404194761666155,synthetic_gaia
8.906253979278114,228.26020718333987,9.791350924629121,274.986250708127,6.293616321015068,synthetic_gaia
12.97635692944332,232.94852145507872,7.322461579924699,195.49449300399402,9.29487341022565,synthetic_gaia
10.272324754332052,221.25033955337477,14.520723793339972,327.25769060162327,10.203810064541052,synthetic_gaia
7.161565531517785,227.30528441647013,10.593213336534095,289.01677366942846,-12.695337972522003,synthetic_gaia
3.0571547348232215,230.4440858028973,13.977307363037248,14.758477128731084,-7.9807220540160815,synthetic_gaia
10.100887351997857,227.57049679473144,7.7805846905115095,316.53934998885296,3.232517997029529,synthetic_gaia
18.362414997324073,215.54370482864135,5.259775599465608,348.68391047225634,18.934669689424222,synthetic_gaia
2.4240694661294575,236.46138688535927,12.756550036839217,267.1762329450373,-3.57726123177641,synthetic_gaia
12.101105803736498,230.76824528523042,12.023776599719719,43.168871104944486,-0.33452850125729144,synthetic_gaia
16.812216233346973,227.0342414792479,10.454916456741936,290.6553203413633,-15.388926557091143,synthetic_gaia
16.039294511009068,220.62357255916393,13.153427297292126,233.0960553444909,27.94840247838364,synthetic_gaia
19.862914025440467,223.01823268803616,13.400843726481325,121.97747430791289,2.3139442071256475,synthetic_gaia
20.641953460175344,217.60157788954496,10.879033080181738,318.25099842936004,16.16632169335113,synthetic_gaia
18.36923388114592,221.85624552042623,14.65927791853937,203.60400784314223,0.4484581210140086,synthetic_gaia
4.364347011329237,243.0396227537736,12.197119476173272,307.0540551669848,1.2790059786511816,synthetic_gaia
12.925516212100295,227.40002925541862,11.768753761626288,241.2409494903274,-22.50463336278091,synthetic_gaia
15.878337022214998,219.13840648117974,8.614217925586454,103.86579733377415,-32.261428045388506,synthetic_gaia
7.648018892617387,231.1216648954337,5.022585786000077,351.0067305099731,18.778578177539387,synthetic_gaia
2.97869180587586,226.37933799101103,7.4094267389417805,205.56199725824106,1.1708732139363012,synthetic_gaia
7.142577380149079,224.54083717483178,12.6392050681463,186.0318870575252,3.0964218447992735,synthetic_gaia
12.462571239850693,222.00527729534937,12.098712544371741,145.26346617117179,-18.73580628300616,synthetic_gaia
11.52039733825582,225.5782044026117,8.310221448300942,49.08391310796745,-13.545962666904353,synthetic_gaia
6.063340570524717,235.89525712136805,11.25582974538439,247.0366368130182,15.93453001702477,synthetic_gaia
20.961557481720334,224.791017564009,6.952874794731372,155.08771128209304,26.102156562621552,synthetic_gaia
23.290793380944663,223.05823077814622,7.63627719269044,336.46050372803114,-9.319110206588277,synthetic_gaia
6.63101133821245,225.36099508566448,14.474080939024965,347.4349807028034,10.072249325445833,synthetic_gaia
23.380177058046097,217.68081756154294,9.131805729355946,276.35070792598236,2.8503739902240763,synthetic_gaia
2.410802061029159,234.8532542462727,7.4498759429885455,87.29811493291267,-1.8079341011658845,synthetic_gaia
23.274136872259746,217.3120645278956,9.871082468389915,257.75268508942787,27.77938530267479,synthetic_gaia
23.894362171860884,218.67419144108146,8.870158797873662,7.351830347419979,-6.79802469034128,synthetic_gaia
2.27719284936628,235.78354793179582,12.295290373491056,297.5041810110214,18.610689555262287,synthetic_gaia
19.549443825865204,221.03773420282775,14.621161064908812,177.70268415259048,5.7213497556307304,synthetic_gaia
24.3146361691064,220.93365033981863,10.91737424457692,337.2262739586671,-0.2533398354722849,synthetic_gaia
22.8357510328089,228.69129788459227,10.911471869369151,135.99361487734743,20.580257595496175,synthetic_gaia
24.326333707512898,218.93674743786943,8.64833858723483,94.74249761418395,4.352017476345418,synthetic_gaia
14.657440631045704,231.73578865419245,10.646309319752953,358.22028195217416,-1.4464129486842117,synthetic_gaia
3.79759121736393,235.42335582568433,8.193288663871382,191.04403374434708,20.691632594730496,synthetic_gaia
21.545151549515833,214.19807031411878,5.010920743123419,310.7457152677577,18.738933806578377,synthetic_gaia
16.118049883607267,219.41553367642783,13.660961728784851,327.98057904756314,18.029449817308134,synthetic_gaia
16.138945116330646,220.74517988694384,9.294440855217053,186.6487366013124,-58.31706512429496,synthetic_gaia
11.596833026749783,223.47780477361746,9.920884850539966,164.05701318690757,6.60264938607616,synthetic_gaia
15.15236545998551,225.07832285697498,5.835009154259282,199.03894371804606,3.1817578960495463,synthetic_gaia
5.532334918980634,234.61551091604622,13.37110513405392,305.18622103730905,-0.5229488112822881,synthetic_gaia
19.014710611021457,229.3915979516352,6.703370703775904,347.2776833762879,9.146694509590176,synthetic_gaia
3.7253980690854736,234.212501650447,9.106211587843159,118.19595937309782,3.9083530875679178,synthetic_gaia
18.784957642007218,221.03100369347945,13.402655470638813,265.9069375631448,10.16711125990772,synthetic_gaia
21.526503720371643,211.13472895661835,9.577829402135194,102.7348118243854,-4.019427116324891,synthetic_gaia
12.866779583983227,227.31121063709716,14.311523354664637,219.94309487934194,22.47270945264739,synthetic_gaia
13.726098419312136,226.55003945640487,7.093143034206896,289.7242517585774,11.68416287659239,synthetic_gaia
9.1809282772078,230.17656359443993,12.152328299547714,319.1350768780656,8.137898857722604,synthetic_gaia
24.297547425688514,230.34523434746134,14.779985235617275,161.53782634052882,7.405578505602955,synthetic_gaia
18.861862914869544,229.4143184091719,10.49613637220311,133.11204572372094,17.359219612403457,synthetic_gaia
10.486736725907935,232.37109413755746,11.92183898643993,91.24258032391963,15.325316804032342,synthetic_gaia
6.020569883359117,226.42675817254255,8.932266596010084,48.03018135054752,-1.6915808031943167,synthetic_gaia
7.050330620648101,228.02856961611124,12.51337339725469,131.37032471172267,14.854655712349443,synthetic_gaia
12.670212580531151,226.60689410252553,14.088740565237291,313.912009709225,2.610783600630668,synthetic_gaia
23.67907320722977,216.3235436254296,12.030555670505292,150.77142583582975,28.753901872504926,synthetic_gaia
18.885365952501115,225.6989689046124,14.359287113809792,114.22553969203993,16.465917165704482,synthetic_gaia
6.950606208120446,232.44041536600324,10.886526519923097,266.0876080511093,-9.384139778425402,synthetic_gaia
21.769906068634654,215.9522697418299,10.77137440450963,77.61040978533795,34.960660341753986,synthetic_gaia
10.698612029222666,234.29745102721645,8.046273881091555,92.26324889556568,-31.53059753984744,synthetic_gaia
21.589610203307927,222.01804529197685,12.09627491163786,336.92711340178886,9.560321110035632,synthetic_gaia
7.559090753566012,221.63021254530997,13.819525217561553,29.372289342198016,-10.443709941679288,synthetic_gaia
16.229194074535307,224.60003941169057,11.463162261289312,149.26722488763238,28.232704405095294,synthetic_gaia
23.313421225869483,221.8351440134461,7.330392205985829,207.63042926212955,3.792090979429302,synthetic_gaia
7.931562210399266,234.90673542567916,10.441091147216866,82.89385762125801,-11.906931976306817,synthetic_gaia
17.937311583474663,222.10179824469523,12.55937416951415,101.16449432449909,-3.9974206832937496,synthetic_gaia
24.70819025901431,223.69707242535208,14.393633148727528,79.8643313095192,-10.708971879983874,synthetic_gaia
5.46376060658908,232.5208595547329,6.565960495205539,124.26680594183098,-4.586654678551183,synthetic_gaia
4.033252686115511,225.90394402598992,6.274970909665606,323.4620718282414,-4.929714238342572,synthetic_gaia
17.50648942623077,216.98261024119319,9.12943530232906,155.37144476579942,-11.267338030515818,synthetic_gaia
9.813926798227698,234.47909510185443,6.256111694626108,150.41844594843542,4.05095717373936,synthetic_gaia
3.6386229794315956,238.7057815297641,14.804289125051184,139.16911686278016,5.868362451100984,synthetic_gaia
12.932029211322895,228.53202789494682,9.243043672825593,347.0816616975267,-14.944595869139508,synthetic_gaia
19.33672563181098,230.39308008601827,10.33610519067905,42.227797039133634,-24.874031445659966,synthetic_gaia
8.557815209549343,234.93441473923968,7.270877812927713,313.8751515381719,4.664346782243574,synthetic_gaia
9.7060781826181,232.3518447832623,9.491261235369294,117.77798438207117,7.978808266793006,synthetic_gaia
21.45108621488036,217.03651367203142,14.846939348612198,344.3441730139272,10.953251429418506,synthetic_gaia
13.961653982014226,234.9311100164028,9.886871513669695,113.48180864771717,8.267615723911916,synthetic_gaia
21.382835282548857,224.31723510944832,5.088239258044862,29.83477077227537,23.590751636054847,synthetic_gaia
12.266958319305319,225.40395717737607,7.425275302506305,187.21507836690571,14.956018303968948,synthetic_gaia
23.918428715882378,216.70963202604702,14.78454830478504,82.03160855156773,40.19742294623364,synthetic_gaia
16.968275563507945,225.6787466803768,14.890675134107326,271.07633357041533,46.50970795249417,synthetic_gaia
4.6656739023427365,223.72865838684353,7.104930897717057,236.6300225980636,-26.371538814670703,synthetic_gaia
22.357138729216416,224.52515467100406,11.152640878438534,247.12889685205562,-32.957079468537685,synthetic_gaia
13.25309938910835,221.94895880833712,5.769083305054145,69.65621589982919,-0.1108694677007222,synthetic_gaia
5.257696263376815,233.5669803795109,10.774416424446292,255.10689535865058,7.563486448204827,synthetic_gaia
5.511873078352677,228.94697763923878,6.259207014864375,112.07916971292144,-1.1382751350858344,synthetic_gaia
17.813280507527054,222.54460611917207,13.18661523642658,359.5226501016256,10.553706690866402,synthetic_gaia
3.089567654778265,229.28447085193824,14.395749876022444,263.4363587066423,-4.053631130975629,synthetic_gaia
8.591656593017706,228.82406747345993,6.7298680804948265,212.5481426670646,-10.40926145121185,synthetic_gaia
5.215114580806967,241.18745111708242,9.62712168594824,312.1624005175973,-8.143362897765666,synthetic_gaia
12.144780881197537,234.33481008449473,6.020429984746341,212.15221189899376,-3.00252553596306,synthetic_gaia
11.53013675587031,229.56605930255833,8.39140007072975,198.98995203919202,12.652685160902243,synthetic_gaia
14.003157997843687,226.12155492352295,5.650977547605265,85.43361700993664,-7.301110449987454,synthetic_gaia
8.431635569358196,233.95123372261554,7.645465280174271,244.120318317153,-4.33453054375058,synthetic_gaia
2.7370025556980755,238.9392253732265,14.902236670893016,134.8719941698061,8.553252660665304,synthetic_gaia
16.13088045030927,220.76910780751905,5.4460326732140185,15.509746012366925,-2.981945963177845,synthetic_gaia
10.595514066294081,227.9906093704052,13.589683296186706,293.7822466931848,16.750658259680844,synthetic_gaia
16.98070497102107,215.27726824527142,5.774525777541049,18.674339993547072,-13.792593483525918,synthetic_gaia
4.499340328498175,237.8034228459931,10.289969311173602,242.0280442225893,-17.045456346982306,synthetic_gaia
2.3168791717631576,243.87707180615232,9.521197924273457,56.41952093456947,4.569435510275139,synthetic_gaia
7.710767701361734,230.58118330976436,14.31554660020645,155.72502596551098,6.064326933971946,synthetic_gaia
12.500588428863201,216.5620816074454,6.990498622850896,309.2729970768194,-12.974392411251193,synthetic_gaia
11.063655405874748,231.12966795421343,6.796820153796351,33.991037681092784,20.153931019911383,synthetic_gaia
20.636958771289727,217.58145493719854,12.487140885678322,240.17424427894352,28.87405214655339,synthetic_gaia
10.690265816434952,225.00183665640586,12.257194731003539,220.5427472949907,-9.417813192610735,synthetic_gaia
14.200147130870814,229.25778999216078,11.991817704927987,312.3107086882654,22.309510090967862,synthetic_gaia
15.650858626170422,226.4909839862071,5.2612711617238075,62.184553676664024,-35.731982580010836,synthetic_gaia
2.502122007853667,230.99562986839845,7.599596867249087,287.92350166888974,16.141684000770375,synthetic_gaia
13.848067667462347,223.09692954482773,13.398951778542994,162.04363082687817,-12.866441566926262,synthetic_gaia
9.93111896617327,229.42223092224586,11.008581214567727,154.3118084975684,14.641090229582094,synthetic_gaia
11.689442936714856,225.64677040199138,11.021949207321816,130.24236630235498,-14.419139789349984,synthetic_gaia
4.306610165390756,226.76218297861575,7.959166054048117,138.80669263053045,-1.0273130194019289,synthetic_gaia
20.00487300991884,220.8341384614089,7.601730885569479,187.18546551308103,-12.151733948127594,synthetic_gaia
23.675297768596018,221.90090201090342,14.465548880182547,38.44793625244768,-3.208210466731213,synthetic_gaia
2.5121828744808,232.5393683693513,12.277552788532123,153.02371315426484,27.448860433956668,synthetic_gaia
15.831573544661001,218.03772354334595,6.268661178018375,234.71323742142823,-1.619066948901092,synthetic_gaia
19.568413547632236,227.71506463960756,14.377069421437639,179.34924723779324,31.654524358887542,synthetic_gaia
8.550574538947457,215.96183372844118,10.823701518180549,59.69860878586421,-5.787188416392544,synthetic_gaia
20.113778451853985,220.1970626924491,8.33362366957088,130.69861264498755,22.37647055710203,synthetic_gaia
16.54416616762493,221.55890387246484,8.971394463995985,159.46620279333473,-24.385389097692045,synthetic_gaia
23.37074054223461,221.13418155046043,12.254045103526181,240.79493326786854,-4.297635830672867,synthetic_gaia
24.563110661136776,222.4563648758032,8.762726516860836,324.2758761134992,-8.041649779880363,synthetic_gaia
2.9739606219702104,238.7750986525738,10.78744799118607,198.13518453161464,23.065584011957128,synthetic_gaia
12.233568503621143,223.79199531847598,12.104994966484048,243.4925261222511,2.778731790541112,synthetic_gaia
14.580719114299018,228.81996224023052,6.9537499730596455,27.7882651581856,-31.321247544712428,synthetic_gaia
5.375094363776007,232.6196579620473,14.442414862425494,343.60813056513354,-19.651944820853437,synthetic_gaia
9.73457409982932,220.35819431169054,8.561727714354099,113.47512852798825,-15.189933740691009,synthetic_gaia
24.71589129839862,229.05526921567142,9.193747570769144,127.54502988765171,14.010754411682532,synthetic_gaia
2.373300495876843,226.32281155387597,11.985143678678206,80.22340103094454,12.075112254844136,synthetic_gaia
12.407682425060834,229.34268484588554,11.08785089387764,30.48122583559771,-4.505991494416796,synthetic_gaia
21.381056299518512,223.58663953378968,9.401198369391793,284.4168444510664,-8.227646904263594,synthetic_gaia
9.449729042543634,230.4721032600556,11.497420403007915,86.57642941422222,10.745823612750792,synthetic_gaia
13.035365563368527,224.38001211208663,14.028283075720445,101.76758472431271,-16.94284638647941,synthetic_gaia
24.495052153123538,223.8268556600003,13.002836166454186,65.44665957825815,6.865034669255293,synthetic_gaia
12.922167238941189,219.12180810594626,13.242590099547737,350.95870090759684,5.5877699530534946,synthetic_gaia
5.011190179369478,231.53886219452446,7.58408408567313,281.1725270205136,-4.118843896001472,synthetic_gaia
3.1895943083269946,230.18713017453334,9.194033492976375,334.7638739930522,5.965169475685733,synthetic_gaia
23.744581166118817,216.77314706084059,10.538191416540592,310.2204121392637,1.5314152961202658,synthetic_gaia
8.113616505326512,232.07272862143867,5.4419081916148295,326.2668478362942,7.461292421348104,synthetic_gaia
13.593469850984672,231.891474056733,12.697921803773244,172.45225866570948,-20.011534627201407,synthetic_gaia
4.086140620069278,230.72988330327237,8.23463424415089,61.39491744855617,9.217529707930526,synthetic_gaia
11.744067772663916,231.56336309171394,7.825960780410143,117.67692036871597,15.399019942534084,synthetic_gaia
23.392426942752852,220.62843648800245,7.592920093561464,105.28254611341329,4.814271308466673,synthetic_gaia
13.555498853511583,222.06415217036522,7.833792654200645,258.1681815364883,9.0182377648725,synthetic_gaia
24.33610849145354,218.50017172663624,8.380148321578321,9.242167070643275,-1.648789761146438,synthetic_gaia
7.953219656460192,228.53180826075433,11.048245580761591,51.13519737047175,13.369988493945648,synthetic_gaia
13.604540513190555,223.01386261672866,10.835653219000632,245.83864329174992,0.9787069196978178,synthetic_gaia
21.76920821161448,223.53665951102013,7.557117536018754,44.43924736815892,-17.219119236819157,synthetic_gaia
12.309804154736106,228.47960334181374,7.064242765732075,17.385066277344077,12.303242323248904,synthetic_gaia
8.42820959211436,221.77912051358143,13.263581900713568,39.317459260028706,-24.512193712616586,synthetic_gaia
21.675933358611278,213.19491167467115,5.927233376763665,248.64269509551468,4.241696164325746,synthetic_gaia
10.967457784070007,230.268761150985,10.128228412009275,50.15709338569203,-5.76334275070469,synthetic_gaia
14.206635694385383,222.04442054703645,10.20560874189276,52.669570009133295,-6.721886245570678,synthetic_gaia
24.46012252754835,221.2226291957839,10.741368068116216,82.90807083327574,2.5798312488930786,synthetic_gaia
6.289115779384869,234.97396052843038,13.856501159071357,270.3278535107481,-10.639322862269914,synthetic_gaia
8.93221464456427,223.06260166011953,11.239139400947677,72.12704841387936,7.683090211917484,synthetic_gaia
2.7146008016063186,226.24568822611513,14.736337662480233,12.735142820714591,0.8519494893300308,synthetic_gaia
11.012267327931212,236.48949133201947,13.713530833487276,326.1108080073386,-9.259409271182971,synthetic_gaia
6.60421890345177,232.63021710015494,7.147402594872116,315.4746327447322,20.07269355069478,synthetic_gaia
17.640803514381503,221.8782945201452,7.411833102253011,66.53484032273006,3.0717391544924726,synthetic_gaia
6.1703935516146045,226.47380176700955,8.447741359151706,95.52333231844378,9.462014001367217,synthetic_gaia
17.520693305335,221.49736243962923,8.915144150801313,67.88072571971074,21.248830942416326,synthetic_gaia
8.059934848354306,224.00967903921202,10.529951203076955,259.03243402622275,21.002678036915587,synthetic_gaia
10.170010184787595,233.06080450496071,7.325126328963388,90.00319830812354,8.696781807842822,synthetic_gaia
10.023794997067142,224.85137235880146,7.223451811137656,335.32191265626074,-4.539873015147065,synthetic_gaia
18.485290253763015,228.91436653247945,8.813899573680796,297.9507687780848,-21.44555681305817,synthetic_gaia
12.729713052181891,225.04078474353628,11.72023113212752,211.82440592508237,3.1003605071961906,synthetic_gaia
10.309874673611711,223.33957741090612,11.881256130961884,3.21776089693675,16.418764737260787,synthetic_gaia
21.610322537907347,219.3620404737389,14.761167400402895,318.12098631000003,5.314722290899279,synthetic_gaia
15.154864389747662,212.40737586890063,7.024154339218141,261.9941927517195,-51.66876074651846,synthetic_gaia
6.918108889393949,230.07233906075876,8.928591518569807,283.6466627547623,13.050932322397008,synthetic_gaia
22.7020993973047,219.96059192103377,14.646774979390605,25.857073645916774,13.972487321636128,synthetic_gaia
9.880956808773734,232.94811572725627,11.90008742665552,255.0816612786752,-4.518332905894705,synthetic_gaia
2.896525683358369,223.75814680798413,10.92278524822019,289.6522105046917,14.825425128802836,synthetic_gaia
13.375805151412417,232.449453584685,10.39646051401347,344.38872821653973,9.419481215900646,synthetic_gaia
4.850575252140189,236.07138694240066,5.755103801362566,208.9693702016768,-10.282601884230441,synthetic_gaia
7.484728205462079,236.58226269007952,13.933738088159103,182.89506671973777,19.069516743265268,synthetic_gaia
19.183550071810455,222.74667432509779,11.255052154151077,153.14284439348825,-19.01215384659171,synthetic_gaia
5.007291707655328,236.9399268532292,10.716674079280342,252.46356514727177,-0.8586700655840317,synthetic_gaia
20.55971716014282,214.79395660037622,10.395003433218426,331.49566969726095,-2.3550346915812788,synthetic_gaia
23.548867627011933,223.8471955591402,8.919142073211116,215.91181753777283,-12.381572282831714,synthetic_gaia
15.950238309382728,221.17528724613607,7.546646913608928,81.82211094300233,4.556908014734476,synthetic_gaia
18.33826141652507,215.28157745255714,12.553219853344842,6.326622111303628,19.65553349359587,synthetic_gaia
18.4124920278706,217.8714898917591,10.09567517761662,222.88072257630992,18.71612807792082,synthetic_gaia
24.834583017220233,219.50604130738373,5.339395322892203,311.25523968685894,10.854963221128735,synthetic_gaia
9.855380030637326,224.71889143976364,8.990944997721632,23.751099926427376,-25.438837603204433,synthetic_gaia
5.745700678582157,233.28930473436515,14.286036382228325,143.1256352260845,-20.03928451315679,synthetic_gaia
13.940846403029393,217.24578322308653,8.738945615408628,338.416893389125,2.4925367963815273,synthetic_gaia
14.264745626129288,215.44904626558989,9.132330079255738,180.6037185084499,-0.5135256162531168,synthetic_gaia
6.091987230811323,238.0544451514608,11.239611230550356,79.4369627238935,-7.471197412474729,synthetic_gaia
16.10151663686521,229.45555274896643,13.016748038158823,127.31630823678543,28.57984796182248,synthetic_gaia
2.3248688699669513,228.3004727767016,11.684611177047122,146.93024383013025,1.5879022975671184,synthetic_gaia
23.336373256447096,220.3997684973679,13.500547311229464,42.22422519004517,8.136191117862277,synthetic_gaia
8.085208389889019,235.04428005732598,6.139705870406983,237.88520778542804,14.818408214226688,synthetic_gaia
2.9098847929744114,235.27732504584404,14.245925533186488,213.1791584732915,0.8243767450868947,synthetic_gaia
4.489737153921713,232.93502975971631,14.03921932411386,233.18023603160785,38.86593251868554,synthetic_gaia
7.5257258104317595,235.77219177504313,10.191485865855878,219.88496472486764,-14.105584536535552,synthetic_gaia
8.299841877939041,226.159036450282,11.24742237787201,6.001944583802281,-9.091073848411831,synthetic_gaia
2.7546299884477596,233.43424850054328,7.1281305020140175,62.80662584387507,-14.142385774237601,synthetic_gaia
8.425160680455772,229.64503138325318,9.47947437981389,59.60592070050979,23.439874296409553,synthetic_gaia
6.437659939350088,229.612652299551,7.027033609198123,35.2625350672762,12.031288113279702,synthetic_gaia
10.708281330993927,226.35829661102503,5.219766789410195,264.7712783513795,-8.162278690778889,synthetic_gaia
10.858857959187292,228.5775549646504,14.809030681270524,43.24939721225701,-12.958145624321707,synthetic_gaia
9.797178033866219,229.04880120876126,7.591465157102051,240.5498664421239,20.773357509039055,synthetic_gaia
9.542249321206192,223.7939559615735,10.931083088978353,64.22051147532315,5.425315730082891,synthetic_gaia
4.063819388048778,236.46909243197175,8.00250383537863,42.59166416925348,21.156269529245073,synthetic_gaia
2.57971378390173,228.5057528462301,8.706216202104349,58.51081750178856,-0.902240261723348,synthetic_gaia
6.648628903598731,229.75343971251493,8.977615585822747,183.02524435368719,7.673029836503994,synthetic_gaia
19.402936830582153,221.3967621172859,8.350467313247577,232.37370354879204,4.503414828660043,synthetic_gaia
24.788624607675807,221.2976276834987,11.373997593399357,292.29294962074925,-9.361670015611034,synthetic_gaia
23.356102026318567,209.80691653246424,14.609362704886061,46.28239396726701,-2.162162382135138,synthetic_gaia
13.59704517736868,230.95639583879188,9.28634650006233,221.82722905889884,-17.764550164475168,synthetic_gaia
14.231948682892487,222.7200803351314,14.733267240542652,278.582255788049,7.4116023559086495,synthetic_gaia
9.235376087824378,235.32770641899504,11.677972373447831,112.46586174283837,11.418731195202897,synthetic_gaia
19.800607088666094,220.23379594700293,11.07136195021009,28.697608572277563,14.852418001579796,synthetic_gaia
19.58940382245092,222.51240468229813,7.371038517989231,56.14054670394499,9.998173397565086,synthetic_gaia
21.418264224396225,231.1825150600945,5.629207058993808,32.96111312176442,-1.9231520475453718,synthetic_gaia
22.59660527552834,219.49043065882645,13.519347702918289,319.39629516816404,23.279559676154776,synthetic_gaia
11.990032709181802,233.70047898012868,10.73981063944269,135.61260060968445,13.384627315943172,synthetic_gaia
19.638138066465544,222.92138913628185,9.144138624248818,188.40549784888296,20.828194524856574,synthetic_gaia
20.547170762305207,224.23511242502667,13.119673220884835,276.72773464955327,21.769300567055257,synthetic_gaia
9.094571317448253,229.6656858736517,8.105803825773188,133.73943196346056,-1.8839948296033633,synthetic_gaia
23.37257161214145,224.6314008739122,12.836172559644872,233.6769556659406,5.818191853398555,synthetic_gaia
4.169854560712076,228.96618283528971,8.279638354057969,27.604747158637583,11.618477752462166,synthetic_gaia
24.868191120755505,214.53713793443188,14.208811864041635,173.12603312469616,-17.237126813016374,synthetic_gaia
19.712086517653997,219.48706497458113,7.679668744568025,34.74682782131075,-16.904597585681994,synthetic_gaia
4.145230822459527,232.90778261758325,6.375541175745711,89.3822906448821,-19.489674689926158,synthetic_gaia
17.093281906415015,223.21260488073898,11.980967083494118,105.6026979343687,-1.6215013277983474,synthetic_gaia
2.7861264513499835,236.81004535026213,6.6284725306477075,258.3301693993008,-4.9997558881739685,synthetic_gaia
19.714299837216206,229.20222110084748,14.493630502889856,242.6775070641314,-21.535059424428578,synthetic_gaia
20.382127198158273,217.38197881497604,11.555551123888659,268.9488320151837,2.240373415480164,synthetic_gaia
15.855435821103297,221.42060865374077,7.30860661284526,22.231817005440657,-1.4342837507488841,synthetic_gaia
21.707789014081122,214.25143477463504,7.088189342854287,357.80911638229685,17.733602551154892,synthetic_gaia
4.251315444941773,242.4947928007069,14.238750391204215,19.591210335516813,30.19468618698687,synthetic_gaia
8.346248366938704,231.30694226627244,11.078579128498909,297.26920491809545,6.8467551062134895,synthetic_gaia
11.526082996631422,230.19520972736325,13.937360066724167,266.4968160529928,-10.44945782049353,synthetic_gaia
2.9765329150462603,226.43862500294085,6.1022520484582525,213.03424457705515,9.700865660206032,synthetic_gaia
12.308970014136822,227.3010437961301,14.253921955791762,157.98857945219538,0.13954384980709533,synthetic_gaia
8.099909490589017,232.4837964904473,10.200493119940884,272.56764717726577,-3.6018788067224747,synthetic_gaia
11.03290527834032,226.84064574836518,11.684219163313506,266.3488091767846,-12.92401681769718,synthetic_gaia
11.777360535823048,233.01767778924258,8.728754715412807,49.38420077632963,-6.963300588330105,synthetic_gaia
22.226469870216757,232.66761195932867,5.591403220058262,285.3476902659133,-2.666865169107412,synthetic_gaia
8.217842322135699,225.1285344131954,14.57972441341829,28.28051907658749,12.06144588248173,synthetic_gaia
22.556091960474255,215.7920062948201,14.94598329108482,180.1966111662725,7.665383706117995,synthetic_gaia
11.797332190695533,223.23788705317241,8.645468487604429,232.22945756418994,27.383642143927435,synthetic_gaia
9.539577575961678,237.0687598151064,14.438679297519796,295.80798865508194,10.115071107697077,synthetic_gaia
13.55777713470836,231.7381658759557,6.677262909615642,166.71967851349936,6.364423868435409,synthetic_gaia
11.608095586345312,227.06730116956592,6.546844496585756,85.26890792345228,-4.593455482088612,synthetic_gaia
7.919563200268359,230.23307132183666,5.731118400091715,176.63746156437836,-15.561944727700661,synthetic_gaia
13.561624470309539,222.44126657507292,8.912694075841507,90.07491975736323,-8.548401627797153,synthetic_gaia
5.491439860813119,236.01798587570772,5.5230225018159915,190.3411373242134,-10.49757994142891,synthetic_gaia
10.09438868952822,226.7914979485021,8.946571896128967,166.50294591834643,-38.41360226897709,synthetic_gaia
15.013175045604083,224.31638289922248,6.383904286496682,280.981614150142,-15.129476738612572,synthetic_gaia
11.508389620966748,230.85120534454208,12.305277955729572,86.43244083931042,24.033146420489597,synthetic_gaia
20.949984304168318,220.9662851194787,13.333626493364081,71.99466630852223,5.529003194384899,synthetic_gaia
7.9046005153088235,228.88479471044275,11.87815427796288,170.70672224410558,-5.647857830176446,synthetic_gaia
24.30474631311323,219.8624095819496,7.004941524361559,18.181571468706238,5.977197332100313,synthetic_gaia
20.048606479581082,226.44639801922722,12.668481929079558,82.56262623678211,-29.301067885940615,synthetic_gaia
24.25463959794186,228.0733156287055,7.4950019703327495,127.33376910756908,4.231465746936361,synthetic_gaia
21.277140761096994,224.62921818554477,12.594885969685274,175.5466965219277,19.16238394721225,synthetic_gaia
5.268390294587782,235.72382718400397,10.673975748963908,96.99721604113105,-1.8167392063407046,synthetic_gaia
14.108582084605317,225.18286588661607,8.667125162912097,201.82913809502628,-26.579842893728525,synthetic_gaia
5.9095059875030715,227.767569441967,5.834923780160577,316.2292799202618,-6.209108021650456,synthetic_gaia
20.819229110426917,225.25791296715875,13.275095098070258,195.74188608873675,19.188929924746798,synthetic_gaia
15.435729431215806,226.208873228493,14.396529207982255,103.26222782511545,3.8794448534650354,synthetic_gaia
8.059334230208833,222.84977286237074,11.659177800006375,22.31314992083336,-21.274651421903496,synthetic_gaia
23.38077635616494,218.74666666026891,14.645415666934388,49.19986970939651,35.51443768775806,synthetic_gaia
4.649279226227996,231.67971536619973,14.341114190429911,202.03825267698863,-18.807127743676993,synthetic_gaia
14.968835279840222,223.09218861495745,6.946084008037536,246.13518171757673,-3.643868724198219,synthetic_gaia
18.583932757334686,230.79371999937646,12.312123485982134,17.880459679465403,-15.560790009783053,synthetic_gaia
3.353516358645931,235.30324746035737,8.493048194376946,66.7979386968534,-15.540030223704017,synthetic_gaia
15.750688763742684,232.0216941121041,9.87517360565626,114.8692574435654,-6.782266736027346,synthetic_gaia
20.765727955651165,223.33854633597883,6.569654311488458,115.11831919698085,9.542252397691161,synthetic_gaia
3.5531282316152275,233.1862340373659,14.747794280576525,345.02652510406597,19.357971678294025,synthetic_gaia
13.781588335452422,221.70351820229098,12.261373830764086,73.35741525927213,-5.792522580486896,synthetic_gaia
7.9468150974210205,230.09288823009467,7.669083096309681,22.507325812479202,-15.152153312773866,synthetic_gaia
17.24726238534918,224.28573063753396,8.714716901680335,127.08533855243488,7.179589749897122,synthetic_gaia
4.729579442813433,225.20844342807044,9.224829268287845,48.39910957068461,7.619453683937811,synthetic_gaia
23.55218290542166,217.5822483352595,12.475337241438403,45.56950744888408,3.605645033301756,synthetic_gaia
22.57875737943883,219.27186364526892,14.256972667695845,146.6822380021662,4.13609719360099,synthetic_gaia
6.277411657141311,233.1440154345653,8.214401329845717,110.30081012998151,-1.688496695155224,synthetic_gaia
9.435115340397406,231.40980347218016,9.725000882804196,33.02163941592943,1.4722628183382196,synthetic_gaia
15.51560441701999,222.39615482953647,10.932075728347012,217.54923459388175,-2.7247669293535624,synthetic_gaia
18.51543374258776,225.77220192359206,8.933439924003157,180.61191576732602,16.053655905556834,synthetic_gaia
12.18108834868594,226.4764251353287,10.041813233656853,27.755880822469937,33.42689251058816,synthetic_gaia
5.594700405102426,217.1552121225362,6.05707629020102,310.58801064509197,2.694797275607887,synthetic_gaia
4.395484357466047,229.829312116826,6.676743877201661,102.49670095643978,-0.09858371957041373,synthetic_gaia
24.99460274902991,224.7733164825682,9.011012572201448,346.0970825809846,3.8379204853510203,synthetic_gaia
12.473098793200206,218.79528447111147,14.149390117705526,335.3539077202772,-9.868827014749376,synthetic_gaia
22.06823023041546,221.77081210806804,8.493580457446335,156.274785438751,11.474675566572305,synthetic_gaia
13.094648106469633,234.74215100438292,7.497928086050136,82.28409855780058,6.61764613621693,synthetic_gaia
23.214225686558077,216.6880441808488,12.428622208492758,300.5469765108801,-6.307053120640359,synthetic_gaia
4.018465803745664,232.4992042747974,14.491301660766092,130.06290298408086,13.531002285637175,synthetic_gaia
4.622441400694672,225.59089283842624,9.591236170635474,58.87825008166737,0.2848465251808089,synthetic_gaia
23.38154031765716,228.52269300978213,5.086049555671831,198.57877769481883,-14.550849577115631,synthetic_gaia
23.792340036030055,219.71312434249813,11.88149331475618,176.18487937245567,5.2740666813444,synthetic_gaia
9.238501291703358,229.45907090665548,9.15060801616145,306.0064363730243,3.5548875509898945,synthetic_gaia
10.168792400859052,235.4160070769912,11.73645536616215,262.54129674215955,14.406272191659372,synthetic_gaia
12.406355401199434,230.55341984747776,7.777165158292036,315.4102152612313,12.473204251122732,synthetic_gaia
11.571718641547688,223.389532186549,5.024081438169624,264.49304845945477,-1.638394959431428,synthetic_gaia
6.371039967070724,227.78171040014422,8.444962187456039,231.1829858332069,-7.081304046202957,synthetic_gaia
22.662633830605614,223.310510378488,12.047923426129415,180.06377481972459,0.026156250866988678,synthetic_gaia
7.826074816229806,226.98809796454168,8.931132830091892,355.5191842187211,5.4496331950298424,synthetic_gaia
18.221265417985986,213.02549255315614,7.19174139653226,345.29933664006205,7.2563156664757384,synthetic_gaia
3.5445805879043766,232.5184331393644,9.640068641341015,305.5870733528699,4.5211831220417675,synthetic_gaia
2.8912806251538776,225.7918863036548,12.523485232983855,279.11491696279,-1.3614291520765371,synthetic_gaia
17.035800869269174,232.4340332245254,6.19433086792306,207.92143804266436,14.952255300348357,synthetic_gaia
9.797364724184987,229.76058523620014,11.917520336466477,93.51120978943445,-10.11452841139915,synthetic_gaia
17.07556603256003,219.8018959459321,11.673440238039472,315.15804975166736,37.19105178232234,synthetic_gaia
4.162487649883099,228.9052831455108,8.707378796850714,3.893808556424778,11.446055702306387,synthetic_gaia
23.846581738064856,210.6488984743399,14.703361913794945,81.87838804581595,-16.912281047550156,synthetic_gaia
19.215832738541195,217.4927951045092,13.947052994803515,145.34368023040912,2.7784399640462327,synthetic_gaia
22.154146359593383,226.23527453795765,8.161614808020698,211.0165758842659,11.59025277048197,synthetic_gaia
5.138822743023751,242.94716651307212,5.31091093393843,201.91655532972814,-5.240536582795648,synthetic_gaia
9.363702284535997,232.77966863815982,8.083048067450767,63.29369749870249,-22.4271607136506,synthetic_gaia
10.471915776745913,227.99483994642867,7.047219425410432,37.72735193287144,-15.58595912398343,synthetic_gaia
14.354970911516826,223.8683463020324,10.472519140475928,80.03841393070068,8.13139416518327,synthetic_gaia
8.827975166670528,224.70003645294912,14.187444211821546,125.53516400273409,-26.31924708852557,synthetic_gaia
3.3945070703563176,243.17726257772603,13.703375100375215,5.059327651231036,-21.740168577690334,synthetic_gaia
10.484202756961826,227.503629767577,8.058291556648268,249.28409539794808,8.05252120400889,synthetic_gaia
7.854634236427489,240.66900275254534,9.285975335556369,89.18187686549692,-3.338238252702443,synthetic_gaia
10.876189703653942,235.1699789832666,5.365421990795665,126.50559715741046,-10.436705844071954,synthetic_gaia
6.530069480260604,222.21472441810576,10.441635076491494,120.56460861020382,-7.420982209837999,synthetic_gaia
8.023616614988915,226.65547763683549,5.633679800507289,184.25872831626785,-22.062207192664793,synthetic_gaia
16.419903829942182,221.39233448541702,14.386061662290997,309.52789995405993,7.266801456824179,synthetic_gaia
10.927538195295497,227.77105680741164,13.669338348522723,53.78038326199483,-12.098153325261682,synthetic_gaia
9.943818042898318,228.4835424576198,7.14187626437503,122.6617607632572,-8.036282768758063,synthetic_gaia
14.279829552614578,241.0563020066066,11.993686798620455,249.1303707834421,5.201777048807669,synthetic_gaia
19.752792439410293,217.26836535299475,10.680203824333331,15.923308780957242,-3.849413031813247,synthetic_gaia
10.713962996003016,229.44862280582007,13.01357712516183,298.79230865840054,-10.569799644515042,synthetic_gaia
15.512948328784333,228.3869460068488,9.756521067515198,346.25705057907356,-29.84157637085893,synthetic_gaia
24.222660383468053,219.85297723798647,6.91771970665778,218.7493929295167,5.511387688017221,synthetic_gaia
14.005542624715165,226.79743874845983,11.398434001228317,344.34301357105966,1.1848945141260259,synthetic_gaia
22.92534425990352,215.44761536602735,5.80280326995945,148.70225859542919,-7.760811865250599,synthetic_gaia
20.25447035789782,222.8733869993273,10.845879911684221,149.41142303584928,-15.560986582002698,synthetic_gaia
3.3505296779534435,235.46291393215094,7.127048054644575,38.24960738883748,0.19143717980287173,synthetic_gaia
11.869274043792908,229.2197066439851,11.849364371235602,12.760896599917091,7.207076407886527,synthetic_gaia
18.061323380977527,226.5626774064495,13.280431617281085,88.0215545284322,1.4663832198645594,synthetic_gaia
24.694373986308598,226.62905576173827,6.095247292820725,172.12631655641317,24.570982807382293,synthetic_gaia
12.54265469671479,231.84567352412498,9.002685521485922,182.76566071064005,10.57161753907543,synthetic_gaia
4.134065444915008,232.7726821644153,12.335215877759968,78.327137426916,-1.6092463451106216,synthetic_gaia
14.92621101839596,219.81232635408614,6.637030615188585,220.61004287811392,11.074181341448458,synthetic_gaia
4.910967218851087,228.93061911466248,10.66523670035713,65.23411494181964,0.7299341758661778,synthetic_gaia
19.28494988642605,221.84875056139663,11.718389818757231,117.43601049687605,0.6778913178398112,synthetic_gaia
13.676570941620891,227.71387231819418,8.547936072393822,70.45542546815788,19.445456959665332,synthetic_gaia
18.63892147267759,220.95901027207952,13.31982274202601,250.7988959964495,-13.470868172107783,synthetic_gaia
21.995322018206046,216.57425774269947,10.106581850467137,185.96610296003226,0.34964472082437614,synthetic_gaia
16.465804394743877,218.7678788076834,11.269948399405099,264.99639566614155,17.84565003974407,synthetic_gaia
16.086104572823174,216.69029584670787,6.408727967047787,20.609341052993887,4.634858372623363,synthetic_gaia
19.35511679511152,221.72829848418246,5.2316017453266905,153.1303488846509,-5.535794780531672,synthetic_gaia
21.37646503341135,214.29138214376638,5.507485708249863,348.1050884333114,-25.592396480612543,synthetic_gaia
21.98823708437106,216.25472340148113,14.03920148198216,19.3030252942909,-34.05520413290564,synthetic_gaia
2.837894500706316,231.25680657283704,13.826423842482512,150.61632829054636,31.14271784641122,synthetic_gaia
14.792376826349154,219.0751779365746,13.075914391618426,14.5433587880234,4.627677318762174,synthetic_gaia
6.974194125343683,232.53988961415368,6.996120912348608,52.79519554948799,-8.761097086293931,synthetic_gaia
21.787955487981016,225.0836431380403,10.254586519495032,166.50952256629853,5.241853336947613,synthetic_gaia
16.913146759677307,221.6821481763247,12.961171005483735,56.70482316625893,-14.21511207455025,synthetic_gaia
11.665117017746077,225.5241653258587,11.746691812557739,186.7519529869835,-4.9680191609439905,synthetic_gaia
6.32639724679108,233.73315057145098,6.155211936759376,332.183405797225,-14.114105894894472,synthetic_gaia
9.797543396156009,225.30655989122909,13.955411998124237,72.14672095107362,-21.199103768467566,synthetic_gaia
18.186886974425164,219.7195260829978,6.606823927779622,38.58714349639121,-31.57477418756883,synthetic_gaia
6.700269539867692,236.79482392851412,6.717956934133355,297.0995623138627,-23.964860883432515,synthetic_gaia
4.152407742782573,236.8256838543248,14.010086291707083,165.69714506895187,15.3193164590619,synthetic_gaia
22.424661439233674,223.99233661219856,9.84616939094516,317.7399955838896,-14.803229418150474,synthetic_gaia
19.576838040342686,227.3926993317563,8.728918259564669,110.2043860795394,8.023381677043194,synthetic_gaia
6.5952834051370495,220.9915542449525,10.536567422980564,225.91152186735226,14.349710847678205,synthetic_gaia
8.72316549888981,236.3171992971594,14.813973328321113,332.3928795485991,0.24869527811186581,synthetic_gaia
24.35761407401037,221.73680178666223,6.196304552410429,61.81048780124613,-4.478508184816061,synthetic_gaia
18.2882431954597,228.62375492286637,12.569488487920653,288.26228134994517,1.995343807914956,synthetic_gaia
16.04200609691797,226.90955508500807,8.343258622441276,227.34602994424583,-6.249305497861709,synthetic_gaia
9.075455164754999,229.57246464542888,6.170492708476237,292.6608280657392,18.058638930849455,synthetic_gaia
8.879878315830013,228.07352999079598,9.219333553529387,61.44960418311894,28.14800811216739,synthetic_gaia
2.9090432298753006,235.01756986575896,10.48752877725271,156.27112932132442,21.747177455564334,synthetic_gaia
18.755082938744422,221.719333618762,7.059616377281469,46.38140225170296,-32.27344852160351,synthetic_gaia
2.9930301763083444,237.46873664013285,9.052694590966025,345.6295588747313,-6.555401382901708,synthetic_gaia
2.111718768877418,225.7478925466906,11.356760254722905,22.569020265648412,0.0623870817173426,synthetic_gaia
18.77838702080252,220.55562880302702,10.764480197202221,23.574023277979784,6.945869406338149,synthetic_gaia
23.824096414429885,230.33405598336458,12.231605940548505,323.33622918541283,-25.90971806553072,synthetic_gaia
19.39957009772814,219.74486637105795,13.364045329374012,108.27437332956299,-26.151654905534485,synthetic_gaia
12.84772438436071,225.77675364445716,9.091403317693736,214.92721182497405,19.601846244380887,synthetic_gaia
13.17904073990008,222.35019487081206,9.229672754622275,103.49119040663044,-8.38678977914669,synthetic_gaia
12.031137720929422,229.15976728884823,9.966921344551531,233.55301522591137,-22.31109507679848,synthetic_gaia
9.466804343537675,225.401922834578,10.663533783813035,69.2889729372098,-16.55461211584441,synthetic_gaia
13.999426926274325,225.3223034970433,6.083226742378916,165.19300489852895,5.857119649683223,synthetic_gaia
11.916472014245647,231.7965376712718,8.12635354194774,192.057182920942,-12.338215296952448,synthetic_gaia
15.757861240937817,221.65751963033978,6.718917953770243,120.11144050336681,3.6243846327607505,synthetic_gaia
22.65676185152517,224.78257943912288,8.858527623441315,90.61222005682274,-14.680910441197556,synthetic_gaia
24.885216598447638,223.557886203772,14.733540725740365,50.474400361638054,-26.163001910760308,synthetic_gaia
3.811095667307094,237.89284568152954,10.827309566809797,254.21196107085115,21.365702448319862,synthetic_gaia
10.847719871210852,228.92288005508343,9.293815199205463,60.58177775799236,5.972848669334636,synthetic_gaia
6.156242502636617,247.35864382073603,10.659368952237088,105.16550082773207,-5.006262918571744,synthetic_gaia
10.098770900287274,233.96093667003086,11.690765554271792,121.28715526194627,-7.820425825224142,synthetic_gaia
8.61187942661373,231.24196348040056,9.34953463290401,163.57204691268123,21.973505536128524,synthetic_gaia
6.014354027416131,226.86140666245623,9.477098042528873,252.92473183802412,8.872950682930878,synthetic_gaia
19.57374922868968,222.28111110269825,12.014011293817086,154.06024847533396,17.202195474536385,synthetic_gaia
13.414641085072425,233.7474842063299,5.608625832057013,313.59370371677403,-8.755390162338001,synthetic_gaia
23.142648390996193,229.08351783375872,10.40080568288344,244.72283278326643,0.7599981026936746,synthetic_gaia
2.7496261946813334,240.67312913052533,10.473278122177014,301.8552178068648,6.032983739947976,synthetic_gaia
3.540494302035768,236.71315259487574,12.56752261128381,257.8874260791386,-8.251036639707618,synthetic_gaia
11.275292407397915,221.67464121389844,14.82644752336658,53.50744794135586,-1.4329816350545985,synthetic_gaia
3.8463783692928537,235.0318226083203,12.957547867868081,352.05382867107244,-8.75415509824875,synthetic_gaia
8.04278071754117,223.76625016127178,10.03788612650468,283.1710556766116,5.9858879625332575,synthetic_gaia
24.678684090762342,212.13846647636973,6.694531796071786,206.1798367082445,-19.82091245775871,synthetic_gaia
6.806070972146124,231.94199906529488,10.882609716331705,59.48313866572542,8.579550288705871,synthetic_gaia
6.556708052478086,233.51805470354995,13.34298886712686,62.16503348843081,4.660698026143663,synthetic_gaia
15.193735382301309,230.0208008784657,14.324140636453325,221.159222949651,-3.049627927609829,synthetic_gaia
13.453960688242605,229.07695577177884,13.253103794941005,149.83096788072407,6.742757184781255,synthetic_gaia
15.35008083566543,228.06412940642284,6.889686063625636,243.30942018545247,-5.474106955994658,synthetic_gaia
10.664911398796574,223.41116745079026,12.125758643493313,134.07398096389295,-10.051961119909302,synthetic_gaia
21.015534277583782,221.34040765308683,13.801549474858433,184.62426172437418,8.155892321830173,synthetic_gaia
5.187352683176645,224.22232064484217,11.810169666269752,67.66489366702633,8.805210077315582,synthetic_gaia
11.85303085435371,217.57501006902794,11.857520409282152,55.87241194577757,-7.609053582135513,synthetic_gaia
17.864522514214002,227.53788697783162,10.001622862510787,27.232114931456618,-8.895784383645875,synthetic_gaia
21.96943812650669,217.5034792019785,11.369762221255051,295.0701497634788,-2.744602256406848,synthetic_gaia
10.500146946205426,232.7999006693369,7.943807192230211,199.93905056867806,-8.280084792210264,synthetic_gaia
15.058148779156314,231.1303949024275,5.888100867857452,340.9707743663984,22.87678664823403,synthetic_gaia
3.5902187351670145,229.6595266674046,13.277149047454005,269.8150612893581,4.747135712913099,synthetic_gaia
5.917339026572066,234.25321858116897,14.431443073915156,276.75473768981783,0.2190035032082236,synthetic_gaia
3.590177736720633,229.4503552714814,13.568223353769442,183.26103631092556,-13.990874605335435,synthetic_gaia
18.741260515966005,214.05731780438714,8.33913553780803,293.5634171492342,11.084841705549607,synthetic_gaia
8.625379280609236,230.22568497183153,5.935301513079283,339.14284031297404,-9.174073499166228,synthetic_gaia
18.64614167441227,220.99179205491353,7.801383876314065,259.8264908407576,-9.7912096662156,synthetic_gaia
3.5271604179953147,230.59507968581727,13.428353758099,38.01201871932048,11.589219946148786,synthetic_gaia
21.838599409391485,231.22759095835795,11.55814507633216,234.36714933126225,5.809840814878464,synthetic_gaia
21.217194556555107,214.1099684884897,14.666942441029372,43.3559564067931,-37.551714137033365,synthetic_gaia
4.045361090156501,234.38600499550955,8.426810184371034,27.80007207072042,-2.3665614564646367,synthetic_gaia
2.54639964851529,228.43446403395419,10.514721202916423,249.44414584173768,1.8827943082143004,synthetic_gaia
3.294642698585797,237.48215535972048,12.90038221638228,300.52275549265386,-5.093942336717402,synthetic_gaia
21.63349398237488,222.97122244189103,7.339919427318123,57.182936662571976,2.405454985347073,synthetic_gaia
7.3981802481936025,232.27285909078208,14.640899746596657,26.6934988677761,-27.145320043635163,synthetic_gaia
14.610286310738338,221.14412296777726,10.923976724918148,319.1482419091358,-42.46530899011088,synthetic_gaia
11.803616673141304,223.79480001284506,5.0789756331965314,47.595361316712804,-14.632023575554063,synthetic_gaia
20.297087103257848,226.95057309719328,5.251532756280124,12.63099374774538,4.23370682650725,synthetic_gaia
13.244660933825424,235.57607552499692,13.822160164015951,259.57957275593606,-48.37434342781336,synthetic_gaia
13.515199335209203,228.9545395016152,11.452815277610775,305.1775994743235,-12.653191008592609,synthetic_gaia
24.749114608497756,215.04469976583175,12.630725190638621,185.21040292712146,-28.8414145379908,synthetic_gaia
5.452979805232913,233.28658023403977,12.84016000956908,194.3730878737636,-3.6393625879702167,synthetic_gaia
21.106190591156423,233.9459911022153,9.204597762507765,121.2697845818563,29.368488869337746,synthetic_gaia
3.19024414888935,233.5182114605387,12.98611246142302,85.84675159184373,-3.2576399199615254,synthetic_gaia
12.985921700178327,234.19300323435655,14.375324448125381,271.88354526321103,-1.6125426799630191,synthetic_gaia
22.38570095045954,217.30729007676925,6.721711077696217,305.74238692357534,12.588464111823482,synthetic_gaia
17.299921208894787,223.97711898625883,12.641363995420207,115.64811293947082,0.3195983671586029,synthetic_gaia
17.75993624542106,226.99786587723955,8.07792007615565,98.57490655523449,-3.22487655284009,synthetic_gaia
8.056297491899167,231.95145560887735,8.21493003053854,96.40501903621804,13.899688862175058,synthetic_gaia
11.627220201313447,223.90104397362327,9.127548510363862,18.214350488048204,7.078307257677085,synthetic_gaia
10.43136446047816,224.43280992654815,13.637195199080855,101.18700894253718,4.32938642349679,synthetic_gaia
13.993193833633867,231.19567586949213,5.220560673100492,9.234330108841803,-2.081702288511982,synthetic_gaia
12.631242393304367,233.0632275674355,9.33926206810264,283.8267440886142,-5.190970570905954,synthetic_gaia
9.518662093170754,236.61155398237787,11.800476495692706,92.13365845114559,13.757563278474933,synthetic_gaia
9.026054084536913,238.37836861342876,6.1041545828252195,248.45586816649092,-5.046939298187594,synthetic_gaia
7.769616508067809,230.8170868640706,12.922535970174165,195.5478187946002,18.468793190340193,synthetic_gaia
10.396086678349445,226.94644960487364,14.41902597897353,301.4869067917915,-15.707195494339235,synthetic_gaia
5.448653992483395,238.34954594859022,5.909348210769786,345.7363419205278,21.50675931758667,synthetic_gaia
22.058398946082196,224.77884706795655,6.529481378308781,132.2249810864994,7.08060124632627,synthetic_gaia
15.848746012168828,220.18225744905652,14.740972249462029,31.802695160269376,-14.528023845780092,synthetic_gaia
5.077087788658675,226.65864180449378,6.978556407857416,269.8724751789322,7.634679518284594,synthetic_gaia
17.95876468680703,226.23542307752714,5.789396757032045,7.668837431706015,-9.754543474759199,synthetic_gaia
21.496328763953382,220.67842121510913,14.521925363959001,80.26680041504866,0.5014208152121322,synthetic_gaia
7.463320457201955,230.2032749405453,13.926227098094689,19.17024065032987,-7.299407057178769,synthetic_gaia
5.46381366975707,236.9477832799528,11.557254727331312,323.33341378313355,-1.9936824619961762,synthetic_gaia
2.198196914076297,237.4213126536275,10.514309272875533,1.9069494125660214,14.121461907148003,synthetic_gaia
3.0867577936991575,239.7201426210302,14.192326963027703,177.38717940548347,7.777674782200298,synthetic_gaia
19.531781010980765,213.13495633627016,11.555200751114228,152.63968577723284,-16.880480876536176,synthetic_gaia
24.70528563695896,220.82618606300665,11.583966593150699,234.98807923733023,-16.021446624876578,synthetic_gaia
3.0322474169543616,236.57828797638956,13.43685564201953,104.30787188492994,4.06163415398,synthetic_gaia
19.20563205883753,215.36355067978812,11.53245677292421,314.530344169005,5.147806903436651,synthetic_gaia
3.6528298143420814,229.44250315948634,10.036768870376775,264.3644669693016,-10.11667469080647,synthetic_gaia
15.619054972784337,221.0356648303652,8.89721497898448,155.62599335720384,23.869732244730564,synthetic_gaia
19.38973149584947,222.98990867039365,10.031338927912408,128.88944982451488,12.202424059043937,synthetic_gaia
10.261701137157967,236.72570663274658,10.224786490871944,293.7197690991304,-9.38364548077191,synthetic_gaia
2.251498585545266,243.7057604073587,8.608318811182517,272.5417074728775,-10.833829737239894,synthetic_gaia
15.689355098884796,221.1227152978306,9.48118408980346,143.6400208886571,-3.417198205698707,synthetic_gaia
24.798626447220638,222.13364472295495,13.018719328635212,122.89387053964579,-4.977816166112396,synthetic_gaia
7.925200725285403,232.8407388074082,9.165133686758878,13.999676278515171,18.842362405976655,synthetic_gaia
6.358299375305964,232.9641917480075,5.255597666354293,29.414608358452426,14.7678445949233,synthetic_gaia
4.8502955333308435,233.96346346536438,7.830193217738492,19.41064399952449,0.5260427025208572,synthetic_gaia
14.77087925770129,227.28691297619332,7.317418640916982,8.789575085289654,10.168583413338222,synthetic_gaia
15.718237285286287,233.61395230072816,12.935820118319684,55.03405757068113,12.344628395168234,synthetic_gaia
20.222229254919256,227.87343928751577,9.492930584718088,308.57105436500694,0.8739109239980146,synthetic_gaia
19.320685293271723,217.62380220371384,7.803105430351332,287.3373518721114,6.039280190536347,synthetic_gaia
22.528454380287005,224.89832141672338,13.107048838416247,304.40658521815095,8.912813311384228,synthetic_gaia
20.532772061872933,226.62888433388667,5.19216804556612,224.5681301131699,7.314085854733261,synthetic_gaia
7.687142910827222,231.77037211649193,6.742508427312176,224.66271644664118,-11.682057427136868,synthetic_gaia
14.785180312142504,231.4163841574246,13.269548193958,44.615428759085994,-10.165646360190932,synthetic_gaia
8.84047505915234,230.41507325952497,10.506517276604026,251.62752731125923,-4.328919925290753,synthetic_gaia
9.585063729684556,230.01167377432841,12.736497745794804,100.80950791337027,-10.599964185703332,synthetic_gaia
23.434720492289916,220.95950241570404,13.381760147620776,186.9311987230324,-22.096508589534793,synthetic_gaia
17.68360581654269,213.85652593566246,14.419634885885396,343.7001373683087,10.139279414235611,synthetic_gaia
24.415579504775433,219.33827083998597,5.63424599303338,313.4215419546338,5.196121903035022,synthetic_gaia
11.588988344531124,224.4156294123952,12.992347432984719,83.94966262648516,-20.09049864438819,synthetic_gaia
14.36106418714146,220.0920949920738,12.08766148219835,265.1942216521056,-3.613750675913047,synthetic_gaia
13.2036546580777,233.91780726239904,7.070256006765591,37.47266998531599,-2.7642872587894085,synthetic_gaia
4.467602323045719,234.7287861407687,14.31702266340123,9.627294867851734,2.7291664276490906,synthetic_gaia
7.444145874111877,230.19825342395734,9.04201880306392,10.142738921469668,-16.22883672971488,synthetic_gaia
14.13563629390309,223.34121056079843,13.876105274548042,61.28873431848445,-20.309913539916188,synthetic_gaia
3.5496090180591438,234.26234228685672,11.051137046649254,250.18142475376547,7.795867440508652,synthetic_gaia
23.423624374104453,225.31741523277228,10.267479465409565,130.7901216448867,-23.00943018402934,synthetic_gaia
4.848404684697528,227.83491785432935,6.595239338959794,5.739278028009043,-3.489952395819949,synthetic_gaia
6.553557167588863,230.87988490887392,14.143276242873128,355.6881472956631,-4.891157786373405,synthetic_gaia
19.60238815058864,227.08883990013797,10.566619073622462,192.01622516351753,-1.8492647734017802,synthetic_gaia
4.229494461154215,222.67656031635795,5.060924054968174,141.79687744007433,3.7907643176677777,synthetic_gaia
22.706396291154416,220.52065350600148,5.182845410702832,186.7859622175793,23.978559267171097,synthetic_gaia
18.69112232661832,221.17159169312586,12.776326050180476,187.18952754907795,-23.992383008863502,synthetic_gaia
3.578279713503755,232.09442589028498,6.619363533783896,169.28516775347774,13.148723740991237,synthetic_gaia
17.912482409570018,221.29655571215923,10.987384356281453,220.66160560738948,-37.68236859197066,synthetic_gaia
16.52745646994031,225.35846273232377,11.810819619339803,318.82558315259035,20.905667232259777,synthetic_gaia
19.41903695301813,232.48123800647727,7.793655929484968,108.61692914775115,-30.643040108057352,synthetic_gaia
21.048550607254725,220.22504350082303,10.693138084114125,175.3087042245464,36.54591957052187,synthetic_gaia
18.522062952982566,224.88226569985645,7.402587459890747,1.3118386308367302,-5.846517442157324,synthetic_gaia
15.482054791232354,235.29744784752535,14.463154273679505,309.5331412745529,19.355745911595523,synthetic_gaia
9.416656327380887,226.36451190352415,13.60170156349167,110.12540000872185,16.26234035116297,synthetic_gaia
18.03729422208837,232.80006785583961,7.880427914974692,97.6668833982128,-6.547336369566127,synthetic_gaia
24.010346446507928,220.02014850406806,10.288144909503398,359.11338091597247,-5.396238272814017,synthetic_gaia
15.513000952164107,234.21385553422206,10.006328571539058,210.38145794826767,-12.55738444698414,synthetic_gaia
17.27993197398784,227.9510481409892,14.60023257950074,44.2955686107565,11.810552496664336,synthetic_gaia
12.053944970595417,229.00182620628996,8.94028780183854,95.58898916168556,-6.352021563277019,synthetic_gaia
19.39077862409071,222.55260995051037,10.622275546215668,127.16157177587209,-12.284752920761012,synthetic_gaia
24.946350023788625,216.28832403573605,14.287065948874371,354.98161723343543,8.059140179342284,synthetic_gaia
5.68895445355793,231.82336121634805,6.628110511765581,155.02380404934885,-13.457646621086235,synthetic_gaia
6.655321428586533,235.32723140223356,10.50485603278338,82.84823578541126,-4.934734376280042,synthetic_gaia
14.407068449280958,225.93002506421604,6.056729203618296,205.10314826861418,1.6065879730829011,synthetic_gaia
13.071634137018139,225.24711463905436,11.174989318185006,145.71347690052374,-9.636442338919023,synthetic_gaia
15.146105043654533,224.27977167682704,8.656832033870046,19.785739731073356,-7.373230213799031,synthetic_gaia
3.12870309765828,238.00694363187884,14.676360731796006,309.9310604835572,23.024748017091866,synthetic_gaia
11.298358495600326,234.0643332157491,9.154091811485262,5.647509821989409,-3.063528004277197,synthetic_gaia
15.408500027507898,222.0339349139657,6.361876375417069,323.4541088683716,-5.394404396754186,synthetic_gaia
15.459401080014143,221.99493503775372,13.33999960928404,285.0691332966488,-2.62687707103083,synthetic_gaia
17.11868112067259,226.1976188979152,13.208666914229141,27.296355651268,6.816824827486009,synthetic_gaia
18.56496866706127,231.03455490687298,11.948596195427843,260.4999880126994,-15.50795524010795,synthetic_gaia
16.7555856768397,230.25771049353799,12.48811801884228,277.5390055701548,6.408231006875795,synthetic_gaia
20.175592573957005,216.13099358037732,7.6471521768940685,216.8305464343264,3.837302850888611,synthetic_gaia
16.369494597745607,223.44868602644968,11.420535004227812,207.9614880562044,-26.82983076111176,synthetic_gaia
14.362676238355704,221.37030957758012,5.380198712053936,17.88732944927066,26.913834051131428,synthetic_gaia
15.942517864419651,223.69836372516144,6.968901438900346,21.41869385620172,21.912203411448097,synthetic_gaia
4.327447435326643,240.31739533309764,14.322794475530866,261.82391394085084,-12.008443991172562,synthetic_gaia
8.282600436686959,222.71037148315557,12.392352970826586,38.00346441080754,-16.83639806545925,synthetic_gaia
14.130194955137018,218.0743016866384,7.306725409892579,87.06387625433192,3.4207724553786387,synthetic_gaia
22.078705954239265,217.05803801143244,6.113830895192881,179.58117377640914,-21.38794931746932,synthetic_gaia
17.61818579462384,225.42518689124006,14.489194448685016,59.09892250056537,20.464244305533835,synthetic_gaia
4.079385804853644,235.55415797517026,6.121876660601328,284.3422417980092,-7.026806036285891,synthetic_gaia
15.6223238602213,227.42328976166937,7.570700480472482,290.6560885604719,24.327103924632247,synthetic_gaia
7.099973715653276,236.4409434438718,6.826339929994571,303.1715560539211,-12.366050555794006,synthetic_gaia
18.882380875140626,214.38308398186746,5.074638204117679,17.844523478893784,-1.6830312835008052,synthetic_gaia
21.031139607701185,227.79722043698143,8.14134774098044,154.03433804410477,19.008189098660488,synthetic_gaia
15.649494269569388,223.6585894812877,14.741788715987626,304.8903621771609,-4.8485921945824515,synthetic_gaia
15.601340024289325,228.90663403384352,8.419033058093564,130.75898051041162,4.081376147636111,synthetic_gaia
9.787603193848723,222.26562087002853,10.043048794677738,250.4953361962881,16.389881334570198,synthetic_gaia
12.263750486710116,227.35993943085154,12.459357839217814,212.12852550840344,-8.340711762512496,synthetic_gaia
21.874492137752945,222.5097962668495,10.510801020792162,124.9951020145843,-18.92608635821536,synthetic_gaia
18.6363676122446,229.1310254298392,12.435915074123066,99.50573847255255,-21.88065894461367,synthetic_gaia
13.95433417300439,218.35226802883344,11.616358681905153,234.98751315578642,8.75149124156812,synthetic_gaia
10.469344883712532,228.6104221903542,11.085630229990148,48.10468932104292,5.831675804964278,synthetic_gaia
3.1587339806367503,227.59961480639132,11.496489072117452,309.6441068715931,15.92494759621636,synthetic_gaia
5.2891702305068575,234.2217488269746,12.991643620782511,207.51963878905323,-4.110670784738854,synthetic_gaia
6.439579359405525,234.86134558265218,12.101913948011042,40.141261845302104,-21.461058864008137,synthetic_gaia
10.58782149494952,234.818462778197,12.917749207051916,253.2699522696109,-35.29128459422365,synthetic_gaia
23.715303882754316,217.50278780173667,6.455976382835313,155.20051795767083,43.01943801527551,synthetic_gaia
13.618528081751219,231.12455237734943,11.776737327105403,73.46930953074325,7.903845278062543,synthetic_gaia
7.4013237549623145,237.17868059053382,12.370219123255332,345.9849454529518,2.05187634123441,synthetic_gaia
4.432253161614824,224.0136069247134,7.999664324968345,259.0732026051932,4.179596404707246,synthetic_gaia
9.781027065868173,231.94858268432463,13.745773278432823,213.4777043980786,-21.470084223486545,synthetic_gaia
20.761804617674308,226.8164283828541,8.047116033027004,305.5921851813702,-11.923079864445699,synthetic_gaia
10.816884248441681,226.94581541278674,7.438321193764973,195.79312435757495,26.14995191986863,synthetic_gaia
19.76763353851551,216.59136115080227,13.670968154805113,158.9294204398454,9.875209287783276,synthetic_gaia
20.462214450918214,226.92589474872443,7.470198381164267,68.20086954985499,-11.453964864419042,synthetic_gaia
4.548877703070195,226.15940729779234,9.155024624318001,55.220553042544324,-18.402229921248583,synthetic_gaia
15.999174310416025,224.10875888343546,8.67922830036819,155.50895389386537,-7.735411634168497,synthetic_gaia
24.059209457535548,219.76237380002362,13.980618225582724,164.15084844990568,-4.731459708343176,synthetic_gaia
11.24917572278174,231.5469554317814,9.552357382879642,263.9925018830618,30.73719053770055,synthetic_gaia
3.1717140470695124,229.8845209230189,11.943089332962156,159.1506036132755,-2.8240106394893254,synthetic_gaia
23.235961875931206,217.05460538340373,12.94038904643829,213.5373122035504,-17.843276761995188,synthetic_gaia
22.324324476167106,221.5418745962111,11.279035807471763,299.7066686674486,-0.8790354541512693,synthetic_gaia
14.009253285807041,231.27616908446933,14.436944983249147,357.60049038379503,3.9650770256700154,synthetic_gaia
14.701821767912222,237.2486113983206,13.02507529256008,116.10911345446169,-19.20819866381057,synthetic_gaia
6.870045363850872,223.16881564869934,9.002066276748632,324.70360694221273,6.0324830167892145,synthetic_gaia
20.84736737752666,223.54710547797873,14.508118432576833,290.1783138672956,18.13373928407355,synthetic_gaia
13.467800883018908,221.14994931694173,10.24574833271334,24.48240851503911,2.080069248761449,synthetic_gaia
2.7791892882787996,238.35706291085947,5.225773229448959,120.29721510740086,-11.955977277745196,synthetic_gaia
17.70934399832695,219.2389372644995,7.600132796528968,78.85546554037802,-7.933056563552251,synthetic_gaia
23.86141420546224,216.71337503067448,11.217295870372666,239.1783380722793,-24.88253964992793,synthetic_gaia
21.070461277952255,218.88460740595985,6.568149023244367,199.90768903836775,-2.0075285115380304,synthetic_gaia
8.375557224842415,229.3842820408745,10.840680448932037,178.14637893223932,4.661699352448697,synthetic_gaia
3.226476953466835,234.59943988837676,8.615980223075297,274.8829549707279,-13.449488772982171,synthetic_gaia
23.62808248837815,222.65095541280624,10.34385480058274,119.99113049231403,29.09550226541442,synthetic_gaia
23.552442672233134,220.25088559894036,5.018748478732529,137.79082639917561,11.884192431767222,synthetic_gaia
14.245552353395995,219.4470746669246,13.484213546686984,311.6282213611617,-26.891660084226633,synthetic_gaia
16.773300468445306,228.15561795877264,8.619254877755283,349.9950633336024,-26.583938377613368,synthetic_gaia
12.63980139634859,226.835330808967,6.401584342779531,279.4886426764196,-14.760357040557277,synthetic_gaia
11.65460344327145,233.52454679802884,9.3791585700508,78.14555091980145,23.59778110138909,synthetic_gaia
4.747314026360108,228.49423483612523,9.861772934888341,40.554587578985036,13.363825658285437,synthetic_gaia
4.225316662305208,224.34780344930428,11.37402710496189,75.31385319568872,24.355682933374307,synthetic_gaia
7.352839373552312,230.23434537811443,10.245624403522797,152.1940914082427,0.15313929844132124,synthetic_gaia
21.24273716735052,228.20305271182724,5.435235820670626,85.21092998914976,-3.1423399194341686,synthetic_gaia
5.35414291692064,232.45837136000486,13.715123220777647,324.37481330592425,-18.712642290909358,synthetic_gaia
7.214068994038347,229.49285788286176,9.565089317869614,241.46024463627847,5.245258873751936,synthetic_gaia
14.618123364410772,221.5119378089561,5.7698777253300895,150.02252812188507,-2.9425225037553098,synthetic_gaia
6.9480180158003115,239.44632107352894,12.72828236529185,98.57222383016189,-3.520082857227931,synthetic_gaia
5.753753748509103,226.25589093275792,11.601544187830683,137.03796185074717,24.27076261579257,synthetic_gaia
14.956273559053132,222.0253577374506,11.494377727692218,171.37821433202288,-1.8951840429684064,synthetic_gaia
10.466145232922155,231.30883020984376,9.26914001735561,256.9760467832623,19.96472166071527,synthetic_gaia
16.40166357433079,215.46885681660933,9.104970626209884,32.162960962396404,-23.8211199171392,synthetic_gaia
22.980722829399554,227.01000155853197,10.363386363873428,305.57985832402045,40.32168349294383,synthetic_gaia
5.472842023006556,234.70043930670766,5.5059441289910325,45.921611206864796,-5.599056926330539,synthetic_gaia
23.00897417570047,225.11554649924275,7.989577642179208,94.48202951007765,10.60776034911039,synthetic_gaia
22.75726925072713,223.56729177804382,14.878941735623735,357.6923624781302,12.994093679197684,synthetic_gaia
21.069014416725764,221.02624840226454,11.62192489128076,68.47510825593041,-7.460350955631533,synthetic_gaia
16.51957609803996,219.35952138794792,9.189341654173221,36.411187603084436,12.285451350885806,synthetic_gaia
16.26337312170759,224.13501459280795,7.2236310294045305,229.8259086907674,13.065047648718577,synthetic_gaia
16.701891178539537,219.68513645464964,12.452093619002333,141.52646874644097,-10.697167515686518,synthetic_gaia
17.8813976780097,226.25490300162585,7.602903097061914,33.06075633666313,-10.519503362728395,synthetic_gaia
2.3790906137116115,237.54696751917075,6.623701038462953,1.3472742056562126,0.6796023522711389,synthetic_gaia
24.036129320694943,227.3614623305567,6.545149002342873,28.49816749733201,-1.732409215280031,synthetic_gaia
15.468886513708336,227.1907841316966,12.292632791647325,188.1848083578864,20.89695143774302,synthetic_gaia
19.973714306255697,227.13930534156611,11.428102542887174,83.12146024713923,10.540022774176183,synthetic_gaia
10.677482298411352,226.84084987734218,5.698060993712306,279.91876835482196,-1.056353541946365,synthetic_gaia
2.285135920063307,231.18040435991946,6.150428153622025,308.7031079058275,9.091169380615101,synthetic_gaia
13.72389717715821,228.79092371836012,11.338468673535772,52.13988637750596,-30.69979616695037,synthetic_gaia
13.665372744266366,224.52677767124896,10.71116101872159,121.32715346440925,-9.229664604476126,synthetic_gaia
12.05075363116339,228.81420792466116,11.859990603718135,52.76668516855109,4.317315124783317,synthetic_gaia
9.813492245727765,223.56060639974302,6.7803890836326195,103.20937328950099,16.73048252838676,synthetic_gaia
7.746000019623607,225.75061157535373,12.26587906217167,86.11359075020567,2.996540019836904,synthetic_gaia
14.133532113435205,229.34358893419446,14.360964673305498,283.2713643373871,21.873584999664846,synthetic_gaia
10.631397212950365,232.7888271189365,11.010503145354413,124.37268408506384,13.019097870378959,synthetic_gaia
24.3084333101456,214.87894833632558,6.961300196427839,178.4033275479035,-7.324941361070166,synthetic_gaia
5.977328078639423,234.61724150338247,11.795438552841066,242.60223797027334,-2.1004596893065397,synthetic_gaia
9.352308055423,226.49112910018425,8.430816835460643,296.0123936947872,6.126325293578572,synthetic_gaia
8.761090831265133,229.60684411146084,5.492877463857214,108.43527251608265,-6.729533292845457,synthetic_gaia
14.496111053427011,233.02465267056135,8.023386953524984,75.3194403734469,22.9693526687489,synthetic_gaia
13.483445910405402,230.61028247611137,14.05585101950132,352.24321455211236,-16.630892014384337,synthetic_gaia
16.80603070475828,228.47559074963704,9.111393201759752,115.25311607309891,4.741596756365792,synthetic_gaia
23.85004072320678,229.6376763402806,13.646653380310923,241.5845157051152,11.031702204075858,synthetic_gaia
8.56008496635895,226.13055019077666,10.086593435227917,244.02277464400953,-4.701704841916535,synthetic_gaia
17.93374609286492,218.8620338169967,10.169779889596,185.05060041583477,-8.081989989738727,synthetic_gaia
2.5759246691192232,229.77943573065753,5.052163210648944,82.24108037444051,-1.1412194467499832,synthetic_gaia
8.034934872873364,228.70566043742107,11.371040732889721,50.92467154350344,12.179977691777616,synthetic_gaia
12.665553743921635,215.3112758385895,6.078138450304202,175.32581216919522,-7.497719962917807,synthetic_gaia
2.7128801350660927,232.26730873209965,9.787484146820542,183.9346332160957,-16.033817803639383,synthetic_gaia
16.206397592733694,222.1481478450669,7.6031685565809894,278.41203243892716,17.258771654895394,synthetic_gaia
17.60114399323929,227.91808384121444,8.923829658293148,255.54003982278965,5.989447094033815,synthetic_gaia
19.174829441275072,224.7778284942533,10.37077355666801,328.334860380912,15.11786145734276,synthetic_gaia
13.881213611389281,223.320758354035,5.144641146019728,349.5098022795474,11.389975969011607,synthetic_gaia
15.890727294508412,228.01809966774675,7.845835832716228,262.0264774318347,32.698339624229476,synthetic_gaia
11.109500779405206,231.6728773119906,14.896119342918649,27.544049578891222,16.724580534098187,synthetic_gaia
2.9488197476509383,229.31425870876112,5.573991258205596,145.84259131815693,-10.861193428122311,synthetic_gaia
4.2988926828138005,229.84807079632927,8.193934881573684,219.16885314264584,7.0540195084737425,synthetic_gaia
17.064906256633677,213.20761765411405,8.214214749646482,212.47022572198472,-8.362330815653184,synthetic_gaia
24.897771890472853,213.98559269660805,8.793859209327625,65.31976289901534,-6.811892457567504,synthetic_gaia
2.363474500755812,229.8104806349097,11.847809184423454,209.8601026023137,-21.18750600922948,synthetic_gaia
14.824420427006803,226.10556811615083,7.477437986829646,125.88498283731988,-4.291697727998081,synthetic_gaia
19.27320131629883,218.22733578051418,9.602693441360529,122.01366414373774,8.175514328020498,synthetic_gaia
21.01582104431921,219.29785191205494,11.448635668524492,300.24252190844504,-0.9903255770061064,synthetic_gaia
14.539712728120723,219.78602613701156,8.223220583285887,151.8959371205592,-16.490526048730374,synthetic_gaia
16.258067544234418,225.69427727750983,14.487725805032547,189.86254346320294,-22.84528998702472,synthetic_gaia
18.02467374131473,225.86315188460281,14.796726349426812,202.63422997241236,31.677689032208505,synthetic_gaia
21.756223742948904,223.41418690275606,6.196735676875111,202.67884074658184,4.877411295622494,synthetic_gaia
4.812659355664829,232.05389356223577,8.438198844008102,76.72374496201395,-12.361037543998295,synthetic_gaia
23.302190514321858,212.73076594604186,7.079720698064753,215.80321073364254,6.926751895543145,synthetic_gaia
2.5984002816861103,230.27623150448193,6.867895955571152,120.46449921988305,32.837791167091304,synthetic_gaia
21.232594272028834,219.69309521838954,9.909798383382796,235.80730605462105,9.306935394688425,synthetic_gaia
3.765029810873037,230.63037980360122,10.638271081348789,52.451135627661756,-41.80601803542799,synthetic_gaia
6.476448866913213,231.3271255481284,9.256520405975992,357.881614068121,39.78437531980414,synthetic_gaia
2.08956536676605,240.82172850762632,7.725548730973607,277.9355849232224,-27.738697204355663,synthetic_gaia
12.240904227328937,231.40991592134242,7.786215742536396,150.2105160543507,-3.0901791806524814,synthetic_gaia
9.690262214500022,224.005997216694,14.921281563407309,108.48666631114186,-17.001064500492756,synthetic_gaia
5.8178369642016285,234.75586627385715,14.236773739902505,139.6087325344245,-11.1000316495982,synthetic_gaia
12.375073698489844,230.46709077677252,5.758988409893572,259.634978198595,4.266145274739561,synthetic_gaia
11.254530312960227,223.93558118964202,11.565506519961257,235.94680785044346,-31.065352631979138,synthetic_gaia
19.656203752071054,226.9592022681328,9.568776074848444,252.75330432021147,-1.353683782343837,synthetic_gaia
22.541997039610745,220.10936867051697,11.88814097199162,320.03971036255416,17.210136341120414,synthetic_gaia
17.009046790642884,217.31957830577596,10.969607055405534,164.26628147174736,-12.648604868813262,synthetic_gaia
4.861438940710049,234.23761428524193,13.892524000824174,241.0276134411593,-20.854275899132336,synthetic_gaia
8.793988278326564,230.58856644411853,5.66988314288825,158.9428637855526,-2.0895765323361344,synthetic_gaia
23.006320827142435,219.48266133710686,8.495979120577054,229.71530812315555,-5.075122350770637,synthetic_gaia
4.0408933391814505,232.2871762380951,14.854941257755847,170.93650930666098,-8.928415055017036,synthetic_gaia
11.35768430598901,224.30601991431456,6.8228534899061675,279.5989058416415,-17.825191141764204,synthetic_gaia
23.677606242370068,223.25214861750425,6.273334395066472,1.8936443821438953,7.787768717791829,synthetic_gaia
23.86529135379817,219.86693973133154,12.289720060005754,77.65594408432146,8.928952671625956,synthetic_gaia
11.457673072124525,228.6711985496633,12.774351600174635,106.71754505876804,-15.984701016847312,synthetic_gaia
17.35012842627234,225.94187935572415,11.722735476746601,340.34202225040184,-13.9088046690564,synthetic_gaia
12.505148762141976,221.41135395152963,12.761958287599253,182.53663666809044,2.047379910085883,synthetic_gaia
19.32959240703586,218.44758963619233,11.937215720931722,131.16667679933084,-14.474574871315006,synthetic_gaia
2.726370605938966,222.2462960732071,6.3577068228917675,145.55236162092186,2.679929740451827,synthetic_gaia
5.315614425191244,234.5014522767075,11.082218974785071,162.65602203571305,22.020697929240935,synthetic_gaia
16.126572481502784,218.85984208032693,12.768766825595325,312.4189404410296,-0.8973402184247126,synthetic_gaia
7.3487020361904625,231.06990977685922,13.655166063244678,346.4409116448496,-18.204245511588624,synthetic_gaia
17.319202883190417,226.03043932270376,7.462352426837077,303.899270306483,5.881552459826226,synthetic_gaia
10.078127331609862,231.71293461220645,6.274307609385385,302.99643483082144,-2.664820942794239,synthetic_gaia
22.392847836939893,214.9843855327323,12.810904435825796,71.64543994396604,-2.2523555623697096,synthetic_gaia
20.842965867879688,221.64733824187175,7.565483450356654,96.72410583441192,7.129843093181832,synthetic_gaia
13.335269401581991,235.01685872795,5.319294783208873,214.57770500091567,10.365561041674889,synthetic_gaia
19.776587003181728,231.211206522933,13.252135636493042,236.20946883887194,0.5325324820995679,synthetic_gaia
8.236171383407079,234.7890083555053,10.0599113381086,72.97393444058928,-0.9102047506392521,synthetic_gaia
13.36797486667284,228.33248140242367,8.26633132428422,268.66147418874624,30.95312235710086,synthetic_gaia
6.542087192855398,225.8856635602385,5.114291052315492,71.98687905105125,18.008309983609468,synthetic_gaia
21.800381875982858,224.96786945446598,5.353274447079476,94.6838327721891,12.503191770977523,synthetic_gaia
20.930555181073544,221.12829686809485,12.926232705602947,110.44639367337983,1.968089188202946,synthetic_gaia
22.749442373407028,223.58423989298484,9.897058849648644,304.55690993651416,-15.086148538424608,synthetic_gaia
22.18197056815797,217.97205112064069,6.497220492964601,263.550202873518,16.910795789009907,synthetic_gaia
24.07071402736838,219.09113816869512,8.585056272490181,191.0467568607053,2.1644122007703204,synthetic_gaia
7.251733327534297,231.2884034706732,6.653051475375229,295.10974732856226,-8.657535207347003,synthetic_gaia
23.431958688292255,221.58641627728665,6.128815531803866,292.65416904093246,-3.647106803815419,synthetic_gaia
15.137903401095945,228.00742394661629,7.763078206741437,140.33991454154042,-14.492738493572222,synthetic_gaia
11.717386930117499,224.78065824605207,10.495085474623973,281.3174234954712,15.85993564478793,synthetic_gaia
14.88859960726108,218.9782029849108,7.1000660781222695,74.24739792059671,10.245556246826789,synthetic_gaia
9.879854202956391,236.94901632265123,8.436710812847672,181.16238598398334,2.7244869229252657,synthetic_gaia
8.636719160101897,242.04832137005312,9.779308839564596,42.56702293992133,-0.6417836043790508,synthetic_gaia
7.550229773483162,232.51820994758492,9.20029739183152,153.64601481285288,-10.210033158747642,synthetic_gaia
3.8958437575139166,225.94513717790323,6.286277991212897,187.33167711618862,-31.951089656377807,synthetic_gaia
13.42099263438531,222.74590401929478,5.388656355358882,28.770608849785297,-21.193903449901,synthetic_gaia
22.41851854141941,223.53401375686772,5.3545872694893895,166.54059422342996,-11.139680092789346,synthetic_gaia
16.493495293310847,231.39714350008714,8.501790180278674,234.6013954656479,-13.394495730207796,synthetic_gaia
13.982439553382791,220.19652210642647,12.188020785373228,221.07176450810562,4.340409369240978,synthetic_gaia
11.857637119771079,226.96731269589858,6.312552987292706,19.56739964078052,12.172406129599816,synthetic_gaia
12.681237405295414,228.05388694391021,12.869801163644254,34.32228692695239,-1.926588283515531,synthetic_gaia
6.8133789941548715,235.06453038508258,12.156743093138367,126.48824854385077,21.13375402682152,synthetic_gaia
20.927525175441236,220.20229129334734,5.039434908856112,303.36686024979804,-11.743465793799457,synthetic_gaia
6.562808155475145,223.0791714462184,5.2674787298184516,313.1121791402505,-2.03305690122417,synthetic_gaia
18.4823234047282,226.5545356693094,6.950332155380517,111.46063309485336,-0.7648076891639392,synthetic_gaia
19.47965526441151,228.44919528559902,5.5612091105058505,258.8011506869243,16.38279493251628,synthetic_gaia
15.221987966637888,225.07330021212553,10.31343105270306,207.86061324659153,1.5883062312326766,synthetic_gaia
21.847306623961057,223.3716338165565,5.3962726145841575,354.0320131533957,2.003533718371928,synthetic_gaia
8.69415810636495,227.19369503638654,13.026458379953977,34.07180842428902,-24.822646725118823,synthetic_gaia
22.277196088585853,216.84788847100438,9.929620689458105,197.23706720649176,-13.498600638161323,synthetic_gaia
18.776440570783997,228.3968530459961,12.279543666724777,213.31355359365136,16.43928410546374,synthetic_gaia
20.371246038520496,224.205450464997,12.507025509358412,110.7606855424018,-31.130133953957756,synthetic_gaia
17.285333319128227,226.64850967255427,10.067639396702326,16.90316909692948,20.144889786459416,synthetic_gaia
21.465889390769295,229.09439487074226,14.253628762534662,18.75763284761737,7.494967334313458,synthetic_gaia
24.841273842505625,214.1999921768411,14.90240773855308,163.30249951222973,-11.21281992545633,synthetic_gaia
11.66374565406669,224.95002762541122,8.592146860145458,249.2905641998109,-12.480734646109314,synthetic_gaia
20.720060725320117,222.8396287908484,6.258641402492335,252.06328288912587,28.439329497724607,synthetic_gaia
19.125334468914772,220.22509976812208,8.63238178647867,65.1491458998567,21.171087097191315,synthetic_gaia
12.416013811376414,231.15567404425198,7.2335389701427015,308.8699707620831,-1.7916115731524647,synthetic_gaia
23.319826993847776,219.4881120243252,10.310056670617502,135.77847334910817,2.0188759417856876,synthetic_gaia
11.071796380169678,223.117463224908,8.783876012524015,347.1724447100704,-9.692720413654085,synthetic_gaia
15.005716074353463,225.9502858294674,9.80449414286791,42.537468393229254,2.0217596673915765,synthetic_gaia
4.436674210792116,233.07877247228888,12.631875760760014,301.12369150877345,-10.108555328539431,synthetic_gaia
7.192829463524124,235.17789189977907,7.740209745418522,327.00173516836117,-1.1781453626126985,synthetic_gaia
21.336011922276494,223.63069706431432,10.374747246397256,296.1631894117433,27.154940696471126,synthetic_gaia
11.120712625063488,230.3552865661345,8.351612493286884,291.18281083188623,-1.4342106982563911,synthetic_gaia
11.063934056550938,229.68649963469178,12.849608641206613,130.07160554578022,-15.720328219104402,synthetic_gaia
7.657563418384266,229.27291025705017,11.395366324076964,256.8035184195503,-20.495580719774612,synthetic_gaia
13.30703768884145,223.10200586891776,5.085047305106107,208.56476376406815,1.9067663604671983,synthetic_gaia
20.533790111064317,223.6105729388817,11.600513411052184,152.81248731523863,-11.413427317391855,synthetic_gaia
22.58877470879601,219.2163919775843,6.7016200806658235,357.5202105793247,3.6990471297380454,synthetic_gaia
3.6126319370162294,241.19121814156992,12.244737902030392,104.56369853224317,-24.292546396928195,synthetic_gaia
15.220876818522655,232.19786346228943,10.673386668454581,148.7318479876023,10.35375201863823,synthetic_gaia
12.747287461523694,230.19714099830574,9.014826777231747,325.0299734417223,-15.902473076895077,synthetic_gaia
16.1284825608463,226.812033095936,11.940664292072585,104.04298047465869,0.6944588891600847,synthetic_gaia
12.28734079889019,226.88061674578776,13.565932858687802,54.965211166273605,-5.074548261599574,synthetic_gaia
11.168830879628548,221.71386204349648,12.787437138620732,111.59990988101463,25.775834434183047,synthetic_gaia
12.853256385878256,225.88585364221626,10.453792765719076,273.35220375664477,2.572337601442912,synthetic_gaia
15.385979961397524,225.89076269115284,12.226943202595297,309.5474434928158,29.18207922171891,synthetic_gaia
13.522613853730865,227.69564871364153,9.139145543927537,41.20019554405,8.411136000936295,synthetic_gaia
12.859322373474862,229.31060535165733,12.890261215631288,223.81656518693757,21.381088834687183,synthetic_gaia
20.810212129035857,226.600268408741,13.290518916228182,204.22328601410746,-3.131973096343812,synthetic_gaia
19.149903798470728,219.57053976749145,6.372938368763988,240.76720278481145,5.1825457423548364,synthetic_gaia
9.851705366167435,225.4273061101003,7.380313595939462,241.58029360564655,18.27965383528434,synthetic_gaia
20.413273702852372,229.49598733443304,7.699887373491584,345.4082892959502,13.574399228760727,synthetic_gaia
21.633965387103505,225.33367957902607,6.660817189820916,124.75051503362614,7.9648991727685345,synthetic_gaia
5.530320723606382,229.5896948370794,8.925350068974208,107.91609182488037,-4.919022491815921,synthetic_gaia
15.401696619807451,224.83788376785915,6.930332114496123,209.24110289585707,-2.381647407100807,synthetic_gaia
8.562175852781916,229.13507035863682,10.955393109266094,154.59064532591822,17.06492927405035,synthetic_gaia
19.000963404314618,223.28226848371028,6.01615442897616,170.55153803252819,20.1886687309821,synthetic_gaia
7.492062575249714,232.680876351662,7.699191530267564,24.939717661617404,-8.892940939195096,synthetic_gaia
17.442281055979734,236.77353807051182,11.655206459463567,53.36718370329348,-11.156384615324548,synthetic_gaia
7.86786708932558,231.03136587498477,8.985451231333492,336.73497717343025,-13.56200682405325,synthetic_gaia
13.756306558888692,229.71529915282082,9.214627418534077,24.584922601243825,12.445509235952334,synthetic_gaia
23.81886876207242,211.68082349275403,12.979252529583892,212.4524133650235,-13.942125330937786,synthetic_gaia
10.770073384497994,225.8442041707946,14.845115532909865,271.64701044644045,12.26405109032621,synthetic_gaia
22.141985177153778,227.30533427786193,10.65067783254213,4.270870238697899,8.185355146815194,synthetic_gaia
24.699725367689577,221.57424860197708,5.790671714636078,80.18933325601853,-8.176377665486706,synthetic_gaia
22.121569522518755,199.2284461241016,6.029029742236359,135.74593110577925,23.457889707768995,synthetic_gaia
5.814918683636886,234.73579183430795,14.68500722029416,182.45428094472067,-21.9338836215184,synthetic_gaia
20.85213904930875,231.55823506732588,11.792349127484716,122.97430611203775,24.892988996378403,synthetic_gaia
2.739436087312909,223.30831451483044,12.524691183338193,233.639732933658,4.783287963682446,synthetic_gaia
11.04594332508408,235.69322380005,11.757637576855414,81.50310621025656,-31.101995349880376,synthetic_gaia
22.026867586310868,207.37342960542605,6.796176016951533,9.17385711444684,23.8781945373242,synthetic_gaia
17.841300893478156,228.53918166684323,9.48362160824762,0.5655782945714938,14.58318756329983,synthetic_gaia
14.253029828771195,226.0486132269568,12.980804376193657,124.38432430186832,-6.42317525119557,synthetic_gaia
10.920872576900273,216.42459856321426,13.663629629420733,130.19860770992898,-14.470808478620947,synthetic_gaia
20.68282976881658,224.30392053068857,7.3733551474637204,341.4974822591558,-23.53600115757578,synthetic_gaia
18.319843290809082,229.30429668900462,10.959617908338206,16.12105650728507,36.23169242715586,synthetic_gaia
12.773322351160486,228.83610854963254,6.5710190273845335,190.82342164866517,-13.850728112427658,synthetic_gaia
22.527139755822176,223.8446758379092,14.582768731217516,208.01279313498466,-18.953828430013886,synthetic_gaia
7.288804409828545,228.38611668216186,7.522042889924876,251.73900428317904,4.018786865252246,synthetic_gaia
5.919004710648372,221.99367327973965,12.266351286038967,229.9444560506378,-24.56840200141673,synthetic_gaia
16.784486579672375,227.96901599939008,7.311129442268544,2.930217740619425,-14.723225976668342,synthetic_gaia
24.355869882140716,228.52635092089352,11.160539428785416,227.4687624272442,14.924537912407027,synthetic_gaia
7.686901186055717,235.84359102985246,11.592643070226565,116.05965829190356,6.963158922290695,synthetic_gaia
7.742418715478009,220.2216091548195,8.284281034547528,278.23282608520867,-5.795549396090734,synthetic_gaia
5.208473503130368,224.17023202448885,13.188338654260512,67.81153900885167,0.27460009397069174,synthetic_gaia
21.79296177129354,217.14956018395483,13.853708982474505,257.83403471178457,-6.637057953000055,synthetic_gaia
7.207143429460684,222.53065810018637,13.55069930253995,225.17832012806196,-0.9299671405355935,synthetic_gaia
13.57310611467242,226.73775827610993,8.307982194647174,234.82471871789096,-11.427170738394782,synthetic_gaia
24.790066994050704,221.47328715462092,12.44340259012654,63.34116735151953,-8.70358979291141,synthetic_gaia
2.279240721207002,226.4242081330338,10.594907548692241,240.90264047968643,-9.160172063181493,synthetic_gaia
14.799180081748265,229.63615474528498,10.926283244920116,265.3122271110894,-10.887912777836322,synthetic_gaia
13.782647982213753,229.39136473121647,9.774250852584618,176.18769404561002,15.658664946247224,synthetic_gaia
20.57128965743356,219.4021483398855,11.002611479688717,122.53164587551628,11.551760880195795,synthetic_gaia
10.17147540971387,227.7802179390089,6.3565415803575,59.95974574374331,-13.98544902586424,synthetic_gaia
11.437851254677955,218.10233708756112,9.088472331174554,104.3857890398666,-17.915906888138565,synthetic_gaia
5.862573553773864,229.67458074745596,6.776717619879459,274.9782104829075,-2.359149646959238,synthetic_gaia
19.03875032762309,223.1377059158872,7.801055309714258,147.38426083665206,32.329313974343194,synthetic_gaia
20.04830491132741,223.3135474065613,6.278145359221337,252.97676711757273,-15.415578055448215,synthetic_gaia
5.1432563779130955,233.6798493239052,7.124956052220201,266.43287699945523,-2.418365845560604,synthetic_gaia
11.0495127017314,229.31526327757072,12.819292557877159,242.70128068474426,1.330806205764932,synthetic_gaia
22.53681489334171,219.59277220533306,10.498364621776702,242.47383252586144,-1.6296326106772472,synthetic_gaia
2.062267294543105,235.14205765368214,5.23643118512235,219.89095355737857,-6.873148113292329,synthetic_gaia
8.871458624320542,234.4654983263509,12.885244838021155,186.63191233693686,17.32619958297831,synthetic_gaia
14.765972556208597,225.29377678582142,14.094683959294906,71.21400727329711,6.816879344151813,synthetic_gaia
9.684158772178925,230.53537522154653,13.804292757826376,303.40921929186607,12.687079856176132,synthetic_gaia
8.257039351086396,228.9084950922504,13.230168828733218,347.1351020955343,8.84069924499496,synthetic_gaia
12.58086215277389,223.90316657211847,14.922164428009369,167.93426361605987,13.409224827089801,synthetic_gaia
6.175031486522956,233.7550036555112,10.864019555379329,335.9659521184761,23.766087494610943,synthetic_gaia
14.181380542068128,223.3605074403564,14.62587628514905,359.27803358038204,19.965659501825016,synthetic_gaia
18.254006190204194,225.52198063608333,14.488442325014274,175.03052853089542,34.87205939393872,synthetic_gaia
15.23178391045555,225.62141191351552,8.132387305034392,260.7679345499885,18.260119221107878,synthetic_gaia
4.141514609746211,230.89187998630788,13.634337560558707,231.7645217701881,-10.041701647912602,synthetic_gaia
21.421398125808185,219.9709120106366,12.924726655587772,85.41533376026901,12.709680627087433,synthetic_gaia
6.024490262212228,228.6940886240389,12.757987774010857,16.95219975155476,10.65652768476893,synthetic_gaia
19.59067601405596,214.52682163076997,13.96280771291922,163.20791202280446,28.804423578482822,synthetic_gaia
10.292997547844559,230.48135200840562,8.841900099203077,283.393799062658,-14.507377750144338,synthetic_gaia
20.003511005290353,223.65553974808515,9.000549658873819,117.04847856829089,8.369266220894048,synthetic_gaia
6.744276778322953,235.03317827579062,11.400523092036364,282.3979396295464,-10.216055171504363,synthetic_gaia
6.293228384994885,228.4094477478442,12.37804537814342,235.728605506664,7.688176561502021,synthetic_gaia
13.431594463002092,236.08217158800701,13.797371026576146,250.3948866543314,-3.2211999689957898,synthetic_gaia
2.7575283380622913,231.3778650494629,13.758453206592819,102.86671981586039,7.192032062863326,synthetic_gaia
7.181838791993668,226.13580254403047,12.213396243862599,169.2170578234969,-21.15507279122136,synthetic_gaia
18.65228180024001,218.37389927563666,14.568927778215228,65.41336800907817,11.898397223338465,synthetic_gaia
21.259820001024785,213.04300048321122,6.786286189462423,88.7689901087015,3.0908927277915,synthetic_gaia
3.8580633705696403,240.2518498553596,14.503398471800862,32.346015513269464,2.28289322657857,synthetic_gaia
22.2877873170764,227.92546988067056,5.641914820336216,45.638426266634895,29.25342449770995,synthetic_gaia
20.342895693223117,225.28941600615934,10.556218811919182,75.78485254650116,-5.73725097401735,synthetic_gaia
22.002738801260204,216.7678442103335,5.9019695700812225,208.8843160953013,5.133981371579725,synthetic_gaia
18.063856755313317,232.76642793572478,10.680009751981364,158.83600303715033,1.5040604855888258,synthetic_gaia
17.505520547761186,222.30045385004098,8.901097124557195,96.09822452360233,2.9705874036109896,synthetic_gaia
14.077144366931867,224.85665561453433,5.816094315023869,310.00048088316805,33.327058569641686,synthetic_gaia
17.014106163300244,231.55247905011774,11.481168050241884,189.053168883115,0.9571063862062307,synthetic_gaia
23.13952228503192,223.83235149425943,12.311979996228418,332.3194105088857,-8.509196992323945,synthetic_gaia
4.312006032584294,243.31051192340777,6.741854136199813,228.58738641992437,28.06354193170832,synthetic_gaia
9.262582990460096,230.45449693255756,11.94436719308769,5.683534750337991,-4.615331481584436,synthetic_gaia
3.666464392705052,230.7233057566657,6.790475491477329,328.85124876565027,-24.077672208135827,synthetic_gaia
23.730518954712885,217.10940123600545,6.373964493152765,308.6868008450975,-11.112655596432766,synthetic_gaia
12.241105717985924,218.11432804030568,6.473632665247457,228.6976402011237,-18.698812410642837,synthetic_gaia
17.532922825552333,222.64894436999876,10.99078468954335,192.51848006309447,-26.99948199471677,synthetic_gaia
21.345761483599393,227.3818657668873,12.787908081266032,163.05338639469062,-5.445225065522017,synthetic_gaia
24.79300570575924,222.49854229718082,10.968937014738136,173.5829444760594,-1.0532394791014847,synthetic_gaia
5.720996529222112,231.52591720203822,13.09351453018245,276.9194307032459,17.7079187269336,synthetic_gaia
20.38878993151926,217.28233407371883,10.914773410703692,184.73097684912688,9.441024180930977,synthetic_gaia
22.410726657144938,222.1276609293481,12.973212473484868,63.36889153287863,8.75751462193,synthetic_gaia
3.124133667570139,238.11148498374553,14.765225011333007,20.943924182277378,-13.398150077965795,synthetic_gaia
19.34408288426819,225.0635444796823,8.909598079682246,45.42705946314449,13.273998929461726,synthetic_gaia
10.158682387520658,229.4844993559664,6.499421769268947,90.518799181459,20.868492545981024,synthetic_gaia
16.91772620381994,220.4416328562065,6.353968117049576,132.3842837182944,5.918563373192405,synthetic_gaia
13.82310850889389,230.69646625250138,10.97477596656598,321.26976438307514,6.337763044468876,synthetic_gaia
7.974071797992649,214.3566810325337,10.47103065855342,86.07140359188048,-18.97038449549968,synthetic_gaia
5.110091326091679,233.72042146551843,6.842353785420308,115.05548088091253,15.816537114079912,synthetic_gaia
4.689786361051791,244.92049342906563,13.821049626676734,80.28523422963859,26.712458231421287,synthetic_gaia
4.3764257272953095,224.7228669837812,14.567483684541884,196.467054734208,4.844285985702559,synthetic_gaia
16.669170923095287,223.37492089955862,7.532156431033017,222.15121066601526,-8.915359175512274,synthetic_gaia
10.082449582189376,228.658914060508,7.06882930901067,191.56591148297784,-2.429922839817641,synthetic_gaia
6.982569078735066,228.3229802555077,7.139218523075472,342.66839443809846,-6.3063107251888155,synthetic_gaia
17.91335713223577,228.98602300514756,8.874215296913594,358.3360863554847,-5.406744797404417,synthetic_gaia
17.797540012628737,226.23879256388355,13.532271752989462,301.46255633000277,9.719745955410888,synthetic_gaia
14.400870724210947,226.76095766010476,10.959606099411179,289.9066121605088,4.191961675055131,synthetic_gaia
23.504029787914572,224.2963441883998,5.675534317326699,131.77899962985907,15.059049089570532,synthetic_gaia
10.86452732315269,228.29342396838828,9.729790851720672,208.72206221831942,5.563538171673313,synthetic_gaia
21.224848339193738,237.63379223212146,5.903316830280926,126.53007082159866,-12.961319609672742,synthetic_gaia
3.728206382440515,233.4266056792584,9.062141140084401,282.3681046225462,-7.510380357740855,synthetic_gaia
19.0161151628856,224.09133851564502,9.03520142303317,61.859210073060964,-8.442616091817852,synthetic_gaia
24.73429051813439,210.98872817829965,11.483526657096457,78.0018171460715,-2.797051149276777,synthetic_gaia
21.47175897461979,218.8628990043455,10.49453966963101,13.929865513311185,26.920705371218823,synthetic_gaia
15.332288544131366,231.15420806891694,13.74754782339086,219.21828240167724,29.323493874714423,synthetic_gaia
16.415619479524693,218.0629535734977,5.162751826654723,247.87377316402453,12.549018006698786,synthetic_gaia
10.125659637049775,217.8836768553341,12.73998822094649,1.210423043296367,1.7814569525042705,synthetic_gaia
17.628160019936388,224.14397734347764,5.226583409558417,183.8828750379302,-20.424783292565923,synthetic_gaia
19.719093813170524,229.52928890414333,8.042898284763659,135.6748338563186,3.3001245859512514,synthetic_gaia
24.95925506571064,219.61237172741147,13.796631381795635,285.25708145475636,-11.8501094465558,synthetic_gaia
13.326647091009958,224.99022255498707,11.904141716771218,14.000668559511622,24.4578284484888,synthetic_gaia
3.409993512789172,223.5763143658019,6.719966783661433,17.483647974508276,-24.09158534685734,synthetic_gaia
15.70473286681266,227.44581257175304,9.907845441119429,223.27527554131677,5.76726499995176,synthetic_gaia
4.737555449589878,235.34540338842154,12.219041809779858,212.98998764871502,-13.113590664755531,synthetic_gaia
7.6295960017905315,221.32284000337543,14.373433213395293,299.1924082792837,-0.14272778225208305,synthetic_gaia
9.561937960031957,234.69645101846612,11.343211992182038,213.21608009665002,9.991022854665848,synthetic_gaia
18.813687082413445,227.06992320295214,5.246754114329272,341.7734982929405,15.32953033173146,synthetic_gaia
6.227586849205513,236.7693379319833,9.997018596962835,113.17847120439195,-0.9103530139737191,synthetic_gaia
5.812317777374108,234.2849268483079,6.529616391708277,143.25170630572808,11.418248252722933,synthetic_gaia
3.0341775774730317,236.37205255813595,5.4777955047492135,351.96287994104995,-9.937051479181536,synthetic_gaia
22.08451853613926,223.80078040842167,10.985106346815844,38.708727613840125,3.6830757715983053,synthetic_gaia
17.950624760189395,228.1232211323876,12.769219025104245,286.52574715066066,15.03311121656797,synthetic_gaia
2.918768709205409,224.08198071112702,5.360605554964043,4.164737277758506,4.981492172099817,synthetic_gaia
2.6507230296766355,225.83800093834452,12.835892709655194,175.14476978520682,-7.94015544559959,synthetic_gaia
14.849508818926289,222.03901748722222,12.063878798115088,55.22484145272281,-4.185635513451485,synthetic_gaia
8.498291229594354,229.03946712314075,12.519868881683614,215.5902133421034,15.234840938219087,synthetic_gaia
15.724706059934363,227.11274332908192,7.4472837271570045,287.3411890948181,-16.37766925392236,synthetic_gaia
11.995896040662203,229.1259732407304,8.935954554934291,11.89522884624742,-14.164727010111791,synthetic_gaia
23.236188933135857,226.06291097407023,6.19750827207219,58.958181573028284,9.023831397176036,synthetic_gaia
8.619607344111461,235.35522190283208,7.388909502344665,123.33973721828488,-6.587153918126964,synthetic_gaia
17.62034347409455,219.62535978722195,8.0278967147743,92.08762770804263,-21.795872945245335,synthetic_gaia
3.2432491672277814,234.16584982073502,8.194366395367862,137.95916033025185,20.262280005628657,synthetic_gaia
23.984792286345282,215.77034708242502,6.750398880968119,342.67258793428266,-16.494004318198613,synthetic_gaia
24.5574217618921,218.7103762070496,6.887117980711434,36.43420587848658,-2.9914501997945777,synthetic_gaia
18.998716467377484,224.73475905313154,14.014703997921602,152.38155911967795,-9.29280965530647,synthetic_gaia
12.699886845962183,210.01901033891517,12.838936148156058,164.5528937787298,-4.465252283103312,synthetic_gaia
7.059849104527011,242.64381450786902,8.444777034914374,100.92313865849857,-13.269291864770102,synthetic_gaia
20.687875825703188,224.9021209959229,14.476435394809608,100.2623607675251,10.714188565401937,synthetic_gaia
18.936144234381512,220.18639347644452,7.389227127923239,257.31077822975544,1.6623528646036736,synthetic_gaia
7.104942909901828,240.1962594574625,9.068204534500506,222.42378335435376,14.754803928163373,synthetic_gaia
12.37795176561711,225.52662429405834,13.135253114345707,292.6195271039351,-9.137523173125835,synthetic_gaia
12.644375569786057,227.759862198024,9.428863702036267,145.8263600920988,31.995326549238165,synthetic_gaia
21.00744264937231,219.4347692921542,7.3462532290814595,218.4159697126823,-28.569731782559167,synthetic_gaia
17.72842773968376,232.17969184991435,8.685354676214883,321.69173064573044,-23.77702361883441,synthetic_gaia
16.79285350142127,223.9795430300823,10.007210723746816,306.47824981789876,26.29627271574643,synthetic_gaia
16.946030718955406,225.15615130435043,11.206443836603373,331.2084212999852,7.110625011695767,synthetic_gaia
8.220811825797014,235.8809033740041,9.056064995815234,96.83100811016097,5.120791245841128,synthetic_gaia
10.549358976079283,231.33234792725582,9.313043311199742,354.7516264315633,6.469129609770166,synthetic_gaia
3.050232565044241,232.821864321177,7.6394361280142515,293.90036956971,8.568109052256737,synthetic_gaia
20.09964612367885,227.98967603448804,10.353472984174116,286.13081017486917,4.496515806509259,synthetic_gaia
11.95895894890572,240.2180668040737,7.194562337695464,240.32829634511734,-14.488567374376585,synthetic_gaia
12.079482213014192,229.03737586086325,13.675262181080758,353.97647041394356,12.272863576091869,synthetic_gaia
7.643194093473415,230.80680413094194,12.473670702663014,158.96276209673294,9.910173173073481,synthetic_gaia
6.816827473566865,231.59261824711612,9.102789884141842,266.95414971446786,21.426467201097456,synthetic_gaia
15.519904380087672,231.85220726660282,12.472278470328478,251.57206367586772,26.46361615351748,synthetic_gaia
7.348719349684543,227.41106173128253,5.06995941809373,263.55200632094363,4.957141194648933,synthetic_gaia
3.4768035860056816,231.43540996018814,8.444892226423965,270.5273331009324,-18.41323526448275,synthetic_gaia
19.652670567560662,215.02986614964138,9.403011481467885,68.67212080363682,26.587843968032047,synthetic_gaia
10.658796991346417,222.41891256720862,9.697985075456973,125.65852909286482,-15.272249025044115,synthetic_gaia
10.745418429684003,225.69511346795764,12.48731477710339,141.21143849732576,5.069462905085712,synthetic_gaia
11.9203204748632,227.2701147329084,14.628074275617138,269.27993303278635,-3.851008896312825,synthetic_gaia
20.74603093838616,230.87914729235925,8.79997130442803,257.84927125894956,-6.459380252771892,synthetic_gaia
9.379248606615793,231.81793364549125,8.505998495278746,300.0118338848589,11.464501822972766,synthetic_gaia
19.43483285893023,218.29283691221966,11.105152265803962,283.866896840521,3.6668939890194845,synthetic_gaia
23.609531337929496,216.60414048697348,7.812536141915789,214.57219658018786,7.6986223690219635,synthetic_gaia
17.199968506270388,231.12376309973428,6.413503338151893,50.38145513547931,-12.235294352450554,synthetic_gaia
11.928664867071566,233.17763620122622,14.615408704921988,228.76389332365144,-2.611124480619906,synthetic_gaia
19.19916363237329,223.1412722808877,13.09529956809022,319.3413421094925,-11.543024697610504,synthetic_gaia
12.531639504281866,224.95509298212966,14.584995530241278,231.54277082030325,-2.9860738196619754,synthetic_gaia
11.531827235487238,233.41727215634367,7.178328786839167,322.42551428798697,-1.781433373011138,synthetic_gaia
14.081512762171714,221.23241889001923,5.178092149696706,359.6590865292838,27.664562598071942,synthetic_gaia
9.307613700613757,231.142893427404,9.372615757381064,129.31280388847185,-3.8908277170311094,synthetic_gaia
4.397754974440027,243.61469809544164,14.336089629915813,260.38428996522634,-31.88397486795969,synthetic_gaia
11.5415961271018,228.81328083181864,6.3832533887175895,194.38510773618194,20.926373059811795,synthetic_gaia
4.848708265973944,228.09150993745826,6.171855228345984,163.7898482549396,6.738890610390352,synthetic_gaia
11.440153891775275,229.90174733099815,5.68952784245842,86.35214832928601,-1.9651565183008401,synthetic_gaia
14.809475587909358,223.39403416247993,12.650179989319748,88.52925455853517,-6.558230502916424,synthetic_gaia
23.406357167729876,213.40044755140175,12.85926533833539,66.59002323358956,-14.203884840853286,synthetic_gaia
2.8331136140419826,236.7344841255843,11.953760556634641,227.33406233961892,29.070721456297377,synthetic_gaia
16.293543349544716,230.40570740928314,5.532918451223361,51.1391147915171,0.7776733299005495,synthetic_gaia
12.527909292951778,225.61552333154228,12.232883358152037,155.29912913413827,-26.06626715222212,synthetic_gaia
2.4660059486952006,231.57256791158414,9.486288084616872,188.39996613798988,4.916100499278627,synthetic_gaia
7.739608046590568,225.35491801527175,6.57894421936605,157.76441178802912,18.092575530522613,synthetic_gaia
4.725160804160436,231.29709649506188,7.951260104846021,307.77462485060994,2.3465200253024583,synthetic_gaia
6.986265351823229,227.8217422404945,10.011468399329608,159.5409695257897,-13.523902082929702,synthetic_gaia
8.315115599601118,224.74788931673302,8.296514722696811,29.81955346714894,-14.866114290369856,synthetic_gaia
11.230045713790515,237.44206558087896,14.697492267415925,357.19183482215306,-13.75978391578853,synthetic_gaia
14.167906050244477,228.47752280234474,9.747417417071993,304.19409278167655,22.82486995570427,synthetic_gaia
2.02276986030688,236.59774437745497,8.721505102521437,237.61565474615992,-1.0749608285523693,synthetic_gaia
5.722995294461038,235.840125785624,11.731654289680367,272.2765034910987,-25.180866220179453,synthetic_gaia
4.152026869002416,236.26016429067252,11.505450568559148,46.148651911743876,5.762008887666961,synthetic_gaia
14.642488183043106,223.7828951216145,5.024392804052674,275.7293258771429,2.1155517836032836,synthetic_gaia
9.568722019229206,230.38231185283908,11.18473698300743,74.78961901635425,-6.733432003249967,synthetic_gaia
14.613147928798515,224.5216301231976,7.437689747690337,176.03140664663127,-15.306101341332166,synthetic_gaia
7.10193595001759,232.7536081551223,8.752336415879217,64.07380415674209,-15.95842349659313,synthetic_gaia
2.5572751440144517,235.1101574647818,12.063488907348443,271.36258715958905,16.299507231995072,synthetic_gaia
23.651438729215677,218.3045494899192,10.573862210106958,88.53619698448088,3.712692837076464,synthetic_gaia
4.4910867873468625,225.5465771432992,8.68655144155097,91.15503065700938,7.179654969926762,synthetic_gaia
4.9177512031194865,232.65759078287786,6.674103518371241,39.32004576250766,3.6713821437018006,synthetic_gaia
5.370577009733232,230.62204192988023,10.054821872477532,259.4183245069938,4.915330573677328,synthetic_gaia
24.569360051845273,210.19228872905293,8.193660235072032,106.50406708111603,-7.025919951423615,synthetic_gaia
16.20618552390991,227.40944289199987,14.12927808408075,186.58080475270825,-3.0874403172116467,synthetic_gaia
16.03666888918856,229.80379250547102,10.343466402890506,119.60768065213414,17.473677081375644,synthetic_gaia
24.69405863492618,232.2079957292159,13.659639941704125,278.892453176004,21.218852517286685,synthetic_gaia
4.03409169331706,230.52270517507353,8.901810284835113,81.53411633784046,-18.331379816396257,synthetic_gaia
24.41352052847265,217.04799018695925,13.274371637879606,338.700420016701,-3.1238824966167402,synthetic_gaia
6.692302370742941,225.27020586608947,5.5653690217207865,115.68239096029475,12.58928038490497,synthetic_gaia
16.330644581926816,225.8365566687308,7.98119025568015,37.38658366467023,28.231195983235956,synthetic_gaia
11.661922001964209,228.72288965156415,5.781759330446993,86.50988381337568,26.729393719961248,synthetic_gaia
10.830891709975099,224.17421100733182,5.3165018071487395,26.61873446418307,-11.936367224197495,synthetic_gaia
23.41859655502764,219.48872774308853,14.188622453231188,168.74594315727293,19.125691773087386,synthetic_gaia
5.432237754125898,221.71152306922454,12.168687443996799,90.09043946044882,0.8795445316052456,synthetic_gaia
24.932587254753603,224.04901670494522,11.251100644684707,318.9765760001555,15.666249583136075,synthetic_gaia
10.719876405105616,224.44668094844818,10.32492809411833,186.1663032792527,11.824180212319298,synthetic_gaia
16.921822789436753,224.25057899953714,10.695540362168419,84.01264154254307,-18.959460638471448,synthetic_gaia
24.261854824117282,212.7028736284378,11.386903813864535,162.45731876577892,8.249609349407635,synthetic_gaia
3.32482415871642,230.01021690349438,13.265797947401033,70.55793797055276,15.085448867539334,synthetic_gaia
23.225880347279382,219.08586901536276,10.968885557955282,64.34257533297064,-0.3023288254174806,synthetic_gaia
15.059661863149895,225.53125710072715,12.485807631108823,108.23632924803984,-3.694746409599313,synthetic_gaia
18.201128216481404,226.02295744231168,7.809780518297349,38.98852731682083,-23.574958676596324,synthetic_gaia
5.431236229386013,238.80085277406485,14.767617378164722,67.91311328792064,10.254262748264013,synthetic_gaia
14.267910909113741,229.7461103956507,5.318972084370289,337.69687427835186,3.1312255172086654,synthetic_gaia
17.490815438680606,228.87906306655586,8.865765952773154,240.0489484910863,-13.832758720651285,synthetic_gaia
12.493688069916683,234.42196550601776,13.820495515037038,331.59695884461564,-4.887599953146,synthetic_gaia
5.564659096439304,234.37062747233892,6.805229626861902,92.46489892840215,2.3175487369165917,synthetic_gaia
7.6147387269682625,230.05725231754988,6.413380929336579,308.52480088833255,-8.379536835790057,synthetic_gaia
21.651034192850467,226.51366316074373,8.654307668999135,130.4182104674342,0.04015691264836753,synthetic_gaia
2.792832835153544,238.6195259078373,9.281947005168275,51.910193204094824,-26.248989708051738,synthetic_gaia
18.303827804138685,226.8029368122435,14.333940606617277,289.6945560015109,20.24132545277933,synthetic_gaia
24.985970839834117,212.11063023992315,13.361195347088211,21.47404747059005,0.23863927449427,synthetic_gaia
2.1721089104556324,229.43513116549198,9.640896376905141,145.74702201658786,-16.49030259735466,synthetic_gaia
5.704050704858618,230.06069778931095,14.72975100881603,294.95328066419165,-36.89563272581524,synthetic_gaia
17.505318920542095,227.95728077834067,11.422784041590644,222.18657316074334,15.437024115500884,synthetic_gaia
3.37978919546301,232.78089965748282,13.736587319818913,186.50365034388955,8.37137329085463,synthetic_gaia
15.565169628684755,230.95611214932484,7.460569804868254,127.30821174128907,3.1602857020357686,synthetic_gaia
17.73200238190429,230.49368165503122,9.889640742999827,27.02009893968728,12.954720018969065,synthetic_gaia
15.527366006623614,231.29124858924627,5.297172133564333,356.74991497292353,12.91347594445067,synthetic_gaia
10.399248169484546,234.5281727164736,5.088801932664488,62.91854162101743,2.9165710508029883,synthetic_gaia
18.037492807692697,218.54159747189846,12.054532209394644,91.91105099137577,-3.813213258867255,synthetic_gaia
15.66877184431787,227.6201950945802,6.182936224656007,84.9296744980624,-6.257123979228869,synthetic_gaia
6.775654958160154,227.72757044637282,10.478082371108176,326.8589064068531,6.314130358577991,synthetic_gaia
14.952117502457524,217.40959490416805,11.9600748221002,274.92782138047096,20.955470623190237,synthetic_gaia
22.28386599419533,219.63522809334876,5.322345862296393,164.63872779816117,-1.5435475697395624,synthetic_gaia
17.33716557088035,230.78795634633602,9.487413991456819,343.95229222266926,22.147161088750835,synthetic_gaia
12.851204670058484,229.27170713180575,11.841519369858398,19.002017083119025,5.59728710178618,synthetic_gaia
9.396434365997376,239.21627537928111,13.897309878548501,321.72133723979476,5.710364527749922,synthetic_gaia
3.9753828170641756,233.40153646567546,7.9923010060165645,21.7538408477373,36.07664200985959,synthetic_gaia
7.62642405345766,242.4724987345535,14.742165296843302,140.80705053644294,24.790173243276485,synthetic_gaia
2.2572953209981685,234.4767965519614,13.445414996596973,19.441756215536294,25.179138665823224,synthetic_gaia
24.69239610307418,219.67965391634732,11.506350720818544,359.6288370327667,-11.964204875502869,synthetic_gaia
7.1170917989610185,224.15486718604188,8.919255072461311,329.1802209002166,32.88273753234436,synthetic_gaia
20.742146681763572,227.5889720253616,12.111103761994986,210.5276238886432,-1.2332519117993506,synthetic_gaia
5.878832281514508,228.81510417935104,13.161932690703534,78.42404663936838,-3.4123676963025953,synthetic_gaia
8.522826440928199,226.43799527737625,8.032998748865573,99.63998107108893,-32.38872620119859,synthetic_gaia
11.620378342252435,234.1434163549051,14.928300649070293,161.8356117805633,4.894362368307344,synthetic_gaia
9.461330275256916,234.8777819219442,14.08619369754639,116.20086569724447,-16.250309371539593,synthetic_gaia
20.362068693476804,227.9339639026304,9.855014403429227,7.673005956578658,6.123807428204864,synthetic_gaia
24.026948384354732,218.1722015895034,12.228299157753952,236.25216292216845,-17.423476998565377,synthetic_gaia
22.131773123969516,220.9127624709928,10.240088946187818,220.83404547358845,26.96549756692206,synthetic_gaia
5.532290939798401,231.24304617414674,12.609305521970262,325.5518531587827,8.273609443150931,synthetic_gaia
19.86383955603368,226.49769118084095,13.269822038779814,171.66745443796214,34.19807363624365,synthetic_gaia
5.4027790060083625,239.39108646371594,5.2322255515704255,124.09522624741962,-15.345360472387691,synthetic_gaia
23.007765450928332,222.46087936916183,5.791320297006493,184.1461858503961,23.237688670619633,synthetic_gaia
13.911207240377303,236.179950901551,8.36467415876727,70.09019672250227,-27.040686255492403,synthetic_gaia
9.736765025304255,233.40049394935016,14.176136326323496,225.1945266569231,3.121132147114411,synthetic_gaia
5.611586438686434,230.3187615052489,8.982735831433896,277.2118378044582,-9.474346799129265,synthetic_gaia
2.271609028117106,237.72380138807168,13.875122152019243,55.24621681524917,-6.719348028755357,synthetic_gaia
7.702780808200349,238.71546338841864,9.62433912631753,114.6179583487185,-7.747446268632434,synthetic_gaia
23.022461455470175,230.6024065070378,7.888529203115734,312.4083525719035,-13.720742780269935,synthetic_gaia
20.337030422261233,228.22381270908213,14.006451830624952,181.99142950817588,-18.89532459976039,synthetic_gaia
24.30525527826655,219.93758771937343,10.606707689186775,191.46119280391682,-6.636402103972045,synthetic_gaia
4.31751498579158,231.21808686360066,8.604842950300412,260.06695093920655,1.7404259593030647,synthetic_gaia
15.620111100630398,228.11777807991297,5.444070036278168,208.04141347967754,17.45541534939028,synthetic_gaia
7.914460902707862,238.4233344121628,6.109331324482239,25.0487165065749,4.430255949315809,synthetic_gaia
14.48765923276537,228.1140585905939,6.393103276415305,289.42621627069286,17.498103019415794,synthetic_gaia
9.370462367959469,231.4161203793694,8.648362904106062,332.2209734094484,-22.172653079356504,synthetic_gaia
8.519707655597223,229.9321719868372,11.07332955744344,19.179803876692397,-6.494541085631129,synthetic_gaia
15.198441946565742,223.86151847024036,8.075901144219298,43.64991232471836,10.66507378704637,synthetic_gaia
6.2163177229994275,230.30412888990577,5.655276337648002,252.71107279469297,5.147861336870374,synthetic_gaia
12.790069050358687,227.68333676975348,7.648087373173338,217.61061570522918,-12.917626719887666,synthetic_gaia
16.9686820960128,232.98507367119112,9.086816508996101,137.7061196298285,14.011033382488531,synthetic_gaia
4.948187683204493,230.70881380534317,14.92269928672329,194.1295136185337,-7.969097729287218,synthetic_gaia
23.403668230168794,220.6357677357014,8.929869047509387,253.20188448038115,-11.660453420905814,synthetic_gaia
13.63166808744487,222.15331914331443,5.89195418747444,181.61152627713454,7.30421640745212,synthetic_gaia
20.849143353339873,225.55244073652835,10.811148144739334,50.46779686883372,0.092540480013537,synthetic_gaia
17.03982490428446,231.18350532841362,14.196400726262898,32.196970487984466,-7.84368502542915,synthetic_gaia
18.330021648118546,231.66622569970968,12.8669569886175,157.9891446678174,-8.353027878706575,synthetic_gaia
18.471011642835276,224.47244034670652,13.362183091872366,332.23851282558013,-16.04695199710047,synthetic_gaia
22.12729763241387,224.0422103961375,14.282317961023304,200.80050289505778,-5.936223690882971,synthetic_gaia
16.112925006079255,224.1616702603503,11.36543503385538,128.95922484642568,16.500141532311535,synthetic_gaia
8.39899448959196,232.39072184247763,14.949227306534986,327.1342210275728,3.668256944822464,synthetic_gaia
4.288721785905515,233.88937464630513,5.332815698796508,139.9075762244177,14.37891121166018,synthetic_gaia
15.943764247353254,225.32646928166167,13.348396761435623,183.29273313637506,7.7410280651205206,synthetic_gaia
3.5261144867233645,233.48494690718354,13.570106695222616,41.93975902633963,-9.18369310457729,synthetic_gaia
7.549749388859195,232.54101804893125,14.16700390761965,265.4643403869772,-24.737119121763648,synthetic_gaia
3.3962652458439693,231.4065720471197,9.78169457635849,252.1090645717376,-13.902815470556932,synthetic_gaia
14.624414547151042,224.64725694764044,12.877559236206,285.9278374293584,-10.068537166462797,synthetic_gaia
5.687776873685965,239.98194952230403,6.950803991211798,117.06887283399483,-11.228743054374895,synthetic_gaia
16.039368346969887,238.52812862737574,11.031302251782144,156.97915886382907,14.715298902895807,synthetic_gaia
20.189898009855156,216.3594790011703,8.586451523634615,60.6030161497914,14.558827002745533,synthetic_gaia
20.903256577752835,215.6381086170242,10.961736506619754,347.2217553947398,33.17819460414968,synthetic_gaia
9.11950068716543,224.51454793148088,11.755605071583002,30.98784506683775,-11.455817567885783,synthetic_gaia
14.625954251973408,225.34233651732384,8.470686667461788,233.64478932293062,23.961724590966224,synthetic_gaia
14.949247481986257,230.13562287894487,7.16238299302872,253.89266204346703,23.86900808496195,synthetic_gaia
12.876405189545832,229.90851146677522,8.216879088593348,56.78513051435267,-3.483956370582959,synthetic_gaia
17.067619502769592,225.19289349467135,11.639572451074425,131.51635409897634,7.103330954103521,synthetic_gaia
6.832003847941272,233.3746753298262,11.768742336728106,15.525564034493978,18.61099873711816,synthetic_gaia
24.52259451049627,216.212947647798,12.413169360240989,200.37897273119077,-0.8838693399339139,synthetic_gaia
4.255836023091446,231.11948862680475,6.265366085727059,358.1777314165047,-2.045876658219639,synthetic_gaia
