galaxy,r_kpc,g_bar,g_obs,log_g_bar,log_g_obs
G1,1,1e-11,1.1e-11,-11,-10.958607315
G1,2,2e-11,2.2e-11,-10.698970004,-10.657577319
