model,n_samples,n_features,intercept,coef_logSigmaHI_out,coef_logMbar,coef_logRd,R2,RMSE,MAE,AIC,BIC
linear_regression,5,3,-0.26666666666669936,0.039215686274508055,0.06862745098039615,0.10784313725489245,0.945280437756499,0.004338609156373088,0.003882352941176448,-46.40201453113367,-47.964262881397275
