n_total,n_deep,deep_frac,slope,intercept,stderr,r_value,p_value,delta_from_mond,verdict,log_g0_pred
3500,331,0.09457142857142857,1.0015130507528403,0.09298203867434829,0.006590688852302993,0.9929513887387952,8.43935063112383e-307,0.5015130507528403,⚠️  β = 1.002 — significant structural deviation above 0.5,0.18596407734869658
