galaxy_id,log_gbar,log_j,logVobs,logV_model,F3
DDO69,-10.778,1.463,1.5185,1.534314,-0.015814
DDO70,-10.505,1.6812,1.6812,1.652547,0.028653
DDO75,-10.5316,1.6628,1.6628,1.64198,0.02082
DDO210,-10.629,1.4713,1.5682,1.561914,0.006286
