group,n_galaxies,n_points,g0,g0_err,rms,log10_g0
0,44,442,1.170674264390183e-10,5.391272719015055e-11,0.0988234127969835,-9.931563928887627
1,44,447,1.157439107600294e-10,5.810132354932444e-11,0.10402443830033935,-9.936501847764701
2,43,451,1.2e-10,5.93192727900537e-11,0.1029449108845867,-9.920818753952375
3,44,397,1.1695520315394044e-10,6.545520171871657e-11,0.10017378430570247,-9.931980452343252
