xc,delta_rss,rss_global,rss_split,beta_global,beta_low,beta_high,n_low,n_high
10.3989898989899,0.05161069259653628,1.677841581244762,1.6262308886482257,0.07970522118178264,0.09223052162978672,0.24168855776534182,75,17
10.3989898989899,0.06557145087640737,1.6393843532751189,1.5738129023987115,0.07532764251333066,0.08264631071284718,0.2482843298110697,71,21
10.308080808080808,0.10211693227968621,1.4921288728933828,1.3900119406136966,0.06685362728228024,0.06387325045358466,0.29279797878465874,63,29
10.297979797979798,0.12777026250607615,1.8690459934672121,1.741275730961136,0.05373546839729821,0.04441441224971288,-0.18556777104522032,70,22
10.3989898989899,0.11926313665835742,1.4437564316882263,1.324493295029869,0.06775648317256172,0.06728947120034458,0.36120218684598376,66,26
10.186868686868687,0.07695836860415306,1.7395923761944214,1.6626340075902684,0.0728025187090487,0.06552450238024352,-0.08430393674551838,66,26
10.186868686868687,0.023232167698498785,1.9645074666420803,1.9412752989435815,0.06101678814135208,0.044108702382369525,0.02738074446859978,66,26
10.3989898989899,0.16790502369535631,2.080703852723736,1.9127988290283795,0.0826424046451344,0.08358110997653974,0.5332368231626247,74,18
10.3989898989899,0.10077059071061689,1.5427935481623842,1.4420229574517673,0.07143082895535821,0.06788377997394658,0.4175459116941458,76,16
9.5,0.09110086836455178,2.0213181163326333,1.9302172479680815,0.06706650408857563,0.031228333129617297,0.00647755839007419,46,46
10.186868686868687,0.04749728947331766,2.1195712264501516,2.072073936976834,0.07080481421843393,0.04274308363827464,0.0803230723035113,61,31
10.308080808080808,0.11261305858655102,1.8113048905472475,1.6986918319606965,0.05291566976428757,0.08711649616358945,0.11003492410932092,65,27
10.3989898989899,0.12601949361043863,1.9018385818941468,1.7758190882837082,0.05981077300719931,0.09107603752804865,0.13198103835370023,66,26
9.742424242424242,0.03143246740178274,1.5549822625914085,1.5235497951896257,0.07235832394093973,0.09883085405302552,0.10038181838315047,65,27
10.186868686868687,0.05237521300679404,1.9601443880463743,1.9077691750395802,0.03107256103068195,0.010833697857518426,-0.050324634116487146,64,28
10.186868686868687,0.057129359796734835,1.9522939057286166,1.8951645459318818,0.07458768617654786,0.05395304956467018,0.016579066925403067,59,33
10.186868686868687,0.08408038526731554,1.476207869100461,1.3921274838331454,0.0704547086035643,0.0787860428652052,-0.0687225182665924,51,41
10.287878787878787,0.1006513436533012,1.5271177309470914,1.4264663872937902,0.07453238942181786,0.07294760197461476,0.26556353254254506,66,26
10.186868686868687,0.26775598698489267,2.2408025529398,1.9730465659549075,0.0533770452182314,0.004290791216813767,-0.09760431031721167,70,22
10.3989898989899,0.041008898053162435,1.752892581110677,1.7118836830575146,0.04839854932052341,0.061715566843374106,0.1436574233440138,65,27
10.186868686868687,0.12277090805516622,2.2388430464957425,2.1160721384405763,0.03917057313608239,0.015692565960271184,-0.08393381384352852,62,30
10.186868686868687,0.2060024565313756,1.94280531626664,1.7368028597352645,0.09402517938254969,0.0720735512916192,-0.07924368502091313,67,25
10.3989898989899,0.06674715057038694,1.7271669735134085,1.6604198229430216,0.08595618822818431,0.09492833166179399,0.26431130965748906,75,17
10.3989898989899,0.11016708738740522,1.5330887375462623,1.422921650158857,0.026906899086896325,0.05670685895357443,-0.0005114008249121999,73,19
10.237373737373737,0.05722241555493213,1.6455277310993588,1.5883053155444267,0.06869780607276105,0.0483993123044387,-0.025788380248779465,66,26
10.166666666666666,0.06071473504005276,2.0722275871713975,2.011512852131345,0.04073088046527136,0.009171438408419181,0.014592902148128528,60,32
10.075757575757576,0.33013698981906425,1.7533757687124782,1.423238778893414,0.05611197322494851,0.020698118517958136,-0.18432628854178293,59,33
10.035353535353535,0.1725610611307149,1.6763425499112368,1.5037814887805219,0.07448296487992662,0.011778352356886856,0.01695818971975702,58,34
10.186868686868687,0.20038510023949607,2.3478086281745805,2.1474235279350844,0.07621863257334487,0.06520505691665585,-0.12378470454507232,55,37
10.3989898989899,0.08963625071756853,1.5717638243055587,1.4821275735879902,0.06963950890163258,0.07454140247588986,0.2802984785713405,71,21
9.722222222222221,0.06650649390657515,2.597039316614952,2.530532822708377,0.07485489590327145,0.11548079039562559,0.12597754514969003,51,41
9.5,0.024660630223649393,1.739280980287495,1.7146203500638455,0.07762043556938669,0.04765217310711772,0.06343083979865397,51,41
10.186868686868687,0.11725885608643294,1.4800125625902445,1.3627537065038116,0.07170909881505086,0.08111025316422363,-0.13114971435339087,67,25
10.075757575757576,0.02632011199228601,1.796259140887343,1.769939028895057,0.05879049986405593,0.041777102220314194,0.0032585598764327977,66,26
10.186868686868687,0.08803432173168813,1.8494164054859137,1.7613820837542256,0.0828495927568659,0.053341194490184866,0.01569426617960045,63,29
10.075757575757576,0.1395601228261958,1.7927074668025786,1.6531473439763829,0.047720372631053366,0.017158531927090666,-0.08562555435130838,65,27
10.186868686868687,0.28895142841169985,2.6728339251090905,2.3838824966973906,0.0723249479170154,0.02228066148998511,-0.08997297778670672,68,24
10.176767676767676,0.18237029841999441,2.07739312611541,1.8950228276954155,0.05983578671738908,0.05135274235934858,-0.15222723909762448,61,31
10.075757575757576,0.09143820245555578,1.8366735480948455,1.7452353456392897,0.05017466493315756,0.01740811197725398,-0.02799978028763129,58,34
10.308080808080808,0.07794167050302736,1.7535357963757519,1.6755941258727245,0.04404862002347917,0.05542002830707464,0.22502280672326838,68,24
10.035353535353535,0.19037598774679165,1.9814428084379887,1.791066820691197,0.05044892451630445,0.004732934481302237,-0.08252283314362842,58,34
10.186868686868687,0.07113561969531057,1.5800112964060211,1.5088756767107105,0.06845344829310615,0.062193257587216014,-0.05463528764693963,61,31
10.3989898989899,0.17789265687418432,1.9960769877303821,1.8181843308561978,0.0658751458132279,0.10762282437601971,0.1610562295244098,68,24
10.035353535353535,0.13006652179135858,1.8985509763168882,1.7684844545255296,0.03477227503390778,-0.0334503043206691,0.05743348636264621,53,39
10.075757575757576,0.046763838783878686,1.9006172072422602,1.8538533684583816,0.0690664177768449,0.03077003389219352,0.04533264040986829,58,34
9.722222222222221,0.10343545537652332,2.111746849782569,2.0083113944060456,0.07705716857063834,0.11946076611108802,0.12901633454502331,46,46
10.3989898989899,0.09587960264783502,1.3595258217852935,1.2636462191374584,0.07306632030489069,0.09558880108786995,0.20330182795905494,69,23
10.3989898989899,0.16207586520833117,1.6172032158628629,1.4551273506545317,0.0751569926346319,0.11799817350761796,0.008240855817849026,62,30
10.3989898989899,0.03448188529357332,1.7281551200297305,1.6936732347361572,0.027218716483993807,0.039755317520726495,0.10938760595356896,69,23
9.5,0.1062565250686438,1.8740547814881021,1.7677982564194583,0.07521000655134423,0.0487882334129518,-0.011246758118558341,43,49
10.287878787878787,0.1099707677955093,1.6795374317218401,1.5695666639263308,0.0378806969621373,0.02408667290509555,0.33517887623906656,65,27
10.3989898989899,0.0563138277596098,1.7131100168481272,1.6567961890885174,0.04911342909103346,0.07746357647571467,0.04398763055390734,65,27
10.075757575757576,0.03828223043308698,2.1693429016944985,2.1310606712614115,0.06438218865828803,0.04519371620450849,0.010119830559003127,55,37
9.782828282828284,0.023721285232876532,2.113776016511104,2.0900547312782276,0.07251516006721877,0.05112952159190267,0.044501147369109026,52,40
10.186868686868687,0.2638129916891945,1.927162170734064,1.6633491790448696,0.08579359541503379,0.07927323227949193,-0.24475279945895317,69,23
10.176767676767676,0.11563639171047324,1.5161161106373249,1.4004797189268516,0.05102160257862217,0.020880310245561803,-0.05770922224968042,63,29
10.3989898989899,0.19703887719618907,1.6009756442743053,1.4039367670781162,0.09972713949392716,0.1250356890942359,0.5142905522652078,64,28
10.308080808080808,0.1012537228901702,1.955451034990444,1.8541973121002737,0.04056485311185948,0.06403753884782484,0.1573006722300044,62,30
10.3989898989899,0.10221452130499564,1.9803633733618975,1.8781488520569019,0.044936275044364433,0.06762137734993988,0.20843668880920505,68,24
10.186868686868687,0.25852404798588857,2.4888730695775303,2.2303490215916417,0.07151993466749684,0.058833058945077954,-0.19084621393273885,56,36
10.075757575757576,0.2183676305584279,2.3219644884855506,2.1035968579271227,0.04929793008113398,0.008283514677604072,-0.11815655673634066,53,39
10.186868686868687,0.10263115556581126,1.9153907166332067,1.8127595610673954,0.07065810786833061,0.046708502232020804,-0.045881466445098426,63,29
10.186868686868687,0.3753768645622759,2.3516861785441026,1.9763093139818266,0.06810821887638405,-0.011332618989940315,0.045288624575876325,63,29
9.742424242424242,0.04946868795430648,1.9256388535427398,1.8761701655884333,0.061600434578253975,0.08069952578662382,0.11541708321487017,49,43
9.5,0.036690137247194166,1.8650182468958116,1.8283281096486175,0.07401021815749892,0.038433363018505126,0.05973924837498006,50,42
10.308080808080808,0.03002630434990783,1.9943309924246952,1.9643046880747874,0.04763408843746559,0.0565474356472866,0.13631819452057975,66,26
10.075757575757576,0.12712606555701456,1.7173759225841567,1.5902498570271422,0.07296769881110539,0.021959975885590042,0.025293551341131683,56,36
10.237373737373737,0.06752848744495132,2.0900437616224803,2.022515274177529,0.0747117110886406,0.06768793765458463,-0.05513465695671082,62,30
10.3989898989899,0.12905905087943337,2.273650408071318,2.1445913571918847,0.048431395974585734,0.0800933664770152,0.12536372630707118,61,31
10.035353535353535,0.08349073921832018,1.922044588723503,1.8385538495051827,0.062166674260701923,0.03848333105459693,-0.03067980223305669,53,39
9.722222222222221,0.06924873015160693,1.6347255976651762,1.5654768675135693,0.06613658309723604,0.09252353768449381,0.1319236336212594,57,35
10.3989898989899,0.11966649505884641,1.4967803197400014,1.377113824681155,0.051340172360519985,0.08029788457831626,0.07900583200335967,69,23
10.3989898989899,0.21976937203515368,1.848328619282177,1.6285592472470234,0.07327288866650848,0.12069605179661881,0.16387116769497428,64,28
10.3989898989899,0.1447757164669332,1.6528705064412519,1.5080947899743187,0.08135540206940425,0.11221680807027881,0.16508862653471823,64,28
10.186868686868687,0.05765365816485213,2.0480580308584013,1.9904043726935492,0.06545936665044125,0.053688495176200404,-0.019137642326964042,58,34
10.186868686868687,0.0690686341662754,1.9419133907809345,1.872844756614659,0.08326734416922801,0.04748415570623422,0.11396865257476131,60,32
10.308080808080808,0.11774757736336827,1.7711658640873598,1.6534182867239915,0.0562087605264673,0.08084639370717281,0.2218939841543366,70,22
10.3989898989899,0.06367770940867179,2.0098871446621227,1.946209435253451,0.05101332748744273,0.07119641756249284,0.1644025992869356,69,23
10.035353535353535,0.02855741731076633,1.4540967003584961,1.4255392830477298,0.07204082626916734,0.050754039647853744,0.018896614638563125,59,33
9.722222222222221,0.1565595762608636,2.566114063898638,2.4095544876377746,0.052608172432860235,0.06950509264319447,0.16682609934891887,52,40
10.186868686868687,0.01887874469616535,1.629111521717807,1.6102327770216416,0.030433755092703272,0.013668975587509045,0.003488530087893896,65,27
10.186868686868687,0.07897546247478293,1.6974709315531589,1.618495469078376,0.0629172312021421,0.05568722435237178,-0.08474661922248033,64,28
10.186868686868687,0.16107150985357355,1.7148869882263373,1.5538154783727638,0.0719323510052747,0.04541262559788773,-0.12954521868692348,64,28
10.3989898989899,0.11532764953059038,1.6429987704207778,1.5276711208901874,0.06600210562129909,0.07290295847564009,0.37748271902986796,70,22
10.186868686868687,0.18796512984755953,1.573291196927146,1.3853260670795864,0.09015254809490046,0.06980558948011875,-0.14611836640588807,67,25
10.3989898989899,0.044846472210257726,1.7828434068429257,1.737996934632668,0.054195635504396406,0.05323348741836863,0.2183990603683442,70,22
9.5,0.03388053462128493,1.7467448416333164,1.7128643070120315,0.05973231148141657,0.023039533691992107,0.034449293915874514,32,60
10.035353535353535,0.14031277059453018,1.6463668337985986,1.5060540632040684,0.03712184020797845,-0.012022209974587585,-0.044895753575496786,54,38
10.035353535353535,0.030195953419014154,1.6106623573526913,1.580466403933677,0.01856768349851709,-0.0020899002271065575,-0.03126122232039558,67,25
9.742424242424242,0.13802176655411635,1.5140385244613161,1.3760167579071998,0.08036974225513618,0.11971534299181806,0.19851930047287247,56,36
10.186868686868687,0.08137080185770129,2.558657130246627,2.4772863283889257,0.0622750053882613,0.0390332756927207,-0.02889571230534128,58,34
9.742424242424242,0.04371770932890362,1.4058905835658058,1.3621728742369021,0.04509556514398534,0.07078238550272616,0.0892125071055464,52,40
10.3989898989899,0.11236987840660695,1.7980167597865595,1.6856468813799526,0.08153646201090291,0.09168627057641462,0.40205565138895877,74,18
10.035353535353535,0.1167575364925415,1.7886678820928612,1.6719103456003197,0.07947287986999153,0.022780208625035207,0.12378091925333931,55,37
10.3989898989899,0.10955624602853486,1.8594500378643675,1.7498937918358326,0.05083128862803188,0.06965445649849902,0.2169731722645777,67,25
10.328282828282829,0.05739877486741718,1.6690429280204833,1.611644153153066,0.09188297689503555,0.07881796608655411,-0.064601744308695,75,17
10.3989898989899,0.07176103569970937,2.0647397675751167,1.9929787318754073,0.037625139038798286,0.055363141411701476,0.1912990584047858,73,19
10.176767676767676,0.11292902105652569,1.936218040514841,1.8232890194583153,0.06583518313991357,0.02809167694810502,-0.0683276315476966,55,37
9.742424242424242,0.15824341475478532,1.6640293431108164,1.505785928356031,0.07906656772660817,0.0664068423353525,0.2190127197036729,54,38
9.742424242424242,0.12366277716136453,1.8042273618522746,1.68056458469091,0.043755823836669254,0.05215976187316429,0.17475210366000016,52,40
9.51010101010101,0.044968730601181894,1.5239790209274162,1.4790102903262343,0.06418480745078461,0.08628380134867221,0.11940331713883566,44,48
10.035353535353535,0.11257691110767554,1.9165203300480966,1.803943418940421,0.08984815804019354,0.02497253025512933,0.10363877278993634,49,43
10.308080808080808,0.05667693610673408,1.6164189106456526,1.5597419745389185,0.05675404718808705,0.07353608978064327,0.15376357968226445,66,26
10.186868686868687,0.08379575306984144,2.168307712335899,2.0845119592660577,0.05740215423949182,0.05569623538352895,-0.09940111523981779,61,31
10.035353535353535,0.06153288577044713,1.9641082529393061,1.902575367168859,0.06239617553745816,0.024740295169634482,0.04648931751177931,59,33
9.722222222222221,0.13565454817102807,1.4131927876058117,1.2775382394347836,0.08000444151486678,0.07684534663193365,0.2094630876367753,48,44
9.722222222222221,0.08023659371834047,2.0450283382114023,1.9647917444930618,0.07207360850638285,0.08029230937843582,0.1515738136752515,39,53
10.186868686868687,0.08751512783371806,2.1062911971583707,2.0187760693246526,0.060767730497672014,0.05559487466412895,-0.06550259360961926,62,30
10.035353535353535,0.07003493465977861,1.5032988404787853,1.4332639058190066,0.0747058155036651,0.044614874335801996,0.0018298650280383008,49,43
10.47979797979798,0.02694352404843703,2.014906282205736,1.987962758157299,0.06247613357317176,0.05100382155851866,-0.013971368648413413,66,26
9.742424242424242,0.04033656290984067,1.5991923849150436,1.558855822005203,0.0810812771004181,0.10797885188604443,0.12368421087888956,60,32
10.3989898989899,0.07745187484949279,1.3879688989871366,1.3105170241376438,0.07668039964687937,0.10037025800144947,0.13249743138292708,72,20
10.3989898989899,0.09353878180227948,2.137578308999421,2.0440395271971417,0.07423111011171611,0.0973633446364321,0.17796285524589503,64,28
10.3989898989899,0.055884436544133775,1.6334365825970585,1.5775521460529247,0.06512118250376986,0.07781537618287618,0.19092156248099446,71,21
10.308080808080808,0.03375509379462205,1.623001711046168,1.589246617251546,0.06819991300249165,0.07270587802191998,0.20273045454301933,70,22
10.3989898989899,0.06194587137653085,1.8376243819014926,1.7756785105249617,0.05447979832299392,0.07086832430913932,0.15325857885477512,66,26
10.297979797979798,0.09724983848550561,1.4059092683189673,1.3086594298334617,0.07999688351239044,0.0856423646873425,0.29433604962574933,65,27
9.742424242424242,0.06910726831212632,1.5977229236071666,1.5286156552950403,0.07913524055025038,0.06734714554414062,0.18762751444700485,55,37
10.186868686868687,0.2563162710913236,1.7658563194913843,1.5095400484000607,0.055758237454603725,0.003127229860154898,-0.0889918711076954,62,30
10.176767676767676,0.11643927195347681,2.097729012421669,1.9812897404681924,0.049873403830441414,0.02111942990704427,-0.08533421445986393,62,30
9.5,0.015238863479684728,1.1954770039937963,1.1802381405141116,0.05060858556812308,0.06467287025077653,0.02261745537634327,48,44
9.742424242424242,0.11584236006860182,2.361738352267464,2.245895992198862,0.04341952160583412,0.09426816535497436,0.09855344543744818,47,45
9.782828282828284,0.049220522550868395,1.6109983627826923,1.5617778402318239,0.08615785719394826,0.09196634191350389,0.20426468601078027,64,28
10.075757575757576,0.08785105901725898,1.993318685328847,1.905467626311588,0.08425398339545445,0.056383564200640376,0.00033302026158061324,60,32
9.762626262626263,0.10806987146498992,1.982975840552022,1.874905969087032,0.04356198429248942,-0.010612968646795085,0.018637073447080904,64,28
10.186868686868687,0.10476051098187145,1.416579580983521,1.3118190700016497,0.07889251676083253,0.0384507786959142,0.034273009544143127,60,32
10.3989898989899,0.1528668053645612,1.711155066513984,1.5582882611494229,0.05598681573483434,0.09259864557502402,0.19563754437038935,67,25
10.3989898989899,0.08666803592710903,1.9542878027843162,1.8676197668572072,0.06823812644267643,0.08791419810890651,0.2650321411885177,65,27
10.075757575757576,0.12189062736790568,1.8054440796739741,1.6835534523060685,0.06400553911780153,0.057453249179584664,-0.07495226732772434,61,31
10.186868686868687,0.15293224369111091,1.9719612282943684,1.8190289846032575,0.03578379932838375,-0.017115256543653135,-0.05336150675466686,62,30
10.3989898989899,0.04545391713348046,2.2057731064552764,2.160319189321796,0.03425649603733775,0.047792246127123794,0.14762346629522602,71,21
10.3989898989899,0.059419061687386865,2.017338568012311,1.9579195063249242,0.07642560326260603,0.09921994198548229,0.11638563091488623,68,24
10.3989898989899,0.05383688578225532,1.8115094567410097,1.7576725709587544,0.04920306720842826,0.06473625939931363,0.1619074428245003,68,24
10.075757575757576,0.03808535592785933,1.5024754651685708,1.4643901092407114,0.050497463784880146,0.022454835465334125,0.019019055140545246,57,35
9.742424242424242,0.12016038213139701,2.062835519805667,1.9426751376742701,0.08165983259854245,0.10407713934136313,0.20012193309821705,44,48
10.3989898989899,0.02805410510492523,1.9347123868816165,1.9066582817766913,0.060158677493411264,0.06428039840535478,0.1895495367477804,69,23
10.3989898989899,0.10503283636611749,1.1617561888246617,1.0567233524585442,0.06044196368914443,0.08727872274826969,0.03528945720058948,73,19
10.308080808080808,0.1960477865682808,1.2197862496507215,1.0237384630824407,0.05770186833536056,0.10176034252271259,0.12585186390313513,66,26
10.3989898989899,0.13339700532414978,1.5333463032555998,1.39994929793145,0.0856175044360734,0.07980802116195755,0.4947515563903101,76,16
10.186868686868687,0.2596503036869007,2.3299991583843966,2.070348854697496,0.059947635263163844,-0.008485397704822492,0.059343535023472435,58,34
10.045454545454545,0.05306920457530673,1.7696001470209972,1.7165309424456905,0.07696711511965854,0.09090474713308803,-0.028752061002981534,59,33
10.035353535353535,0.04042020802384916,1.6814961931023864,1.6410759850785372,0.08481161923827968,0.0606705730254938,0.031073426543339895,48,44
10.3989898989899,0.17146423391520527,1.4120494605133473,1.240585226598142,0.09197575255960863,0.12629783693151142,0.19657682399204038,69,23
10.186868686868687,0.057560610648675015,1.2561839024373587,1.1986232917886837,0.05826819725688933,0.032215781469621445,-0.01327640119186452,61,31
9.722222222222221,0.08904469215627353,2.076223488019077,1.9871787958628033,0.08966152334734244,0.14216795927108053,0.11873652986151104,45,47
10.3989898989899,0.10520809445486634,1.5314537998588023,1.426245705403936,0.05503976691952975,0.07511123791375969,0.21143703156201646,67,25
10.075757575757576,0.055722660512811606,1.8417298524942238,1.7860071919814122,0.055632901285775124,0.03501362109972379,-0.031250452392121944,56,36
10.308080808080808,0.14657421373606816,1.6495047841066848,1.5029305703706166,0.06293104347933431,0.10063066252496154,0.06295323287666632,73,19
10.3989898989899,0.050750907502568054,1.7202577557610663,1.6695068482584983,0.07307533431683873,0.07441259911505027,0.22262186604834389,64,28
10.186868686868687,0.09439152444891974,1.528894830596224,1.4345033061473043,0.06372859612117264,0.04058291461063363,-0.06132892012885687,57,35
10.3989898989899,0.17602929543581602,1.7332293449114802,1.5572000494756641,0.07877316418601728,0.11391296367990592,0.1844006385778968,73,19
9.722222222222221,0.1276839482254799,1.9590423124330747,1.8313583642075948,0.05415258935395426,0.1186821954301717,0.02532898070030027,52,40
10.035353535353535,0.3705651306640978,2.243269301274123,1.8727041706100254,0.05178676414536032,0.01527061593263031,-0.21600637545961493,54,38
10.186868686868687,0.17113303920120781,1.710812976083587,1.5396799368823793,0.03348227877915293,-0.014896492470893485,-0.046471830174138744,64,28
10.035353535353535,0.06376830860517368,1.9632689040299052,1.8995005954247315,0.043720571043750926,0.021905555519072563,-0.04437340959537145,54,38
10.3989898989899,0.0579322962116946,1.871527369636137,1.8135950734244424,0.05573311324329603,0.07414746059110482,0.163353669054258,65,27
10.3989898989899,0.03295064012753257,2.029217831309715,1.9962671911821823,0.04661928597088926,0.0630286437214849,0.10527395576805058,66,26
10.176767676767676,0.06761430753672659,2.1195194335449026,2.051905126008176,0.06861275822110517,0.05368054476646522,-0.07129337666285335,66,26
10.3989898989899,0.1328927008981169,2.194957492890263,2.062064791992146,0.07533681479363259,0.06714844115320887,0.3349618365794141,67,25
10.308080808080808,0.08870735299040144,1.6293701574162354,1.540662804425834,0.03001564572283426,0.032560008830688054,0.24724733850467845,67,25
10.186868686868687,0.08567440996673703,2.3266128291816415,2.2409384192149044,0.06230833283324734,0.046778242169299995,-0.08416981181662204,59,33
9.742424242424242,0.12269273512677081,2.128052525473241,2.0053597903464704,0.0457554856616988,0.09424837570805743,0.12648958137225372,57,35
9.5,0.025066593015959482,1.6505251240133687,1.6254585309974092,0.05715463877825842,0.07111500493193681,0.10497780972813836,56,36
10.3989898989899,0.14802501705468307,2.233748580458713,2.08572356340403,0.04720208437716958,0.07561551895404538,0.2295284828759564,71,21
9.732323232323232,0.059983928777955775,2.0919685843167057,2.03198465553875,0.06583408274754698,0.07808793186744635,0.14900096848865613,52,40
10.237373737373737,0.022270575062872666,1.6474755350049364,1.6252049599420637,0.0490162292212425,0.047887602841004295,-0.030231676457198996,69,23
10.176767676767676,0.15658709575682073,1.8643392241475105,1.7077521283906898,0.091832918308666,0.09226170513254842,-0.1185181490074103,55,37
10.186868686868687,0.13765135356742642,2.031327814569275,1.8936764610018484,0.05951407585425595,0.03346604417440464,-0.08791029539853772,60,32
9.51010101010101,0.028752934791696383,2.236804133878476,2.2080511990867797,0.09783399918378266,0.12049301026315506,0.13578085395782874,41,51
9.722222222222221,0.0847110924429526,1.89883649959605,1.8141254071530974,0.05759339151802743,0.10404659362450151,0.0998590749970271,46,46
9.742424242424242,0.05708028102792184,1.933599499351842,1.87651921832392,0.06837659312904826,0.10398020034362353,0.10898252769628035,42,50
10.3989898989899,0.06838441886531155,2.068198157079405,1.9998137382140933,0.061411960920812865,0.061971063949679966,0.29056091394847977,73,19
9.742424242424242,0.14644290627996037,2.116358859503062,1.9699159532231016,0.03953332401025547,0.10023928102609549,0.09860412337078789,49,43
10.075757575757576,0.16357398407819357,1.8112924164385356,1.647718432360342,0.06404194193567474,0.036284149782810304,-0.08863460848843151,52,40
9.742424242424242,0.04236240693894988,1.5604750591424759,1.518112652203526,0.07618376346493169,0.1078482258249996,0.11865259788202598,45,47
10.035353535353535,0.20168109651368926,2.1928107426785237,1.9911296461648345,0.048255229384471666,-0.030774833001330444,0.06719925805670948,56,36
10.3989898989899,0.22847187653546053,1.6617791387580068,1.4333072622225462,0.08054148756246225,0.12457971399598686,0.07027997541994435,71,21
10.035353535353535,0.12424688669209405,1.9767275027387246,1.8524806160466305,0.027029401042618476,-0.03382989382951168,0.0697593684388456,54,38
9.5,0.053465137999574974,2.086850012504448,2.033384874504873,0.06642154931847176,0.016809661659287066,0.06835089293380865,45,47
10.3989898989899,0.05526921156015785,2.073878980056679,2.018609768496521,0.06057458013938628,0.07848734783512283,0.19404865446391534,67,25
10.237373737373737,0.13276631251810822,1.795567507036598,1.6628011945184897,0.06114595230520685,0.03403221288523058,-0.0933415994220103,61,31
10.237373737373737,0.13493397871071156,1.7543444017418897,1.619410423031178,0.04553982753287946,0.06324720113731293,0.4547509269540101,74,18
9.742424242424242,0.052137562506319624,1.7214178259480624,1.6692802634417427,0.021536569900612302,0.016247258193361647,0.11139458622390538,55,37
10.035353535353535,0.09071495285401987,2.0006177661250413,1.9099028132710214,0.08697081007013965,0.03718265099817964,0.09225364641806919,52,40
10.176767676767676,0.1019192338923669,2.2090820104193365,2.1071627765269696,0.06669123919031227,0.06549927086984215,-0.1030210808380412,62,30
10.287878787878787,0.1369785494436322,1.6878038250835237,1.5508252756398915,0.07198136629592741,0.11804867466346551,0.08431052425281234,64,28
10.186868686868687,0.2845168731264258,2.074585897424993,1.790069024298567,0.043491001892982724,0.027293745344544547,-0.2314830784003037,63,29
9.51010101010101,0.04431350365505371,1.6943792869054761,1.6500657832504224,0.05348612710232164,0.05827910296548696,0.11021454597343242,44,48
10.308080808080808,0.1328885356758862,1.3537727332454024,1.2208841975695162,0.0696023442021696,0.0676110156106114,0.288199813961663,63,29
10.075757575757576,0.1082221996571402,2.0678650209660576,1.9596428213089174,0.08480749542406449,0.028343800116021136,0.1179526554029668,52,40
9.742424242424242,0.048636461902997086,1.6030246235285912,1.5543881616255941,0.05345599510288159,0.04328625892253281,0.15601515032806648,56,36
10.186868686868687,0.0767810300029792,1.6947889715169873,1.618007941514008,0.08277831866698465,0.05433929632791026,0.04312088494770962,65,27
9.51010101010101,0.05240329629984686,1.3368589955720016,1.2844556992721547,0.03323821444577597,0.05141349067665627,0.10949349211465469,50,42
10.3989898989899,0.09178577405510113,2.155767300865657,2.0639815268105557,0.08882669616005813,0.08209474670918356,0.2837832190672659,58,34
10.176767676767676,0.12196972092406044,1.7264277041139333,1.6044579831898729,0.07331060978381511,0.0539460339209427,-0.15061766975882754,70,22
9.742424242424242,0.04103624264268113,1.7435958541147132,1.702559611472032,0.07534109111325968,0.10347553574113018,0.11258845000535635,46,46
9.722222222222221,0.1728936898592408,1.8799254144006061,1.7070317245413653,0.07440162323283293,0.16178409680253333,0.09716413941641278,53,39
9.732323232323232,0.2143627536277637,2.223978300539958,2.0096155469121944,0.0648150011323515,0.10751289759407695,0.20150526600055133,41,51
10.186868686868687,0.15627770256554285,1.90025162208895,1.7439739195234072,0.0676520256460723,0.01030383959467811,0.0011045410758173074,53,39
10.035353535353535,0.11361474204297006,1.8285866904279258,1.7149719483849557,0.06577271669554423,0.01384821948222641,0.01680292610349245,55,37
10.47979797979798,0.014689900231963815,1.6316600106598145,1.6169701104278507,0.08506630627121566,0.07391555582264672,0.04583407513099118,67,25
10.237373737373737,0.05158353442003816,1.7160905353693223,1.6645070009492842,0.05684999323496151,0.04630084494828807,-0.08175312083945811,70,22
10.186868686868687,0.05855816925277946,1.8650539467522,1.8064957774994206,0.09840401586359758,0.08681114021921153,-0.013387685563463292,66,26
10.035353535353535,0.027803879246351304,1.8258561549475079,1.7980522757011566,0.05599316444519668,0.028804751999580165,0.03909930154810884,51,41
10.308080808080808,0.05147152533514543,1.6744740054387486,1.6230024801036032,0.07196069604832686,0.08971416644604929,0.15685987236795917,64,28
10.166666666666666,0.07156741999193672,2.4004315208624862,2.3288641008705495,0.06588804134596134,0.051649760678810996,-0.06696340269601779,61,31
10.075757575757576,0.06256224011609568,1.4719369844372088,1.409374744321113,0.05006911783101309,0.0293501435605366,-0.05506521227552545,63,29
10.176767676767676,0.15317979131943527,1.9020024298337115,1.7488226385142762,0.037468604465141914,0.019394239396557093,-0.13970192746380258,61,31
10.186868686868687,0.16410535215969535,2.137349667509578,1.9732443153498829,0.05889657312119971,0.01984614910499974,-0.05567032885786827,57,35
10.045454545454545,0.021299940192197164,1.7616261082549267,1.7403261680627296,0.08130680324645856,0.0934310984988024,0.14081081343279064,53,39
10.186868686868687,0.1046117148867558,1.9974055074359265,1.8927937925491707,0.05260888577494941,0.034122888653801024,-0.07920080892724479,61,31
9.762626262626263,0.07420726860748328,1.5226189362850302,1.448411667677547,0.061326662591449387,0.01988388598901733,0.01161168948323418,45,47
10.176767676767676,0.10887056953203711,1.687440554321819,1.5785699847897818,0.04880786350137019,0.032485261086183145,-0.10472514518573114,65,27
10.328282828282829,0.09718756508393445,2.065757548994136,1.9685699839102015,0.06163623502434456,0.06010560766909038,-0.10489127001254472,61,31
10.186868686868687,0.14430877385938157,2.0481602308393194,1.9038514569799379,0.06292919069847969,0.05677017549405503,-0.10780334755144962,61,31
9.5,0.10187263941579916,1.9608737578416178,1.8590011184258186,0.05917317503135665,-0.01636096254534868,0.07066503202181912,46,46
9.742424242424242,0.06801233390540884,1.9644823207432596,1.8964699868378507,0.0653518246759084,0.06081164726591419,0.15549131538688044,50,42
10.075757575757576,0.06217020389665384,1.8453518256405606,1.7831816217439067,0.05287398677882437,0.02183944229360555,-0.0028587252432828027,64,28
10.186868686868687,0.09279449445731536,1.9287454945663425,1.8359510001090271,0.03685133987006317,0.027197203021464132,-0.16638022639102876,66,26
10.3989898989899,0.03046397557991809,1.749871282820116,1.7194073072401979,0.06426256118406762,0.07353736186015514,0.17818802830363342,70,22
9.742424242424242,0.19449169346012196,2.0484021110740604,1.8539104176139385,0.09862995859126324,0.121969365056708,0.24329333958720212,54,38
10.035353535353535,0.06538777701514475,1.778179426980391,1.7127916499652462,0.060466818584887144,0.016704901587926046,0.034946628981998296,58,34
10.186868686868687,0.06152477293833769,1.952917036674262,1.8913922637359244,0.07641282739306222,0.09328278777729543,-0.027878223664867707,61,31
10.308080808080808,0.023706132494668575,1.786868993292604,1.7631628607979355,0.07745797780066689,0.07921558900915958,0.17162019788735372,66,26
10.186868686868687,0.08708354907002946,1.686308577848073,1.5992250287780436,0.045240489583972095,0.04390594486844005,-0.10633669749985182,65,27
10.186868686868687,0.21029231640056212,2.370269322308546,2.159977005907984,0.05220693412233395,0.040019930116624844,-0.1796846927782008,60,32
10.186868686868687,0.12958542857846145,1.5584726589844382,1.4288872304059768,0.0950885358068453,0.06484282008359375,-0.03951037642441859,62,30
10.3989898989899,0.09977274301120542,1.843457227931832,1.7436844849206266,0.08474969775855365,0.10548587809476641,0.3223868553169518,66,26
10.3989898989899,0.06227290804117924,1.714932589258079,1.6526596812168997,0.06579779936315135,0.08890237880239954,0.1356337712755837,67,25
10.035353535353535,0.14308993982844043,1.8684755770425512,1.7253856372141108,0.044181215320298665,-0.00041004999564613184,-0.02457577846909816,62,30
9.51010101010101,0.07242477173685935,1.7180431000847975,1.6456183283479382,0.06793197935496867,0.075993651206886,0.16061074516452603,48,44
10.035353535353535,0.07419689482787017,1.4375188692322314,1.3633219744043612,0.06136938225856183,0.010578226460216427,0.07502659495113666,48,44
10.308080808080808,0.02984467543350533,1.3760765993980328,1.3462319239645275,0.05289563176720078,0.06611786405831342,0.14753850989475487,66,26
10.3989898989899,0.03694667624246706,1.6921994481684999,1.6552527719260328,0.046958749601537245,0.05817862680479586,0.17931939426265114,72,20
10.186868686868687,0.13372798204607372,1.8605140839252838,1.7267861018792101,0.06968099086395996,0.06876693329674242,-0.08720530853466305,52,40
10.186868686868687,0.0716624932853509,1.5710802589894344,1.4994177657040835,0.07212622799825281,0.05080890515774032,0.0002460845618415591,65,27
9.742424242424242,0.09428466380636502,1.9665195294739544,1.8722348656675893,0.055851333278575235,0.0771562789628713,0.1503968864646713,53,39
10.186868686868687,0.08744096096060483,2.0090685169215994,1.9216275559609945,0.09541057537342425,0.06817395520929741,0.0053413154161017,67,25
10.3989898989899,0.09754629846919016,2.2126259794969316,2.1150796810277415,0.0516998672368172,0.08204625472334555,0.08118377484465338,68,24
10.3989898989899,0.1396732253761368,2.032116867828726,1.8924436424525892,0.05686636079478898,0.07847869545842373,0.26851812854489154,73,19
10.3989898989899,0.06475583264757945,1.3934397563110306,1.3286839236634511,0.07003364155597881,0.09358228114009752,0.08861386198198656,70,22
10.186868686868687,0.10864264455134287,1.5964342544592312,1.4877916099078883,0.05687510656497559,0.018956130826070273,-0.03267720358243643,66,26
9.742424242424242,0.07291264433909506,1.5698463023196643,1.4969336579805692,0.08218131162164083,0.11755939996975184,0.13829752517542585,56,36
10.035353535353535,0.2240274554125592,2.09712788313353,1.8731004277209706,0.04792506705480424,-0.001439708065535994,-0.1216813504604801,59,33
10.166666666666666,0.18474891339496047,1.8946807844025249,1.7099318710075644,0.07072016481499284,0.08540404821267747,-0.11106441215023474,63,29
9.51010101010101,0.03267428491506896,1.503244318982178,1.470570034067109,0.058863389237781075,0.05288827624813031,0.11610900037806428,52,40
10.308080808080808,0.04408654023903624,1.6076971239545745,1.5636105837155383,0.07368786977590991,0.09565822707628598,0.1129703187175328,64,28
10.3989898989899,0.12716317760828044,2.164762564006581,2.0375993863983006,0.07124902770914758,0.08611098249387332,0.27822113137925797,68,24
10.3989898989899,0.04423641567811565,1.985090209839827,1.9408537941617114,0.04422495194152746,0.06101313411148682,0.1287862377171429,68,24
9.762626262626263,0.043697606684854895,1.4848606205537045,1.4411630138688496,0.051336634486874845,0.013364904366771721,0.05105346461991889,58,34
9.722222222222221,0.07087262728986765,2.133819557064725,2.0629469297748573,0.0767540823464994,0.13955164819663113,0.06933482896153081,49,43
9.742424242424242,0.0665233752814034,1.5896189622999786,1.5230955870185752,0.06328583708226045,0.07872263808815891,0.176291988660678,51,41
10.035353535353535,0.11721882811930318,1.936481308641284,1.8192624805219808,0.0774981247493143,0.017769740051960345,0.08967651052106748,56,36
10.075757575757576,0.0832703891963209,1.5429716131403832,1.4597012239440623,0.08185214902197802,0.04450126924861647,0.03643434450385799,64,28
9.782828282828284,0.13442229376706138,1.8266107028944827,1.6921884091274213,0.0795163826468898,0.019518490595862553,0.03139215038977764,55,37
10.3989898989899,0.03749033967657889,1.5919420771530626,1.5544517374764837,0.07119103888011155,0.08428727505465383,0.20012419500856848,67,25
10.186868686868687,0.061701091359794624,2.0766828359023677,2.014981744542573,0.08221661492428123,0.08091371546669977,-0.03325975328655819,61,31
10.176767676767676,0.11535157530015061,2.148654026827915,2.0333024515277645,0.06786094725100779,0.045404804938334535,-0.05848305206040561,61,31
10.237373737373737,0.07054396822414066,1.6895438927334647,1.618999924509324,0.07090409375097805,0.03180055976100631,0.08844421702639547,56,36
10.308080808080808,0.06939265439750675,2.047814854319537,1.9784221999220304,0.041824325073628765,0.041492066143601965,0.2343525521727264,74,18
10.237373737373737,0.07711000704943394,1.7319111517865298,1.6548011447370958,0.05709953703863593,0.047809146561108296,-0.09551312354129193,65,27
10.308080808080808,0.08854130883627409,1.8853791388784593,1.7968378300421852,0.0853866145001925,0.10769379071005204,0.16616570469589445,70,22
9.722222222222221,0.1111957247572366,1.4225285578783258,1.3113328331210892,0.09119638867840661,0.14487769353805985,0.15337432500422335,54,38
10.308080808080808,0.11020693361604672,1.7053789755475826,1.5951720419315358,0.04784416940482286,0.04240720639963991,0.3733784219022539,65,27
9.5,0.0940770357414289,1.4905570865125408,1.396480050771112,0.06285862796561219,0.03011403902831696,-0.013705925030444405,48,44
9.742424242424242,0.09105117592022616,1.8357930207626263,1.7447418448424001,0.039129913417281004,0.07906153261304855,0.10250514577874756,47,45
10.176767676767676,0.29907015762753164,1.8335875525941503,1.5345173949666187,0.11308185685527855,0.0710882503643721,-0.08504033188479647,64,28
10.237373737373737,0.02520587591739698,1.8159057971935395,1.7906999212761425,0.050401054281889464,0.03370510337476401,-0.008116070962143944,63,29
10.186868686868687,0.23396682046425665,2.0082614046120035,1.7742945841477469,0.0758657113343588,0.03426867892240725,-0.15714731086182201,67,25
10.328282828282829,0.08263099590151968,1.9522400093632672,1.8696090134617476,0.05613362338861389,0.053941496185487714,-0.1618404244554381,73,19
9.5,0.14484983003980734,1.6666001700978768,1.5217503400580694,0.0695370272251227,0.022175386881329105,-0.012527062702216664,47,45
10.035353535353535,0.08421387467795638,1.8184374286905118,1.7342235540125555,0.06750628971815112,0.02384683555168784,0.025219824419093942,53,39
10.3989898989899,0.05188028934766886,2.041330084061971,1.9894497947143022,0.03411797505182597,0.04290318275919693,0.22569919101594105,67,25
10.176767676767676,0.053880745090114424,1.989560064158169,1.9356793190680546,0.08062459253855017,0.07267439363686562,-0.04067521168023509,71,21
10.3989898989899,0.29303661384442403,2.2375561276007305,1.9445195137563065,0.0725386478365299,0.08420053274954638,0.7685929610508959,71,21
10.308080808080808,0.057656250631151984,1.4881824667008772,1.4305262160697252,0.07654766520001405,0.06567662076059652,0.23206982682276647,65,27
9.5,0.10694396209271329,1.7411898607958651,1.6342458987031518,0.03942162075933585,-0.028538658896750897,0.038256911424312486,49,43
10.308080808080808,0.11400142761692167,1.4288265941932683,1.3148251665763466,0.07804555136101304,0.09403039990363748,0.2537323472337668,68,24
10.176767676767676,0.1709736165308191,2.1252199719261538,1.9542463553953346,0.06939040851770518,0.0633619251119018,-0.15700667507413119,66,26
9.742424242424242,0.11543114779399222,1.9319154846658828,1.8164843368718906,0.04343421991825236,-0.004855509311409656,0.1438273339734606,54,38
10.308080808080808,0.024919518927607465,1.7339420208188085,1.709022501891201,0.07925878513711587,0.0836119804049044,0.19243951570555864,61,31
9.722222222222221,0.04309265107902416,2.0138618450181607,1.9707691939391365,0.04489630437541326,0.06585984723011629,0.10059777907858633,50,42
10.035353535353535,0.0669078820453679,1.551946060795285,1.4850381787499172,0.03790186534081658,-0.011121817814104741,0.03398153106106965,52,40
9.762626262626263,0.0520673211486824,1.6162611013488108,1.5641937802001284,0.04361005334634841,0.0016747427700628966,0.04675409566123422,54,38
10.186868686868687,0.18165604799348856,1.6339479901565424,1.4522919421630538,0.06876546881619654,0.04978468482411654,-0.10673290087724446,60,32
10.035353535353535,0.13478468870719573,1.7248805608945748,1.590095872187379,0.06769773427143794,0.007310071010947349,0.10576499585341632,62,30
10.166666666666666,0.22889101871349649,1.558922867713985,1.3300318490004885,0.04511051891888891,-0.008279077553201388,-0.116741056270823,59,33
10.176767676767676,0.182079282554233,2.024796058922132,1.8427167763678989,0.05206720389722202,0.04858575524363836,-0.27040244210300884,76,16
10.186868686868687,0.13926183939197956,1.4392906914599743,1.3000288520679948,0.08084207792064774,0.06606550860109604,-0.07925525947145823,55,37
10.035353535353535,0.036289862143694895,1.1775441711022596,1.1412543089585647,0.053901621353570794,0.0265728919280329,-0.003023892268619481,45,47
10.186868686868687,0.14793303534418767,1.6818996605807037,1.533966625236516,0.07972498576767445,0.06097721161347392,-0.08580074310402731,60,32
10.075757575757576,0.17292541935737193,2.0681167963711697,1.8951913770137978,0.0813990761360424,0.025505512710876446,-0.003876470168914333,57,35
9.732323232323232,0.11224130026140777,2.1280279055461424,2.0157866052847346,0.06968352193548204,0.07980576164458687,0.17223674168378103,43,49
10.308080808080808,0.10907365604902886,1.858322493713917,1.749248837664888,0.06587381684850796,0.04739138586382433,0.28808129531193855,69,23
9.5,0.08359289279195425,1.67677887298266,1.5931859801907058,0.06335370602814452,0.02260255185547268,0.0005296808946239247,47,45
10.186868686868687,0.055675726912859824,1.9591699600694341,1.9034942331565743,0.0743084507733006,0.047291025068531264,0.05534577897597086,65,27
10.237373737373737,0.08488195067783977,2.2527422290020156,2.167860278324176,0.04919111533428687,0.044050135211067376,-0.10222676776628782,57,35
10.166666666666666,0.04783470628906228,2.09295921755762,2.0451245112685577,0.06521765611334644,0.03937737034542082,0.033783861095864835,55,37
10.186868686868687,0.43005340732506614,2.1309466619391815,1.7008932546141153,0.07353782941914791,0.014643781916941885,-0.17879490930614833,71,21
10.186868686868687,0.11081157504019967,1.7697972676223641,1.6589856925821644,0.049543510601534946,0.042221913444227835,-0.12476308781728335,67,25
9.742424242424242,0.16155695074203802,1.347378829032874,1.185821878290836,0.09000841112101474,0.07194219824590399,0.2507020558970613,51,41
10.308080808080808,0.16777707439790968,1.728190519672513,1.5604134452746032,0.061351544185535574,0.1002440880928453,0.28586878420634637,64,28
10.3989898989899,0.12846649636545182,1.6422853498562142,1.5138188534907624,0.048839231755325195,0.0761572313774162,0.1543756369503782,78,14
10.328282828282829,0.06403025242159632,2.1375266822751584,2.073496429853562,0.08469874959773371,0.056772187988412555,0.025203432329902006,62,30
9.722222222222221,0.2962714730671274,1.677793873434433,1.3815224003673057,0.058185917461673745,0.17025079202995,0.010615837961072749,52,40
10.186868686868687,0.014586208944689538,2.0333332418789847,2.018747032934295,0.06926275618816294,0.05766267268815702,0.026675174654814515,64,28
10.297979797979798,0.1586080125419742,1.7292445546640554,1.5706365421220811,0.052037182796845896,0.09551049037634358,0.05717550281063464,64,28
10.3989898989899,0.11506962780754915,1.7579976849566656,1.6429280571491165,0.08461595939478567,0.11214711027757762,0.1933729732116741,69,23
10.075757575757576,0.11029555155271509,1.991669669500926,1.8813741179482109,0.05839675175680805,0.044740095293086056,-0.09073377156425412,55,37
10.328282828282829,0.1426272497278489,1.7631959595448174,1.6205687098169685,0.06315949306600716,0.06703445918640692,-0.23737203813574498,71,21
10.186868686868687,0.036784133963589705,1.9942361967025997,1.95745206273901,0.07344317875464754,0.05797378731807637,0.0010843443289255809,67,25
10.186868686868687,0.04317722275165825,1.4554287050088301,1.412251482257172,0.05958906917940827,0.03828993221712024,0.016346375694159084,58,34
10.237373737373737,0.12316169780383213,2.0398709845491303,1.9167092867452982,0.05670235301266486,0.054867591243387456,0.2944164006951176,67,25
9.742424242424242,0.1001383583950155,2.0337583743673213,1.9336200159723058,0.09189355937246846,0.1057953609104097,0.19932218568593768,52,40
10.035353535353535,0.0819517982857092,2.2024352111241137,2.1204834128384045,0.07082367858756074,0.021266139346897132,0.07859240479072399,51,41
10.186868686868687,0.08603521043019802,1.3885869236374688,1.3025517132072708,0.062980905746409,0.04124878086225263,-0.041061642194339255,64,28
10.186868686868687,0.03124016613347269,1.7514705678610338,1.7202304017275611,0.07422594889570062,0.05219905005540279,0.049228515362364125,55,37
10.308080808080808,0.046795157121744646,1.858298514666198,1.8115033575444535,0.07892629007069352,0.09512478916968686,0.16581281632511827,70,22
10.237373737373737,0.07805772694768187,1.7077117835605788,1.629654056612897,0.059573782917945156,0.03797625658559838,-0.0452367647511507,63,29
10.3989898989899,0.07908647824670623,1.7590113726039471,1.679924894357241,0.08493037096553427,0.10138356150821978,0.24255538319671735,67,25
10.186868686868687,0.1643151169437329,1.538578831938181,1.374263714994448,0.07487309715437719,0.0642724143646885,-0.14790087687160172,68,24
9.722222222222221,0.141813800255419,1.5961589317630367,1.4543451315076177,0.06613023022537207,0.15937779030851462,0.03903546512696595,43,49
10.3989898989899,0.04293666855452982,1.56278430507009,1.5198476365155602,0.046893001225021505,0.058107874775901014,0.1518990813111069,70,22
9.5,0.0749278091291874,1.5511960733550438,1.4762682642258564,0.06951219505041627,0.028217015891460563,0.008894069662358749,47,45
10.186868686868687,0.37964740959833243,1.9700002156088918,1.5903528060105594,0.0564117012784916,0.002102606880841715,-0.19694989169362856,61,31
9.5,0.024018522773029627,1.6956783711878336,1.671659848414804,0.06608466399882465,0.049841350968817554,0.03011940654249337,45,47
9.5,0.06234665436346298,1.7082340367817677,1.6458873824183047,0.074924923828813,0.031235457273493653,0.04435470822230206,46,46
10.3989898989899,0.07219087946939196,1.4779170005644224,1.4057261210950305,0.05801360793508645,0.07590596075941188,0.18058883760700506,77,15
10.308080808080808,0.1034278430068043,2.284848873157408,2.1814210301506036,0.06374910786130336,0.08490041210646426,0.23438123532137944,66,26
10.297979797979798,0.2085547613409151,1.4663509772544399,1.2577962159135248,0.06994062711097868,0.07255357703928463,-0.1692158633238448,66,26
9.762626262626263,0.16605965828070435,1.8915643536825963,1.725504695401892,0.030323583624034076,-0.04262900943353055,0.0007410491868643892,52,40
10.237373737373737,0.0346672188502255,1.411761748165364,1.3770945293151384,0.05692416837270081,0.05077976574582391,-0.04141579274484643,64,28
10.176767676767676,0.32850363836498486,2.1813410137254676,1.8528373753604828,0.06038057343198193,-0.00891462530989419,-0.06453571709914252,64,28
10.035353535353535,0.04297725017642118,1.9306097833243314,1.8876325331479102,0.048138111333004385,0.010974955551394473,0.04924335725724791,56,36
10.035353535353535,0.045817270132613386,1.5818290517737914,1.536011781641178,0.051690830909475134,0.024124960611075476,-0.005089829309004723,50,42
9.742424242424242,0.06534407420974375,1.9012828351331357,1.835938760923392,0.06888073555780089,0.052135649254493245,0.1641617797702149,51,41
10.186868686868687,0.04745606104907174,1.5498280057210871,1.5023719446720154,0.071694392728596,0.05284169911207901,0.006803769847005918,60,32
10.3989898989899,0.11840549490886154,1.7865397318820906,1.668134236973229,0.04265149694825525,0.059258107190790506,0.3482257946903861,72,20
10.186868686868687,0.16284130977910793,2.2703062364206255,2.1074649266415175,0.0478583869390128,0.04422911903049576,-0.17278807549055128,66,26
10.186868686868687,0.10790685703053349,1.8701020723242898,1.7621952152937563,0.06808475978849793,0.042438895366151086,-0.02889950053128602,61,31
10.035353535353535,0.19299220495141345,2.0814480081237563,1.8884558031723429,0.06411999693104209,-0.014585870060166766,0.07296018782066876,53,39
9.5,0.06795946057572477,1.6503962162237635,1.5824367556480388,0.05740559118225465,0.01539712903024964,0.01596717750468825,50,42
10.308080808080808,0.04513137775353626,1.735720986578931,1.6905896088253947,0.07899635595358255,0.09662715693725599,0.15872061853216202,69,23
10.3989898989899,0.07948278466755698,1.5838740302856553,1.5043912456180983,0.04726775022661166,0.0663156322558805,0.18245976196702027,61,31
10.328282828282829,0.06282242432580465,1.7813930807971001,1.7185706564712955,0.07040332418261999,0.05243488867470304,-0.03328079017096633,67,25
10.186868686868687,0.07097452566142959,1.4650724285309322,1.3940979028695026,0.07139866857388213,0.04566777874230785,-0.02049153598538334,61,31
10.035353535353535,0.09489158915511609,1.4332746411939576,1.3383830520388416,0.07078726330911154,0.01616355982162082,0.1109682250501708,50,42
10.3989898989899,0.08773380964931077,1.9378945132342076,1.8501607035848968,0.06027207555710897,0.08684128287559145,0.11538821687035151,67,25
10.308080808080808,0.1476339997979197,1.8270942947161375,1.6794602949182178,0.07373525759160708,0.1151805079599578,0.07977443774958352,65,27
10.186868686868687,0.05365540787836953,1.6973343282010611,1.6436789203226916,0.02785228321924884,0.0163576877205621,-0.08371561819839156,55,37
10.3989898989899,0.07762561198487417,1.9546598983544763,1.8770342863696021,0.0832988250090443,0.08858646110752398,0.3166991375263747,64,28
10.3989898989899,0.23896471452424994,2.02357442531803,1.7846097107937802,0.06522238832493082,0.10448726065873969,0.2750613062131521,63,29
10.3989898989899,0.10651123120466144,1.9171588424556578,1.8106476112509964,0.037602551147916954,0.04923149507574171,0.26222344021857213,72,20
10.3989898989899,0.2117232695631881,1.804015339454128,1.59229206989094,0.06239672593822921,0.06781060645550177,0.4739373697417113,76,16
9.742424242424242,0.021090849567048986,1.1820162410875987,1.1609253915205497,0.06625930162645813,0.08348497714493319,0.10513489901257214,49,43
10.186868686868687,0.061028667841974915,1.6654462391056328,1.604417571263658,0.06484863136073549,0.04778384552021351,-0.046331769218775826,66,26
10.3989898989899,0.1612795849618287,2.09894268024317,1.9376630952813412,0.0742876263253843,0.09864882342478591,0.2945979461768063,67,25
9.722222222222221,0.07571786790595691,2.101318320837045,2.025600452931088,0.07893643232454191,0.1227584697230576,0.13084179186586234,54,38
10.186868686868687,0.08079889028781495,1.6319124834962393,1.5511135932084243,0.07060918819025473,0.0694447522636706,-0.1264771550677899,71,21
10.035353535353535,0.08967778923249492,2.0229677338979744,1.9332899446654794,0.030959814469058187,-0.004523182139414287,-0.04751482584350251,54,38
10.3989898989899,0.07183703791240692,1.6141546920692902,1.5423176541568833,0.06785192959826024,0.09117746755847446,0.1714257883548958,69,23
9.782828282828284,0.08658315530571525,1.6627228027637704,1.5761396474580551,0.06808844636709002,0.07611362842440272,0.1901010326269929,54,38
10.186868686868687,0.0775499986547512,1.5420329956976029,1.4644829970428517,0.06681616890013953,0.047719943826042964,-0.04566468527410376,69,23
10.186868686868687,0.18558592683905584,1.8257756673061931,1.6401897404671373,0.08732558655180135,0.06095890471239918,-0.1483262111055992,68,24
10.3989898989899,0.09057689007818137,2.027511428255884,1.9369345381777028,0.06697186713154836,0.09014325120670713,0.16843766754474937,59,33
10.3989898989899,0.10449358035005929,1.6673761249752823,1.562882544625223,0.06793304343216189,0.09600408363867018,0.08342850196021669,69,23
10.186868686868687,0.38115694517725296,1.914497188547713,1.53334024337046,0.03314083723253478,-0.020553842385804343,-0.1571371355174893,70,22
10.186868686868687,0.10146032856582132,1.7716532361960888,1.6701929076302675,0.05233713592387269,0.02468605179029038,-0.06800459506987029,55,37
9.5,0.03701209460878374,2.259662638099477,2.222650543490693,0.04946106030338416,0.00027615201820512615,0.05118823479962821,48,44
9.762626262626263,0.034215441408293135,1.8039304495858697,1.7697150081775765,0.05646573663070858,0.04072059119255451,-0.007309959014902757,56,36
9.5,0.08839129129292633,2.120696499463626,2.0323052081707,0.0685329960131819,0.04778582512461522,-0.0163783643425501,48,44
9.742424242424242,0.10291470057881824,2.0526089444901183,1.9496942439113,0.09480797240033821,0.1219950090555331,0.19200098242049066,54,38
10.3989898989899,0.0603663968054311,1.926731502921247,1.866365106115816,0.08223016739775477,0.09747374776179515,0.19963008968767418,71,21
10.308080808080808,0.060961734600925244,1.4897517119021892,1.428789977301264,0.06561002890929864,0.09258392557407916,0.028726578110982677,65,27
10.035353535353535,0.056287876190487474,2.091182996499486,2.0348951203089984,0.053242684509198376,0.015892416969653145,0.047537344116224206,57,35
10.075757575757576,0.11189041959536561,1.887141867020415,1.7752514474250494,0.07145798288958359,0.03983008049876209,-0.02013880829728205,50,42
9.742424242424242,0.021218866517409785,1.3666313754689152,1.3454125089515054,0.06398229924227683,0.08441167888104882,0.09191641510109615,57,35
10.297979797979798,0.03375507961786495,1.8700829770504952,1.8363278974326303,0.08805790611594828,0.08466057336899961,0.3222406353192834,67,25
9.51010101010101,0.03362389555600531,1.2784578656621624,1.244833970106157,0.0468525648080797,0.0815095212312271,0.06476159609014591,45,47
9.722222222222221,0.04866577258019844,1.3618803770207892,1.3132146044405908,0.07051549991244525,0.11543152225831894,0.07547148096071174,51,41
10.035353535353535,0.0033357834054537072,1.8005704043034734,1.7972346208980197,0.06749447038231504,0.05878873330979202,0.058513250561797764,54,38
10.166666666666666,0.3574331356726168,2.1642492345310855,1.8068160988584687,0.05845742163629348,0.024876398379228278,-0.21600137625033705,70,22
10.035353535353535,0.02694161601404832,1.9153662306211785,1.8884246146071302,0.07164229399650744,0.0586077922827171,0.021287695765947353,53,39
10.186868686868687,0.0905815782626298,1.8147890272977396,1.7242074490351098,0.07310591123366274,0.05876733044611721,-0.06740290114239954,63,29
10.075757575757576,0.04802972801808947,1.315008739880081,1.2669790118619915,0.06770815116795911,0.041131239671900535,0.0160842622166846,57,35
10.035353535353535,0.15522020542642245,1.8439436900898685,1.688723484663446,0.05752190286115811,0.007589881317877633,-0.004986676320608425,60,32
9.742424242424242,0.08079931316647482,1.7802775755417097,1.699478262375235,0.044878650763586894,0.060720472491141965,0.15086583081786936,49,43
10.186868686868687,0.051094101309477225,1.7024241285833046,1.6513300272738274,0.05392795275017693,0.04075607182816293,-0.07582300446472105,60,32
10.186868686868687,0.07093655599209248,2.3971284735150036,2.326191917522911,0.048062013641865506,0.038103413262703334,-0.08882371457766232,64,28
10.075757575757576,0.09193114077153108,1.3765307632981014,1.2845996225265703,0.05837854928640002,0.031151854116144097,-0.050216887417021815,61,31
10.186868686868687,0.12255057909159128,1.7957747783546563,1.673224199263065,0.07349397396266577,0.036161622866076853,0.04822428581704621,71,21
10.035353535353535,0.04559325240442558,1.8965075634750819,1.8509143110706563,0.06687890225139013,0.03163646199292986,0.04461446682397159,54,38
10.186868686868687,0.09626523793512853,1.9157423879187194,1.819477149983591,0.026079527872566354,0.019030163519463687,-0.13731974349739637,52,40
10.035353535353535,0.11403993720662209,1.903324997987017,1.789285060780395,0.04354913975692999,-0.004515006706281815,-0.022181801638040198,62,30
9.742424242424242,0.07721598101163085,2.095578501192568,2.018362520180937,0.07054891612125722,0.06537995325221885,0.18883411764216615,54,38
10.297979797979798,0.12263125318213053,1.91173610846005,1.7891048552779194,0.07801491798236461,0.07869163501827776,-0.1974132189768507,69,23
10.3989898989899,0.07439455723973398,1.7496913637184222,1.6752968064786882,0.06825308643946294,0.08457843924012728,0.2614481013793237,65,27
10.237373737373737,0.08492745571428117,2.0165430914310907,1.9316156357168095,0.06257829982297422,0.02724492737543113,-0.03839282169982752,56,36
9.51010101010101,0.05444623849837593,1.5814802379106492,1.5270339994122732,0.05152292710943205,0.06562557222813531,0.12388234433211201,50,42
10.186868686868687,0.18536087526480083,2.123903130417286,1.9385422551524853,0.05149068320351066,-0.003912628001542298,-0.01988460369649482,59,33
9.742424242424242,0.07141638055532784,2.0738864388901455,2.0024700583348176,0.06982240604267606,0.09470146090109775,0.1442537270875502,54,38
10.186868686868687,0.11392753124909283,1.7576939365517077,1.6437664053026149,0.05026665836237682,0.05023258509106879,-0.16909764083654585,59,33
10.328282828282829,0.1855658983152031,1.945872673886741,1.7603067755715378,0.026132020507644824,0.02321496848799466,0.524252887866658,66,26
9.5,0.08923314757286893,1.6564076332063382,1.5671744856334693,0.052950173522812484,0.0019730180036937775,0.012731452552540452,47,45
9.5,0.0877213202590259,1.9901132295290553,1.9023919092700294,0.05102824387410346,0.0050431944834765045,-0.0008539964524589391,48,44
10.3989898989899,0.05496643396139045,1.8068433586540793,1.7518769246926889,0.06390552738787253,0.07221189531740084,0.2565603442561528,69,23
10.186868686868687,0.1347521365336859,2.3806478446272163,2.2458957080935305,0.05140729926116583,0.020766073223538944,-0.12573235047336742,60,32
10.186868686868687,0.11037286751830755,1.5321726214512694,1.4217997539329619,0.0840751347038426,0.08027973724274429,-0.07833066505637044,56,36
10.186868686868687,0.12445738557440711,1.6098837876813823,1.4854264021069752,0.06277736340333423,0.05904845013247832,-0.14404859816235777,68,24
10.3989898989899,0.20220690065870217,1.8513949905030906,1.6491880898443885,0.0974423611430893,0.11942645426981666,0.3704712328566289,67,25
9.5,0.05062640776385963,1.8505140047095423,1.7998875969456827,0.050696024693369784,-0.008255834932796713,0.05391939130303797,40,52
9.742424242424242,0.282868718079492,2.280364700394467,1.997495982314975,0.0836611556615566,0.06839441041675143,0.27546729808265713,52,40
10.3989898989899,0.0765734350800833,1.435759984217708,1.3591865491376247,0.08532219933777879,0.10593189327688471,0.22456419686114665,63,29
10.3989898989899,0.03263441686309321,1.4733513649308536,1.4407169480677604,0.06324060877674817,0.06518959197551612,0.19155441897718073,73,19
10.3989898989899,0.10324016070673614,1.4468117385073687,1.3435715778006325,0.058649529059547935,0.08907753197729872,0.03229687642752443,72,20
10.035353535353535,0.1269443619385333,2.1114697888998175,1.9845254269612842,0.045184369876142584,0.002351171205265376,-0.03205989603264107,54,38
9.742424242424242,0.022796676498997748,2.2296054861560948,2.206808809657097,0.06194489083595144,0.06482659512171238,0.1257001248275299,49,43
10.166666666666666,0.16427781175120915,1.9824382425319116,1.8181604307807024,0.09953257738464931,0.06862743188786398,-0.05280639258610977,62,30
10.297979797979798,0.26330126809922083,1.9987482229514262,1.7354469548522053,0.06047332564340056,0.11031065716676078,0.14064398719543741,66,26
9.742424242424242,0.07529539324323209,1.6810067954097534,1.6057114021665213,0.0654865472139144,0.04085042602171861,0.1775390173550841,56,36
10.075757575757576,0.13492785063810353,1.9422992536220234,1.8073714029839199,0.07155027994547505,0.02171105220476646,-0.005038797063443054,55,37
9.762626262626263,0.13716398276549024,1.3180565708729428,1.1808925881074526,0.03864967291606853,-0.027376798736141083,0.016913549430571835,52,40
10.186868686868687,0.12295700516026953,1.7485049133704398,1.6255479082101703,0.0505849867100293,0.03200490954364425,-0.08783725407187847,57,35
9.762626262626263,0.08084606505534908,1.6633676896891998,1.5825216246338507,0.062214394424583944,0.01252372817285712,0.025317410715582113,56,36
9.742424242424242,0.1497886511590667,2.40441297719237,2.254624326033303,0.060855248803268036,0.0693757028858526,0.17507684630147755,42,50
10.328282828282829,0.1461364294118599,1.7420139914256618,1.595877562013802,0.06203751927413434,0.05245543876146674,-0.15266234657067485,65,27
9.722222222222221,0.1678736453292209,2.028218369789826,1.8603447244606053,0.05801913126250585,0.1343419920577387,0.07199763663900309,47,45
10.035353535353535,0.07556062455461787,1.5150538945895355,1.4394932700349177,0.05626242917314327,0.01765081217106555,0.008600554901003105,58,34
9.5,0.08559368897108022,1.4773651674480177,1.3917714784769375,0.04105627317844251,0.017327674732983907,-0.045878893204496764,53,39
9.782828282828284,0.09134029120923826,1.5745370575930613,1.483196766383823,0.06599527536013731,0.08815146989665461,0.1785592037155535,58,34
10.075757575757576,0.04993107003078934,1.4806979539737022,1.4307668839429128,0.04205266250210853,0.0323993319675102,-0.05874695710671466,58,34
9.5,0.02865019430548288,1.7286997958375554,1.7000496015320725,0.05700265679778547,0.03582492047645902,0.017353807565030594,46,46
10.186868686868687,0.1804571003617781,1.8994749907886037,1.7190178904268256,0.05364986443339396,0.00672928982466379,-0.04179935309406859,65,27
10.3989898989899,0.16350338598822556,1.4637250021404042,1.3002216161521787,0.03614612923531934,0.06833766109812793,0.13256723129514097,74,18
10.075757575757576,0.06268090474949028,2.098190614760966,2.0355097100114756,0.053564485290287324,0.03318832787156647,-0.04332672446249891,52,40
10.186868686868687,0.054341115895000014,1.373092577626455,1.318751461731455,0.06814679837124492,0.032397068601795136,0.03311563626431649,59,33
9.732323232323232,0.10198313982075002,1.9535894342530469,1.8516062944322969,0.07058691165671423,0.09156716899155606,0.17204854330058764,54,38
9.782828282828284,0.09337500523627784,1.9034112001292216,1.8100361948929438,0.0540711151977743,0.04616857939249824,-0.08388573985604196,51,41
9.742424242424242,0.14436214025171745,1.8974364572627647,1.7530743170110472,0.06942185797923918,0.06865971186641237,0.1973906709867273,54,38
10.176767676767676,0.16541734327164015,2.1681135206162403,2.0026961773446,0.056137011744313514,0.022258223888741133,-0.08765481178030736,58,34
9.5,0.08505938221331744,2.0207362692255173,1.9356768870121999,0.06629110420179564,-0.008038335463779685,0.0682600054961449,40,52
10.3989898989899,0.2585824923781157,2.0506938953849105,1.7921114030067948,0.06115092577509756,0.10700262348693788,0.12087127153077071,67,25
10.237373737373737,0.12750832698182823,1.5015853286902245,1.3740770017083963,0.07741777653005617,0.090224473907661,-0.09133860382113766,60,32
10.166666666666666,0.1650917964439076,2.082652590754105,1.9175607943101975,0.06862202399327211,0.07473602096961972,-0.0992528741627379,60,32
9.742424242424242,0.05776161564203952,1.7771183940543713,1.7193567784123318,0.04914858174865549,0.09118655526141009,0.0645207366633929,49,43
10.3989898989899,0.1865756171649331,1.9726237995637872,1.786048182398854,0.04288209686682859,0.08146330608086787,0.1805968953752234,71,21
10.035353535353535,0.0463224596873435,1.689450493669727,1.6431280339823835,0.0712155072205553,0.03437415362805278,0.11256070143861201,50,42
10.3989898989899,0.10144982573471273,2.1531537911248524,2.0517039653901397,0.05944052197653231,0.07003214227190002,0.4100414511472592,70,22
10.166666666666666,0.37082155042612097,2.3549016170328776,1.9840800666067566,0.044348027289771774,-0.00790454398771424,-0.1591585746001716,63,29
10.186868686868687,0.09312656549990317,1.660834389055336,1.567707823555433,0.07209144500718198,0.05143474693505153,-0.057706158606198266,58,34
10.237373737373737,0.069433561150682,1.4171725528074677,1.3477389916567857,0.062164887324134395,0.05271414222678136,-0.08419418996070104,64,28
10.297979797979798,0.09858904262644508,1.939524090074431,1.840935047447986,0.06581426420340021,0.06034553783995355,0.26882647206514393,65,27
10.308080808080808,0.0429190149116796,2.006765177867756,1.9638461629560766,0.052388274198349495,0.06545983183319112,0.15668981852883374,65,27
9.742424242424242,0.07345372148163154,1.6979086887194421,1.6244549672378106,0.04980606555722853,0.043884934524788054,0.14580961474945955,48,44
9.782828282828284,0.035302153864952945,1.7523000157243838,1.7169978618594308,0.056436845059561286,0.038762196357506294,-0.004070786298299372,54,38
9.5,0.047987747032984585,1.8603563277910713,1.8123685807580867,0.06820853645142082,0.039234626542428895,0.019785833271146185,53,39
10.237373737373737,0.09076777329816377,1.4507656104811293,1.3599978371829655,0.06006387740022382,0.025153297092944074,-0.00818302336831621,65,27
9.5,0.1413255045091697,2.2659140405544296,2.12458853604526,0.03202161810590704,-0.027522285647254768,-0.04686349686868326,51,41
9.5,0.12163621634422528,1.9769405819121781,1.8553043655679529,0.03411785813881958,-0.05000553846923559,0.05693444599772874,52,40
10.186868686868687,0.29558803478356444,1.7435856708503692,1.4479976360668048,0.09032795822629779,0.07886982599151704,-0.14099682078326278,61,31
9.5,0.0982854962167794,2.337918015791077,2.2396325195742977,0.03047519779339184,-0.03201852029088782,0.035532292168713744,55,37
10.035353535353535,0.07016794383384028,1.9859686940590089,1.9158007502251686,0.05981421273705775,0.008184459160967945,0.06520523326549064,51,41
10.186868686868687,0.19089894983919242,2.25585843119836,2.0649594813591676,0.0570291310228257,0.023303390982084095,-0.10953056679926271,60,32
9.742424242424242,0.08294482832980621,2.0175278749889154,1.9345830466591092,0.038359766885123985,0.036377169507406916,0.1684822148269689,53,39
10.186868686868687,0.05560098294901583,1.332654648160782,1.277053665211766,0.03924579413806408,0.035963331049604454,-0.10566349372042466,57,35
9.5,0.027678673363419337,1.8711957832071608,1.8435171098437415,0.06467004271911476,0.03211778197020309,0.048105675477370956,56,36
10.308080808080808,0.02942851042682504,0.9980619129481607,0.9686334025213357,0.07854934242668411,0.07824082986277592,0.2219647740487491,69,23
10.308080808080808,0.10922923658497963,2.1465794082452816,2.037350171660302,0.06586223901996965,0.08452556483339155,0.29906667994232466,70,22
10.035353535353535,0.15374584859383678,1.8791508849240532,1.7254050363302165,0.0458639437583565,-0.022511478182595437,0.003044671741467589,45,47
10.3989898989899,0.2127163235329943,2.0233182905854528,1.8106019670524585,0.03438056027079174,0.077499353144194,0.17377072640770944,65,27
10.3989898989899,0.08392885162541774,2.0681766514131756,1.984247799787758,0.07446997949010489,0.08398999629939635,0.3554032921580738,75,17
10.075757575757576,0.11658459075870864,1.8165208881284642,1.6999362973697556,0.06915792073952978,0.03856609593056712,-0.06677656739092772,52,40
9.722222222222221,0.03398201948245627,1.639192304968531,1.6052102854860748,0.07675713722773918,0.08548138636363484,0.13604377821855768,50,42
10.186868686868687,0.15188637567453855,1.9977897927454877,1.8459034170709492,0.05115692947643867,0.01117327794553629,-0.06475091510383413,62,30
10.035353535353535,0.08658335013696905,1.844600550045399,1.75801719990843,0.050626290060765196,-0.0014546283954026513,0.05952676236267623,55,37
9.782828282828284,0.07444607724779195,1.4869779762457054,1.4125318989979134,0.06921671859720188,0.10789889558496028,0.12133082866644485,52,40
9.51010101010101,0.0683025486875497,2.2185839465846517,2.150281397897102,0.051664202708331615,0.06471277982292252,0.14633746570355496,49,43
10.186868686868687,0.05908037373056807,2.0695349774446674,2.0104546037140993,0.048558435321140556,0.029957712707606176,-0.038608313276012655,59,33
10.186868686868687,0.18031979351315996,2.4288762549617564,2.2485564614485964,0.0523913456900812,0.014637516118262802,-0.08286848043315269,64,28
10.308080808080808,0.03113880164431282,1.0567197042020238,1.025580902557711,0.043635272565705555,0.056614520550681585,0.10975534176533519,71,21
9.5,0.059677660979614355,1.8523996460882208,1.7927219851086065,0.07956337940693359,0.025319779469356585,0.06442962925823106,49,43
10.035353535353535,0.1183048358571075,1.9113543381437619,1.7930495022866544,0.06504703437610772,0.007316091092644835,0.045838830724415476,49,43
10.035353535353535,0.10474673280602897,1.7033579650909474,1.5986112322849184,0.09466652992493813,0.037750355147814565,0.10884044846028083,57,35
10.3989898989899,0.11059447938815059,1.6626341418187478,1.5520396624305972,0.09154707988788834,0.11629214678452296,0.20448526169342557,67,25
10.186868686868687,0.13602413838718452,1.9004555656644782,1.7644314272772936,0.07089583534265073,0.04946648420253425,-0.06891539801321261,59,33
10.035353535353535,0.10256945722699151,1.9109051961515326,1.8083357389245411,0.046108148945397116,-0.00436262966146814,0.022389710178737938,55,37
10.186868686868687,0.12603983110800887,1.817840255846822,1.6918004247388132,0.050759420502169965,0.023262033282974475,-0.08316712474159794,64,28
10.186868686868687,0.13382842080539303,1.421871167793285,1.288042746987892,0.06958215443862222,0.059004987170779954,-0.110324010857698,62,30
9.762626262626263,0.2987575721158615,1.8924444019577469,1.5936868298418854,0.07430268935543653,-0.03134149463972736,0.09699922574584051,53,39
9.5,0.09595829360261421,1.749693964856231,1.6537356712536169,0.06612316138342055,0.003729339646942049,0.03787172902329347,54,38
10.186868686868687,0.16230789016377445,2.097544107103865,1.9352362169400905,0.06314773995625567,0.04120552727666862,-0.11660480801189328,63,29
10.186868686868687,0.04925438764349921,1.7762224017565948,1.7269680141130956,0.08160188953649351,0.06964190979129013,-0.05110091623834378,65,27
10.186868686868687,0.21129312527240662,1.9580632541037648,1.7467701288313582,0.039894074185948876,-0.012713984418733565,-0.05843716034998708,66,26
10.3989898989899,0.11567919711186336,1.7830845857180635,1.6674053886062001,0.08265701993935914,0.11067460834555609,0.19497151679229546,70,22
10.186868686868687,0.27593175265539305,2.261746400899777,1.985814648244384,0.07792288166028778,0.061674444340477315,-0.2655608626600607,64,28
9.742424242424242,0.12486021044236684,1.4872953144702414,1.3624351040278746,0.05171589319762557,0.07643140627143676,0.16932979545792473,63,29
9.5,0.09200971167014105,1.781635265941076,1.6896255542709349,0.057943113515335064,0.07019360729602006,0.14031282430969919,50,42
10.186868686868687,0.1788153214068522,1.492117884958345,1.3133025635514928,0.047293608485138416,0.030915718755299776,-0.15021861429905586,62,30
10.075757575757576,0.017921316339986948,2.2506431956436765,2.2327218793036896,0.060029108714111365,0.044325670310997635,0.025531769351930127,54,38
10.176767676767676,0.06827008354348907,2.1347141820629076,2.0664440985194186,0.07644985924728404,0.056999020163519966,-0.027321920981816142,61,31
9.5,0.0342940512727028,1.4508871484931183,1.4165930972204155,0.07204240850818434,0.04516113135421499,0.031638292631970516,51,41
10.075757575757576,0.054220684186870205,1.6068712934334,1.5526506092465298,0.03221238839766885,0.0015688545095790083,-0.029967283584781845,56,36
9.5,0.08811117121692691,2.0414601848528693,1.9533490136359424,0.051902242273663184,0.003078204609925429,0.0032490037446242194,53,39
10.308080808080808,0.04990572345984812,1.5254676101128528,1.4755618866530047,0.08612922233323156,0.10665878955005008,0.1366010374221607,67,25
9.5,0.09915326062461927,1.4665054719325343,1.367352211307915,0.06720075792284416,0.035839505758567376,-0.01854220276734512,51,41
10.186868686868687,0.09868296797409504,1.9528470952175447,1.8541641272434497,0.03922392031465662,0.02311646048980648,-0.11306232366805345,66,26
10.035353535353535,0.09353421020788089,2.2538275916797375,2.1602933814718566,0.04549883078463763,-0.0029153927359215864,0.03673388637719268,60,32
10.075757575757576,0.012065623221332089,1.8781154181083402,1.866049794887008,0.07195587012974049,0.06483698912848872,0.031742561768750954,63,29
10.035353535353535,0.15576404812955147,2.270121096539347,2.1143570484097953,0.04270199901321211,0.019882219505319813,-0.0775577219837804,57,35
10.237373737373737,0.08018647903257659,2.3191486233034015,2.238962144270825,0.07404734537183903,0.061126903439253505,-0.05934018423258297,66,26
10.186868686868687,0.15576677364244973,1.595971142967573,1.4402043693251232,0.06719754758404943,0.04979693426051799,-0.09909517052495707,60,32
9.742424242424242,0.08964561198907495,1.9350078303938987,1.8453622184048237,0.04322932972580431,0.07565558790632278,0.13195777827414298,41,51
10.308080808080808,0.04984330565946715,1.7406929277700192,1.690849622110552,0.05978571067002058,0.08352669842213291,0.09357031906075323,68,24
10.186868686868687,0.11405307320741231,1.170547645811583,1.0564945726041708,0.07977903914850822,0.06887945243842676,-0.19113929964057508,66,26
10.186868686868687,0.1374677441622696,1.892910165175716,1.7554424210134465,0.02833413595555482,0.016335136669097385,-0.17855325592044702,60,32
10.308080808080808,0.05371822383807645,1.8314050091698388,1.7776867853317624,0.04657158428512082,0.06320271025605578,0.16765862308331392,66,26
10.308080808080808,0.03210297710388654,1.7724998493496544,1.740396872245768,0.07157824280855765,0.08834958286667263,0.12126387892611817,64,28
9.722222222222221,0.06143130276998843,2.1639087942749047,2.1024774915049163,0.05894946495940019,0.08069777354535454,0.13976069328231253,50,42
9.742424242424242,0.08079298533294121,2.112505258443967,2.031712273111026,0.0650610592420315,0.09947726257320066,0.13655728533471578,54,38
10.186868686868687,0.040624426824827475,1.3301584270139852,1.2895340001891578,0.07104451567661237,0.060670901605075836,-0.035833633918341906,67,25
10.075757575757576,0.12568900544562434,2.0647642823970123,1.939075276951388,0.06136072161224684,0.031249434167857856,-0.07314933568847598,59,33
10.308080808080808,0.022351510002898145,1.3816812768120845,1.3593297668091864,0.06964147819779998,0.0702159724233115,0.18886908219020854,71,21
10.186868686868687,0.08236754774557054,1.5152046379659387,1.4328370902203682,0.0448826731946516,0.012772490164433834,-0.03338284874905919,56,36
9.742424242424242,0.012164837752548507,1.866305205941585,1.8541403681890365,0.049228514502297226,0.06823136136679349,0.06386681572627306,53,39
10.035353535353535,0.0741386415754588,1.6310707161151223,1.5569320745396635,0.045550062080057054,-0.00938720376906731,0.04679584797366894,54,38
10.035353535353535,0.06636653090296707,1.4426007141289723,1.3762341832260052,0.05300792873420571,0.007245658390355922,0.07654009857972388,55,37
9.742424242424242,0.08845547866933967,1.8619165459415863,1.7734610672722466,0.075468814285131,0.11934819258063131,0.10774216332543073,53,39
10.186868686868687,0.11772141485798615,2.3690392170982046,2.2513178022402185,0.041559515571622185,-0.0014393493773517886,0.03696082393159544,63,29
9.5,0.1212466738311353,1.9761230142182058,1.8548763403870705,0.06073093016879531,0.0395482627304031,-0.024649955746295343,50,42
10.166666666666666,0.04752757508571137,1.5979057948811564,1.550378219795445,0.09660894830510615,0.10750588816585743,0.1989366864962367,62,30
10.297979797979798,0.04538870554705343,1.4183873249127386,1.3729986193656851,0.04145701813855503,0.06170133194649885,0.08636091779068034,67,25
9.742424242424242,0.0704469198958837,1.921201313037562,1.8507543931416783,0.053728880965936365,0.08082470794070586,0.1314805051580088,61,31
10.3989898989899,0.22410504733620162,2.1580454555349498,1.9339404081987481,0.08027235480056337,0.11430450461351774,0.2787154470694148,78,14
10.308080808080808,0.12698464827030076,2.2899565894848184,2.1629719412145176,0.039352458177360064,0.05523918069823698,0.27050246418191415,62,30
10.308080808080808,0.07860670589332619,2.228431556987214,2.149824851093888,0.05270393920866865,0.05788786743743053,0.27405084423583387,67,25
10.328282828282829,0.11617757317564847,1.6698182773711692,1.5536407041955207,0.04032497548458772,0.04953016800607372,0.36779544481542353,68,24
10.3989898989899,0.1147208784254754,1.6995942073370105,1.584873328911535,0.056124336805674656,0.08851007009288761,0.06779233261804654,73,19
10.035353535353535,0.14029636812668267,2.289097391534239,2.1488010234075565,0.02192495522327791,-0.028074013167575337,-0.04272016033272935,59,33
10.166666666666666,0.11613220412484959,1.786139179127594,1.6700069750027444,0.09091669896816415,0.08884012465202437,-0.05964320443713793,60,32
9.782828282828284,0.09898245865119182,1.6580111161376068,1.559028657486415,0.07839030405402855,0.11615908761139017,0.16040322011792807,58,34
10.3989898989899,0.06406381545903717,1.8599460816478495,1.7958822661888123,0.05417854271754239,0.07220700280953868,0.22862943234524183,70,22
9.51010101010101,0.057896790187333735,2.366138711405439,2.308241921218105,0.05737379872032987,0.08001193718225255,0.14455311371141483,50,42
10.3989898989899,0.0382129687033359,2.179689024705628,2.141476056002292,0.061636342447998385,0.08383628746880792,0.11226435959046617,65,27
10.166666666666666,0.1652900907879158,2.0530860707080607,1.887795979920145,0.08106653040865229,0.03493450247158763,0.012528989654984118,64,28
10.186868686868687,0.14892245696887763,1.7064443575913177,1.5575219006224401,0.08106939689961164,0.054751842359929054,-0.1497226958084044,63,29
10.035353535353535,0.3934018418522238,2.0875729254713447,1.6941710836191208,0.033607718187541644,-0.07849100724137004,0.1256456915524847,56,36
10.075757575757576,0.19544141114346547,1.8118775752773855,1.61643616413392,0.05933334109639877,0.01075643868742116,-0.07945423492257701,53,39
10.035353535353535,0.0582569849515302,1.690683711976429,1.6324267270248989,0.02887387787717613,-0.008712330164176846,-0.005200248344798968,56,36
10.166666666666666,0.06632148156405293,1.490643631285434,1.4243221497213812,0.05967033733984696,0.025685777565989287,0.034209407657430656,61,31
10.186868686868687,0.12708793054138723,2.0471634981851743,1.920075567643787,0.09326188852019272,0.0674583813130636,-0.03697034880801107,57,35
10.297979797979798,0.06526903416491425,1.77695835966257,1.7116893254976557,0.07905440889719301,0.07806024379556761,-0.08140023874634575,66,26
10.3989898989899,0.135914339265927,2.1747453849364446,2.0388310456705176,0.057851339987039715,0.07028611591190728,0.33237750776680147,67,25
10.237373737373737,0.03030247589672319,1.5846686204215983,1.554366144524875,0.04633737559162133,0.03466960606587051,-0.03524594361229689,70,22
10.035353535353535,0.19780035121943929,2.154684503089991,1.9568841518705518,0.07095603732384044,-0.0017493468264944622,0.0174661893784954,53,39
10.186868686868687,0.0940514267298933,1.899261236359562,1.8052098096296687,0.06599052576393888,0.03654483290522705,-0.0069270228596404,65,27
10.237373737373737,0.05160637184649075,1.9107539999916485,1.8591476281451578,0.06067193260300141,0.053095967320319376,-0.04445371177573336,59,33
10.035353535353535,0.07346724771668112,1.961758388511788,1.8882911407951068,0.05939152504231446,0.010372871893599549,0.07079600912774742,51,41
10.186868686868687,0.1461527042130557,1.8120519298246403,1.6658992256115845,0.058040523312016146,0.02565297306467017,-0.11415719640813898,64,28
10.297979797979798,0.05899184606309338,1.4652243436218952,1.4062324975588019,0.043283210789045734,0.03784436218179922,-0.07678297626516221,62,30
10.328282828282829,0.03224502241728766,1.9818132692093529,1.9495682467920652,0.07170189034543172,0.06850880392180621,-0.02122799637179108,60,32
10.035353535353535,0.08637729152218099,1.802843125428612,1.716465833906431,0.047684274758340445,-0.005017022171580186,0.022554940393252745,58,34
9.5,0.07197741063800822,1.6184404277205537,1.5464630170825455,0.055897083737827424,0.04224260076834942,-0.020846224086739227,51,41
9.742424242424242,0.06935933324788235,1.8511188633144247,1.7817595300665423,0.09884709098196555,0.13750579062726637,0.14038187978759367,52,40
10.3989898989899,0.1095634515180186,1.796206187814192,1.6866427362961733,0.07345092840484775,0.07217282400386303,0.33047807953631914,68,24
10.176767676767676,0.06806785026768614,2.0730142676640595,2.0049464173963734,0.07331855200232992,0.06255729939800779,-0.04875685240484671,58,34
10.186868686868687,0.1560378540170726,1.8116567552000333,1.6556189011829607,0.06754668690119695,0.0342204545142615,-0.05414748817397853,65,27
10.308080808080808,0.06340979111869816,2.1433903505411576,2.0799805594224594,0.05729574166440613,0.08058267777547824,0.11012756318489662,71,21
10.166666666666666,0.07978992229449222,1.6753503055500176,1.5955603832555254,0.07232551628172708,0.04832240524358227,-0.01581123160075834,62,30
10.176767676767676,0.06055921577047396,1.700337548844662,1.639778333074188,0.07483770035687888,0.05670740012877293,-0.03189536364526375,62,30
10.328282828282829,0.1750384040938049,2.106383174784377,1.931344770690572,0.07482850759686366,0.029493578887160015,-0.03477524109123286,67,25
9.722222222222221,0.04486915331892383,1.6098708781803643,1.5650017248614405,0.09204853096151928,0.10198028185713846,0.1728314613629199,56,36
9.722222222222221,0.043116613143490135,1.971574737724121,1.928458124580631,0.08973320550593776,0.12577913046604156,0.13170512914770544,43,49
9.742424242424242,0.08738321994731457,2.6112209420875048,2.52383772214019,0.07657854453736843,0.11373547537222621,0.1689001929067924,52,40
10.186868686868687,0.15800819136293054,2.2862428916646538,2.1282347003017232,0.03667523981052116,0.029360059646046363,-0.2149715574487071,66,26
9.742424242424242,0.10645457022186511,1.7779677706399653,1.6715132004181001,0.07761514266293484,0.11898442893394921,0.15398270946311673,55,37
10.186868686868687,0.2701901573989036,2.1212766235843112,1.8510864661854076,0.06699899492239415,0.009385008753749724,-0.06675602348002274,64,28
10.297979797979798,0.10278627857125278,1.6257155134802919,1.522929234909039,0.0689000314478877,0.05552178636967481,0.32252856916615846,71,21
10.3989898989899,0.0581165515369193,2.063560318002129,2.0054437664652096,0.0757834811358066,0.09426220366965683,0.1906119305073433,69,23
10.237373737373737,0.08312232449951606,1.7108021993138234,1.6276798748143073,0.05512183764477732,0.015587105153148826,0.06286535050745569,59,33
9.762626262626263,0.09994484223622879,1.5542466011997937,1.454301758963565,0.0716768581626709,0.008570662042228817,0.06562716638753925,52,40
9.742424242424242,0.04663934012626436,1.9113091313948374,1.864669791268573,0.06647175264005482,0.06758518501861219,0.15264562466350282,58,34
9.5,0.0707858504699308,1.7814045530077647,1.7106187025378339,0.05202957117966293,-0.0029445235398875423,0.029121863334953226,48,44
10.3989898989899,0.0473765954851626,1.9401083522251839,1.8927317567400213,0.08294354561488915,0.09909023774062117,0.18353946900284113,65,27
10.308080808080808,0.06421316443060321,1.5982944789858353,1.5340813145552321,0.06583220833603612,0.0632658608679126,0.23666338986317909,66,26
10.035353535353535,0.08981075996294141,2.166715159229171,2.0769043992662297,0.0649255495613507,0.005361805824264313,0.07590642260224151,55,37
10.035353535353535,0.15249534744780857,1.7411146333963112,1.5886192859485027,0.059594161259827305,-0.0003652233014304238,0.04843503470123604,58,34
10.186868686868687,0.09377081347934046,1.7206186263213687,1.6268478128420283,0.07283169336377447,0.04793245547812397,-0.06454505192090183,65,27
10.308080808080808,0.03442889742316724,1.6209865131299999,1.5865576157068326,0.04098473923141998,0.05834438265908702,0.06962160789121552,67,25
9.742424242424242,0.183620998713512,1.6762466581727489,1.4926256594592369,0.08742237749782555,0.1382088790251086,0.19700323807491357,52,40
9.742424242424242,0.1104006952777763,1.8660119080612645,1.7556112127834882,0.07692977870537737,0.1011231819107323,0.17243112778821515,52,40
10.035353535353535,0.038048211707809365,2.0596282435825506,2.0215800318747412,0.02948878322283809,-0.0027201760094516456,0.010636502191699138,58,34
9.5,0.0718592971502987,1.7897286136730994,1.7178693165228007,0.06336314025223187,0.014885436308643632,0.024852722011742902,42,50
10.308080808080808,0.04023817628718529,2.097724605268141,2.0574864289809556,0.04198952930726908,0.05001243233590906,0.18143103886064876,67,25
10.186868686868687,0.12237874478928967,2.447590230572165,2.325211485782875,0.03092769079212143,0.02342378530195685,-0.1403124104247532,61,31
10.3989898989899,0.1992782542475693,2.220337650840227,2.0210593965926575,0.03393101508313234,0.07365748830198378,0.04644511334732246,73,19
9.722222222222221,0.044657746497051454,1.9779077153263265,1.933249968829275,0.06724238942441867,0.10368601469195846,0.08170625673179806,58,34
9.5,0.1484294269100499,1.6381904414252755,1.4897610145152256,0.07145709696014786,-0.022378355527593798,0.0815847584585893,47,45
9.742424242424242,0.07754927233447773,1.6322271155268346,1.554677843192357,0.08453379824914835,0.11244413766225685,0.1553793819072153,50,42
10.186868686868687,0.10531790463613078,1.392728978984795,1.2874110743486642,0.026693551483016192,0.01491951821151038,-0.13698303556747235,60,32
10.186868686868687,0.05545503660072204,1.5364483700817215,1.4809933334809995,0.06229333818109943,0.027136033287207043,0.06880749966615583,62,30
9.5,0.06354707594670184,1.4740205124512527,1.4104734365045508,0.04700617418998619,-0.01658608343815346,0.05459992580888176,47,45
10.3989898989899,0.16206424823131838,1.602868576961808,1.4408043287304897,0.05811989990601297,0.09111937510290795,0.23046879517647065,69,23
10.3989898989899,0.07147741631512061,1.7571301685454637,1.685652752230343,0.07893961162042695,0.10036773448370821,0.22296663322131854,69,23
9.5,0.036623715099985965,1.5811159702580322,1.5444922551580462,0.06441556980597407,0.033693591946738724,0.028641506037093704,52,40
9.762626262626263,0.02672302177738506,1.8774402331111049,1.8507172113337198,0.035491456160515106,0.01622256190295918,-0.003202158181624737,49,43
10.176767676767676,0.1236276670751475,2.565159825200961,2.4415321581258134,0.05314532873760478,0.027681127322309172,-0.12023578754616651,64,28
9.5,0.09972448825120495,2.0260203752614356,1.9262958870102307,0.042091862801095545,0.0361347675868021,-0.08536206377004536,55,37
10.308080808080808,0.09827598273082883,1.4540799906735378,1.355804007942709,0.07394005652152207,0.10429878546828132,0.14364622822015344,64,28
10.035353535353535,0.1861852427308237,1.5067711353855318,1.320585892654708,0.05702167651347966,-0.0153797767433201,0.003072950180252205,53,39
9.5,0.03547447061400133,1.8288625522967812,1.7933880816827799,0.06896193480022188,0.03038385671985692,0.050890966072569356,42,50
10.176767676767676,0.2985625166702923,2.3555067197002773,2.056944203029985,0.06490139813984182,0.04129255548580045,-0.21550768484684923,62,30
10.3989898989899,0.2166904526127178,2.2751426807569075,2.0584522281441897,0.06081488180191018,0.10175792081637525,0.19022448600451397,64,28
10.186868686868687,0.10050526355702538,1.7633750452406347,1.6628697816836093,0.08570406180306528,0.06517563628745895,-0.06694655384730447,60,32
9.51010101010101,0.030060411258550523,1.8593130848733441,1.8292526736147936,0.0685195631343893,0.08606963096043786,0.11277108876554641,52,40
10.166666666666666,0.1791903136372901,1.726186270814114,1.546995957176824,0.06613096516681581,0.034108320416730675,-0.08762223938423887,61,31
10.3989898989899,0.13462380433483623,1.7224660455753005,1.5878422412404642,0.06653510514981463,0.09546346146903156,0.25029282725262925,66,26
10.035353535353535,0.06517886177077203,1.7731677973323015,1.7079889355615294,0.054206241931730466,0.009237191494763678,0.06029218823531745,56,36
10.3989898989899,0.03931612465957812,1.6656399359403404,1.6263238112807623,0.07661695076150565,0.08266620588310514,0.2237589850115986,75,17
9.722222222222221,0.2375649680357106,1.683722964777802,1.4461579967420914,0.06759831216410431,0.06540968721971778,0.2187049166691726,55,37
10.3989898989899,0.11585134140923725,1.1919465554195827,1.0760952140103455,0.026081135509807302,0.06188070027263166,0.08494233914063277,69,23
10.3989898989899,0.052507572867303676,1.5325711845823993,1.4800636117150956,0.058838395644669826,0.07137600179028944,0.21907053702123852,70,22
10.075757575757576,0.07001226277323469,1.3513319140297242,1.2813196512564895,0.04987427764936665,0.032354269326970074,-0.06880706243758271,61,31
10.186868686868687,0.30028732233306776,2.152872148547558,1.8525848262144904,0.08019023820194134,0.0327018801844338,-0.08441802322957677,64,28
10.035353535353535,0.0722039756134849,1.4628662464266782,1.3906622708131933,0.07932505599505082,0.03969322450501937,0.10614509223049409,54,38
10.035353535353535,0.05605219735226563,1.9153459887822306,1.859293791429965,0.05806154198374148,0.02354611174035903,0.009408511609351772,54,38
9.762626262626263,0.08224783850357431,1.7432229281109013,1.660975089607327,0.012259662668773437,-0.0486924487171601,0.00951680028225072,49,43
10.186868686868687,0.11373046168608902,1.699864780063941,1.586134318377852,0.05246828370634825,0.03778727916202071,-0.11144928656378136,69,23
10.045454545454545,0.13409632110295355,1.509471590761457,1.3753752696585035,0.08337528920089667,0.07809017532543736,-0.10379547429297564,63,29
9.5,0.05386350718531352,2.238998931182746,2.1851354239974325,0.04313441894711348,0.042996327812563136,-0.022877785268608362,43,49
10.186868686868687,0.10790070667436735,1.9695012921366675,1.8616005854623001,0.02968507666401056,-0.0008618683503690198,-0.04597346235652251,67,25
10.287878787878787,0.07681497452084285,1.694729758813492,1.6179147842926491,0.052952089590374,0.04208479150379696,0.24276348260740696,70,22
10.297979797979798,0.21068100666791767,1.2634776111070434,1.0527966044391257,0.0563717865562133,0.04979369458324501,0.5992935467478474,77,15
9.5,0.07210835250495884,1.5801922903592103,1.5080839378542514,0.06921328165115609,0.05631630938975895,0.002062101994717487,42,50
10.186868686868687,0.10798654069590552,1.8822669023478897,1.7742803616519842,0.056992133373870005,0.03741477862327437,-0.12184613257323738,65,27
10.035353535353535,0.12873930315327398,1.7663597319095619,1.6376204287562879,0.0666515708018503,-0.0005304661288799662,0.033218732660532775,50,42
9.742424242424242,0.0780269160389786,1.9087954419802895,1.830768525941311,0.06456842415893685,0.09468751921476387,0.1432971103846879,51,41
9.722222222222221,0.09900430859270637,1.6576617886085432,1.5586574800158368,0.07408196163155309,0.14632957387525852,0.05117555918049491,49,43
10.308080808080808,0.036954147858135444,1.4339181214003125,1.396963973542177,0.03720855069840505,0.04126173811047001,0.1467978064010823,67,25
10.3989898989899,0.27221545007958614,1.5653624513922924,1.2931470013127062,0.05694119024772097,0.09986551462735109,0.062618164837508,73,19
9.5,0.028648878769825803,1.357257142700623,1.3286082639307972,0.057550520414593284,0.09664777200402418,0.05771017098149578,45,47
10.186868686868687,0.13624339562703325,2.2621885794712413,2.125945183844208,0.07655291136648201,0.050760812829064784,-0.061900422799799036,60,32
9.742424242424242,0.09061240779869206,1.751442003306713,1.660829595508021,0.06936678285610309,0.07769696290210414,0.18611902445090142,46,46
9.742424242424242,0.03093248755982292,1.9289591681081453,1.8980266805483224,0.0640798624437281,0.07541999443778952,0.11910874105805329,47,45
10.166666666666666,0.03355938373651868,1.4538510412962011,1.4202916575596825,0.087061508244496,0.0710951892894703,0.02032746388009798,64,28
10.3989898989899,0.10090876685154027,1.7670194731313529,1.6661107062798126,0.052549318296631044,0.07370187231277285,0.19873748977267217,72,20
10.176767676767676,0.042186537415597414,2.2138653765113356,2.1716788390957382,0.0783905417650109,0.07362702943203511,-0.0422034169114176,66,26
9.762626262626263,0.18377645031882706,2.013598914859286,1.829822464540459,0.07382798739279887,-0.002766662866826237,0.07939433915981584,50,42
9.5,0.061680879741312866,1.6132729442190294,1.5515920644777166,0.05257382939063019,0.024136705775856613,-0.003003808361958676,49,43
10.47979797979798,0.02900842287571015,1.464857093502773,1.4358486706270628,0.054072995197891396,0.05063191047581507,-0.051416974432254174,71,21
9.5,0.04576644886535952,1.9052644846464806,1.859498035781121,0.06048135374066759,0.021375770163478868,0.023750527438738227,40,52
9.742424242424242,0.09545031063723664,1.9947296384841713,1.8992793278469347,0.06419314690720186,0.09736696305911614,0.13836412410123494,48,44
10.186868686868687,0.08742559488289436,1.6654718052419877,1.5780462103590933,0.04743273741338895,0.03664866722142145,-0.062014067923761705,58,34
10.3989898989899,0.061318092297433235,1.7955845398764378,1.7342664475790046,0.04416034811255834,0.06407102327769247,0.13794127700965553,70,22
10.186868686868687,0.16368930236973522,2.012558350519284,1.8488690481495489,0.06558605851965142,0.013736987178733307,0.02713905137766895,60,32
10.308080808080808,0.054439921616448395,1.9776233810000676,1.9231834593836192,0.053834307784760865,0.07007344358353852,0.15217377629658183,65,27
10.035353535353535,0.12974976188728338,2.1698717280985695,2.040121966211286,0.050596252602316635,-0.007201186392468526,0.05159112357078484,51,41
9.742424242424242,0.12744059420537002,1.7949184021772242,1.6674778079718542,0.07549241625858132,0.07992534555097484,0.21339372836858267,49,43
10.186868686868687,0.3224604728188649,2.1629487259506064,1.8404882531317415,0.07731236545294605,0.04320815650396321,-0.3480482147630618,65,27
10.176767676767676,0.11114379247598372,2.0162139681150224,1.9050701756390387,0.09117180680415295,0.09173559828379617,-0.0949757751419306,66,26
9.732323232323232,0.11835748164101023,2.1752809975099234,2.056923515868913,0.07019679501211143,0.0598553922390288,0.2114074628844082,52,40
10.186868686868687,0.13816896926036404,1.713513658812743,1.575344689552379,0.07682891336460126,0.05542214596311654,-0.07427807176081275,64,28
10.328282828282829,0.037475814037758015,1.619116697509348,1.58164088347159,0.05977943562136131,0.052602390260700974,-0.03152579780035474,62,30
10.3989898989899,0.12174367005990128,1.699219794984654,1.5774761249247526,0.06538441802276472,0.07572425100819918,0.4860692706926482,72,20
9.742424242424242,0.07333706363434467,1.6394279873633482,1.5660909237290035,0.05924215215217324,0.02363516070142033,0.15600593173117797,52,40
10.186868686868687,0.23308793838650965,2.1007617509033785,1.8676738125168688,0.076161015242304,0.04098529241473137,-0.07708287192387378,62,30
10.186868686868687,0.12351683410190706,1.8963905051738195,1.7728736710719124,0.06858603722944022,0.03522358100339878,-0.01635920445070069,74,18
10.075757575757576,0.08944120769290276,1.9818106161588682,1.8923694084659655,0.06888530690682289,0.056977927608916894,-0.05072184350533083,59,33
10.3989898989899,0.11175577201445885,2.050738936344711,1.9389831643302522,0.06272326479805676,0.0742997838478723,0.25317962023217916,62,30
10.297979797979798,0.052026972209249234,1.403343099920292,1.3513161277110428,0.07598091715425914,0.07183098075549602,-0.05182796764715432,67,25
10.308080808080808,0.09123318863893659,1.8436818353010311,1.7524486466620945,0.0746100654862925,0.08907337946178376,0.2600617493542786,65,27
10.186868686868687,0.1363901508319254,1.4535233687725813,1.3171332179406559,0.04155676982334134,0.008386333776903185,-0.10722210186054716,56,36
9.742424242424242,0.08985799837975383,2.2198914992742966,2.130033500894543,0.06669736988976623,0.07087342548402378,0.17620848256986804,53,39
10.186868686868687,0.04807003163710122,1.959478176340814,1.9114081447037128,0.06428328594916714,0.061324247783285706,-0.0663871838620028,64,28
9.742424242424242,0.10502163211278548,1.6908234042955126,1.585801772182727,0.05976928033854823,0.09461705937761045,0.1485038220997383,56,36
9.5,0.0820781723606081,2.1555671626441653,2.073488990283557,0.05582712354203299,0.011822260895292647,-0.0008180779508579002,43,49
10.186868686868687,0.10415150238202742,2.316566355397316,2.2124148530152885,0.05002754571220467,0.029719747737009663,-0.1271859691781866,67,25
10.186868686868687,0.3243312976098909,2.2714504895768783,1.9471191919669875,0.06626712747102025,0.03590427531747339,-0.15849781386459763,57,35
10.186868686868687,0.14265263040158693,2.145658136141068,2.003005505739481,0.08051249481376646,0.051319096269299896,-0.06170957819154627,66,26
9.782828282828284,0.04686225020483903,1.7425761264804285,1.6957138762755894,0.06424132301292998,0.032251875848223345,0.02176338928313425,60,32
10.3989898989899,0.13826188860644328,2.0510944865635237,1.9128325979570804,0.038693562243525964,0.06436069075767667,0.21848200545332835,67,25
10.3989898989899,0.045434784537676354,2.1621107359881355,2.116675951450459,0.07248926642009974,0.09228730973575934,0.10562808291122486,65,27
9.722222222222221,0.05971963129508562,1.787208281148258,1.7274886498531723,0.07910625869873156,0.0253665623612057,0.07359043237983393,36,56
10.035353535353535,0.06466733119802481,1.2869562419521776,1.2222889107541528,0.07550863981201848,0.032244512704910626,0.040082070462057404,53,39
10.186868686868687,0.17262153492693177,1.8908235495962178,1.718202014669286,0.04880629185458747,0.029382839634718428,-0.19817589054743123,67,25
10.035353535353535,0.07360265838508973,2.071928636022358,1.9983259776372684,0.06420084047401892,0.029271584058473767,-0.01531966497748488,58,34
9.722222222222221,0.12742982794412128,1.8883730021860867,1.7609431742419654,0.05385120347517699,0.08476191232812508,0.16283381433833163,50,42
9.5,0.020486512746470842,1.9371937958925092,1.9167072831460383,0.04709451325981603,0.02428679778673023,0.026326155371987122,44,48
10.297979797979798,0.0345516789626632,1.5215595668782171,1.487007887915554,0.04636523212048416,0.05698595714710865,0.10798404657123951,54,38
9.742424242424242,0.049815280919510485,2.1274361351632667,2.077620854243756,0.04112324851931163,0.058580458508655835,0.1120756941598919,58,34
9.762626262626263,0.0668138987504232,1.8602305321227162,1.793416633372293,0.08021900770878226,0.027583877694514064,0.071454108290462,52,40
10.035353535353535,0.08000712445582714,1.6729810551050965,1.5929739306492694,0.06288108601527002,0.036438042480955224,-0.014801556132207924,53,39
9.742424242424242,0.021522931592145245,1.6186430577279056,1.5971201261357604,0.06935846627947471,0.09269444663305447,0.07094673313257839,58,34
10.186868686868687,0.07822378360962934,1.83674860591731,1.7585248223076806,0.054350151437412224,0.03845407984804116,-0.07513981092913487,66,26
10.186868686868687,0.14692891830722776,1.6084822826623058,1.461553364355078,0.06909608623867383,0.04204092878669242,-0.17063778345739108,64,28
9.742424242424242,0.14753451855979005,2.267301943603904,2.119767425044114,0.03942672106107527,0.09674069475178147,0.12570715481396696,48,44
10.186868686868687,0.24725400501557315,2.43551411714892,2.1882601121333467,0.09347170101157437,0.03694393758709193,-0.0038047384394742094,58,34
10.035353535353535,0.12170641259638604,1.7866058166275685,1.6648994040311824,0.06141359215574459,0.03261574248874436,-0.05768721246613859,51,41
10.3989898989899,0.037175435349465547,1.9509424885146909,1.9137670531652253,0.06533390904719769,0.07224734694319492,0.1766802441124124,64,28
10.308080808080808,0.010516984435771315,1.4921032162004209,1.4815862317646495,0.05244830862235149,0.06212378835974787,0.08144540622806387,71,21
10.3989898989899,0.13466659567966666,2.366920104749361,2.2322535090696944,0.041973537147978406,0.04241314505831556,0.3798271882445896,70,22
10.3989898989899,0.050183206436085204,2.056287386800918,2.006104180364833,0.06771238992646371,0.07772605779107775,0.20649862026753887,64,28
10.308080808080808,0.20563500164206405,1.4785309123312151,1.272895910689151,0.060995332127555,0.12235474743258251,0.0048305200026943764,69,23
10.186868686868687,0.06693374973183253,2.0368755569615593,1.9699418072297268,0.07204254130273886,0.05949422272847023,-0.04084975607930002,60,32
10.035353535353535,0.023182432289341692,1.595731985178493,1.5725495528891513,0.07606834072799613,0.05518133197807862,0.05069423259346489,60,32
9.5,0.03511555197720839,1.6435197556986612,1.6084042037214528,0.061805734546435544,0.03506723188447078,0.028065214509387114,54,38
10.186868686868687,0.30818667575043035,2.333435305390353,2.025248629639923,0.07162238440817756,0.04177570247172431,-0.15298762372032398,65,27
10.075757575757576,0.03425406479034665,1.7120080831723548,1.677754018382008,0.06705912212713593,0.048928542583231774,0.013197340337892147,51,41
10.166666666666666,0.14786747867330385,1.8738030202687617,1.7259355415954578,0.05065376135489087,0.02573824541461513,-0.10111857431884158,64,28
10.186868686868687,0.12978355563491872,2.0634116660685398,1.933628110433621,0.0499480017563842,0.01202936962462529,-0.030489380844252657,67,25
10.3989898989899,0.03764638096269324,1.545367555436432,1.5077211744737387,0.04766980854431986,0.043893120223142616,0.20051156069420534,67,25
10.075757575757576,0.0782165105944368,2.012413658677284,1.934197148082847,0.05838464387985667,0.04343501413929771,-0.12023720125660935,61,31
9.722222222222221,0.19592970159352419,1.7473603929169639,1.5514306913234397,0.0696618544217946,0.14984045593167836,0.08624968834781058,55,37
10.47979797979798,0.05263899704337516,1.532647040835909,1.4800080437925338,0.05301663986395729,0.027684963256170543,0.02750400039728827,70,22
10.3989898989899,0.023957826020106765,1.5741668491655232,1.5502090231454164,0.058101316746541655,0.07074241082888967,0.08858663311277733,70,22
10.287878787878787,0.07029230017174748,1.524031513294784,1.4537392131230364,0.07672131390067582,0.07383853656112774,0.29116301365862157,69,23
9.722222222222221,0.1273310923438551,1.7442159066707887,1.6168848143269337,0.07243530314473355,0.13449352137410434,0.027005009856541095,50,42
10.176767676767676,0.080186561166671,1.5854356597153145,1.5052490985486435,0.08593860977379629,0.06888409911564815,-0.04290219400972574,63,29
10.308080808080808,0.06116554615989078,1.4423846342998896,1.3812190881399988,0.06710862887536666,0.07076218381923068,0.28104903953564997,75,17
10.075757575757576,0.05427101637064968,2.0689344182051466,2.014663401834497,0.06286149395201156,0.031211776678150276,0.01963876620299313,51,41
10.186868686868687,0.1727994832138331,1.6702843853355571,1.497484902121724,0.058037423451499294,0.05584817394269236,-0.1584652205888087,71,21
10.308080808080808,0.1558417182941807,1.838483675208156,1.6826419569139752,0.06757421535462707,0.09774127870554164,0.2715203511263096,69,23
10.166666666666666,0.09543832843601807,2.314335315507987,2.218896987071969,0.05384423344667705,0.014834275709124038,-0.04954821216075604,56,36
9.762626262626263,0.1317268665044029,1.9517928042492685,1.8200659377448656,0.04104308789738051,0.0021233116096277195,-0.09371418487048938,64,28
10.186868686868687,0.10883432453389852,2.0424325228908677,1.9335981983569692,0.06729814891375191,0.0403251091095614,-0.05226853720060084,56,36
9.5,0.14024740793486634,2.1640948096722146,2.0238474017373482,0.04836288062931379,-0.034300671759137924,0.07822031252234395,52,40
10.035353535353535,0.1190531848544345,2.239322770258964,2.1202695854045297,0.06026849656889641,0.0004995737128745455,0.08621710074241222,52,40
10.176767676767676,0.07235565834492519,2.3324389587390097,2.2600833003940846,0.08608581796595996,0.05662825515873082,0.027700849127154453,62,30
10.186868686868687,0.0638531823954962,1.7785465040705724,1.7146933216750762,0.06538976740643382,0.0404862780106864,-0.02809084353223985,60,32
10.035353535353535,0.18712127299469516,2.0838015843224147,1.8966803113277195,0.040223460779622994,-0.0432150906574519,0.029858783793705303,47,45
10.3989898989899,0.10393798103897378,1.821011688324773,1.7170737072857991,0.08000896236160832,0.07414173622705679,0.348220597987822,66,26
10.3989898989899,0.23171038312791836,2.309236582296236,2.0775261991683176,0.052639504890355376,0.09327491193941236,0.35328261466166344,66,26
10.035353535353535,0.08766838567064261,1.7432611868022085,1.655592801131566,0.04833548968590962,-0.001120290462960937,0.026910965822717715,52,40
10.3989898989899,0.11118669015798233,1.8171012038028425,1.7059145136448601,0.07264383772799901,0.06274642552545119,0.318719005332956,70,22
10.166666666666666,0.058111009734926666,1.630158029753168,1.5720470200182413,0.07692176815388599,0.03702758033910581,0.07453445726233576,61,31
9.742424242424242,0.08710721986752645,2.4082533489163005,2.321146129048774,0.03977164696530472,0.012219796973565846,0.15839857346975303,61,31
10.075757575757576,0.0909454452896461,2.5223542459550647,2.4314088006654186,0.06842803135713503,0.04840383184146235,-0.06280758858672435,55,37
10.308080808080808,0.14326336452466748,1.748284978126708,1.6050216136020405,0.08277993221004978,0.10586247450132703,0.27172053283230896,68,24
10.308080808080808,0.11696075453762966,2.0341878070833013,1.9172270525456716,0.07256381828312888,0.10391051542176666,0.13229247875625152,70,22
9.5,0.04507666311376579,1.799339779991388,1.7542631168776222,0.0460752680510873,0.007565170640643369,0.009946645527503505,53,39
10.3989898989899,0.220133158354485,1.7561555716114159,1.536022413256931,0.0357923125727131,0.05963565429551353,0.3019785315740357,74,18
10.166666666666666,0.07340559239698075,1.8987400136861217,1.825334421289141,0.06477899403259776,0.034946457318657885,-0.017965112402039136,57,35
9.742424242424242,0.190062767078915,1.7803293763186645,1.5902666092397495,0.05592549288990547,0.040988391347387784,0.20805106238314122,46,46
10.308080808080808,0.40346008565854286,2.0486861067244204,1.6452260210658776,0.07499043815423259,0.13748908620677106,0.2230593305484512,65,27
10.075757575757576,0.0773194111133435,1.5087006311377142,1.4313812200243707,0.029993363370383427,-0.004066776656148939,-0.04608945352378834,63,29
9.5,0.03638595165367442,1.27051502073491,1.2341290690812357,0.05254366504236354,0.07064802069242736,0.11172312451954354,52,40
9.722222222222221,0.09704494220167703,2.2529365339405163,2.1558915917388393,0.0490751955679149,0.0669112131417446,0.1550134893124629,55,37
9.5,0.10298335173865603,1.9578137477551945,1.8548303960165384,0.06203732028882129,0.03439076326721483,-0.036389410665630534,53,39
9.5,0.06073066547533568,2.156643700963536,2.0959130354882003,0.05847544941054796,0.007131665085181065,0.023756235885437047,47,45
9.742424242424242,0.02905486976572491,1.6306778658375942,1.6016229960718693,0.06850254177822356,0.09042381108921593,0.10846451742107956,58,34
10.186868686868687,0.09125746113020416,1.4885700093093328,1.3973125481791286,0.0808925162786598,0.05190843534552312,-0.030767039896019022,61,31
10.328282828282829,0.166986000068841,1.5304704411403007,1.3634844410714597,0.07630461464082611,0.07526241197617127,-0.2127881414311517,66,26
10.328282828282829,0.11710988949231371,2.0471447335781807,1.930034844085867,0.06724750890491561,0.05495471799876012,-0.12760301716717204,68,24
10.308080808080808,0.035363796237267486,2.035956262858578,2.0005924666213106,0.06811654030733622,0.07572829500449352,0.1772444886728207,67,25
10.3989898989899,0.13396436183872007,1.890581299899167,1.7566169380604468,0.07440009903069121,0.08679287950888204,0.3182993812127161,62,30
10.035353535353535,0.08242312071904179,1.5736089759246952,1.4911858552056534,0.046929921320329956,0.04702199213754136,-0.07406953547846483,49,43
10.035353535353535,0.08131315370275471,2.0585496275046737,1.977236473801919,0.053381764222156736,0.007015299822098427,0.03903694675399365,55,37
10.3989898989899,0.053720483333359326,2.3350648322789787,2.2813443489456193,0.06673466785076493,0.0821283900300716,0.18642516142606905,69,23
9.782828282828284,0.045018106657803925,1.5594673812004893,1.5144492745426854,0.0542070685654661,0.06545515407067969,0.1207712183328156,52,40
9.762626262626263,0.1354559959427566,2.052367404206751,1.9169114082639944,0.02343231305832955,-0.03230793142347626,-0.06219376446831712,50,42
9.722222222222221,0.2461356090481217,1.6402690407050302,1.3941334316569085,0.02900126753596707,-0.07262194625406132,0.08436437773168479,55,37
10.3989898989899,0.14301627674646733,1.7812295406500143,1.638213263903547,0.09243532138411725,0.09923113991457594,0.40061726494386946,68,24
9.5,0.2665165355476531,1.832095555370191,1.5655790198225379,0.034965822609188894,-0.013318789210456681,-0.12531972575708492,54,38
10.035353535353535,0.05680687993657374,1.6364545199615197,1.579647640024946,0.06278606336191085,0.028589958757286076,0.03193117351243258,55,37
10.287878787878787,0.23893629758278268,2.2492883812814912,2.0103520836987085,0.05336033022578343,0.06651223318242375,0.2938728017149569,53,39
9.782828282828284,0.03109344907591227,2.2026384819075964,2.171545032831684,0.05088758362041769,0.05643599751160359,0.11462472583055401,49,43
10.308080808080808,0.06255990153848767,1.9222438731195561,1.8596839715810685,0.0620103741380678,0.073686592520813,0.2132602407002353,71,21
10.3989898989899,0.1612411299207972,2.038541815006448,1.8773006850856508,0.07548386870129656,0.09800781953918529,0.2727765772110458,64,28
10.035353535353535,0.10002455358766049,2.1518454118861268,2.0518208582984663,0.05401649300125874,0.006871544742834867,0.019786301261426303,55,37
10.3989898989899,0.12885347592970575,2.104993932648822,1.9761404567191163,0.04945885002925316,0.059946208765779545,0.4789407005680628,68,24
10.186868686868687,0.12716403258286446,1.9791806008156012,1.8520165682327367,0.06458802238741092,0.03074524273107975,-0.04554917767100979,61,31
9.742424242424242,0.16912113925062444,1.6240279121317136,1.4549067728810892,0.07192029764146679,0.11907902413697766,0.16737497071828128,49,43
10.308080808080808,0.047582761032726406,2.4114186989890682,2.363835937956342,0.04027105978861184,0.061516080026390446,0.09892186790432766,58,34
10.176767676767676,0.1472589945648859,2.4054846624719466,2.2582256679070607,0.07089460250770196,0.06140492730576781,-0.13739291878117887,57,35
9.742424242424242,0.14431601605170563,1.8224136740560168,1.6780976580043112,0.07837804448237316,0.061771695911037594,0.21564006831980084,52,40
10.297979797979798,0.09214749279754475,2.2227819724790576,2.130634479681513,0.08081824990830777,0.05096472042870451,-0.018817519612601405,65,27
10.3989898989899,0.15165557439970945,2.219262535160721,2.0676069607610117,0.0647570134483136,0.047884756690537586,0.2820179597627972,61,31
10.3989898989899,0.11133693113642495,1.8206096428740404,1.7092727117376154,0.0675608533041839,0.07238291903420463,0.41333715149095807,69,23
9.51010101010101,0.09343490631561036,2.0752907124434166,1.9818558061278062,0.05876848074930828,0.08775813214327784,0.1508850508335594,49,43
9.5,0.04706402627441264,1.5869252800148808,1.5398612537404681,0.057987568759261594,0.016335314570968807,0.03759211470510501,57,35
10.3989898989899,0.1098625857274731,1.7454548760519388,1.6355922903244657,0.055920487396420665,0.08873080400250918,0.01641667125732478,68,24
10.3989898989899,0.1448167507800573,1.5908492371740588,1.4460324863940015,0.07631228297457576,0.09812837463995708,0.2879793581514347,76,16
9.742424242424242,0.15668816910547734,1.827131443276489,1.6704432741710116,0.06661254442086405,0.04104584083695804,0.21695824357737362,49,43
9.732323232323232,0.0790525676526217,1.5345521164207965,1.4554995487681748,0.04087412589793811,0.07052892664891272,0.11436933538490136,51,41
10.308080808080808,0.14098105078649326,2.0193771143143793,1.878396063527886,0.05049660204125214,0.08337477811384031,0.187920821724412,64,28
9.5,0.1405225562224477,1.6393987727987724,1.4988762165763247,0.012031229294720105,-0.06401775855231386,-0.05446576817283146,48,44
10.3989898989899,0.11141328348983537,1.8395654573047984,1.728152173814963,0.0655589239135587,0.10101369795760633,0.14313705476587363,66,26
10.3989898989899,0.13722015324847758,1.9452239561753106,1.808003802926833,0.07061029080216137,0.0889432749915703,0.31785385743667066,68,24
10.075757575757576,0.11561855674190191,2.005186286653245,1.889567729911343,0.05735913587714644,0.031527527768215206,-0.07492202819539608,58,34
10.3989898989899,0.050399180578395875,2.128881995104917,2.078482814526521,0.04475556354247917,0.051433277762478455,0.25804120757407073,72,20
10.47979797979798,0.07822127839609205,1.388689363337009,1.310468084940917,0.052921859413651434,0.03778642327522724,-0.24035792048377297,73,19
10.3989898989899,0.16088309162746683,2.0393780253454556,1.8784949337179888,0.056195933532057776,0.09594905061286968,0.14966182725121893,64,28
10.075757575757576,0.0569126599554286,1.7637984895332233,1.7068858295777947,0.0817490025656639,0.05977017733000724,-0.0005026476625827894,57,35
10.186868686868687,0.0455016393972163,1.5344685428428662,1.4889669034456499,0.04682640182880173,0.049560604496764436,-0.060696585673573035,62,30
10.186868686868687,0.30908096957086295,2.206393326761166,1.897312357190303,0.04048643288921072,0.039111092092665334,-0.30186988723505326,55,37
10.035353535353535,0.10962043816244327,2.0905016076605527,1.9808811694981094,0.052641449275102295,0.009630597908199876,-0.03364440136619693,63,29
9.722222222222221,0.08000905641073874,1.8863154496861179,1.8063063932753791,0.0768861772161965,0.1351065701879967,0.05751114011552759,50,42
10.328282828282829,0.08146035841410493,1.7474563080122127,1.6659959495981078,0.07390707881555215,0.07220125927117753,-0.15245574531918213,67,25
10.186868686868687,0.16842954438879065,2.0304018309025116,1.861972286513721,0.08433833956946807,0.06812288294128,-0.13334796331267246,65,27
10.186868686868687,0.08071815672843541,1.81467185417371,1.7339536974452745,0.0623218373003727,0.057482713595730504,-0.0818598084610648,59,33
10.308080808080808,0.11111626692679066,1.428275122102408,1.3171588551756173,0.06165694258372395,0.06833445331672792,0.3445947179620154,71,21
10.186868686868687,0.1063973027919678,2.162668140055584,2.0562708372636163,0.0432509886978493,0.011971274416434136,-0.04842528581221624,65,27
10.186868686868687,0.06902346102133805,1.8415549523200807,1.7725314912987427,0.08994898614780088,0.06834273561801261,0.0048090990690874665,64,28
9.732323232323232,0.011670841186999237,1.6573020219949426,1.6456311808079434,0.06329804862278099,0.07779858003484955,0.09023722806094644,56,36
10.3989898989899,0.2274219932927175,2.0109890906445416,1.783567097351824,0.06751264323714185,0.09353852961896164,0.5718883667271183,69,23
10.3989898989899,0.061992728404480335,2.110955467831444,2.0489627394269636,0.06649534073093237,0.08416166381208591,0.1634678582029699,68,24
10.176767676767676,0.08502405578327998,2.029632246679254,1.9446081908959738,0.06214395471977765,0.04623438109279959,-0.06701905980379354,58,34
10.035353535353535,0.022494606015816654,1.66449783602985,1.6420032300140333,0.06028664726898325,0.04933855578142181,0.006101845859105258,55,37
10.3989898989899,0.22540759757860673,1.4478286091217494,1.2224210115431426,0.06662234200460843,0.11177009887478097,0.020470615673720917,70,22
9.5,0.03300389473160603,2.008932677279492,1.9759287825478862,0.06928526888646258,0.04427450030788488,0.026479664430722395,35,57
9.742424242424242,0.13126978808482992,1.5792105472094828,1.447940759124653,0.05847144910847937,0.03921732707776865,0.19072257324606096,47,45
10.075757575757576,0.03669782496844998,1.9008778448703094,1.8641800199018594,0.09686043249897007,0.06512760858600339,0.1011493518942,51,41
10.237373737373737,0.05582482386346177,1.3721650615473726,1.3163402376839108,0.060134174418381134,0.059033435110289655,-0.05325174373026753,55,37
9.742424242424242,0.11700468407209108,2.1159740602498007,1.9989693761777096,0.05797730528664256,0.09834769048375279,0.13490680245375586,49,43
10.308080808080808,0.08525388036814086,1.6759947960194284,1.5907409156512875,0.08394617325989526,0.0728532134012238,0.3349362626362553,72,20
9.5,0.1450020905405489,1.9287654118965696,1.7837633213560207,0.04462068941067796,0.04661711522934986,-0.0600295238170078,40,52
10.075757575757576,0.10038400622596133,1.715694212062104,1.6153102058361426,0.04482900429665304,0.017070702759851324,-0.04465845656839522,64,28
9.782828282828284,0.19804183246233098,1.606707989167243,1.408666156704912,0.068460038397517,0.04608327957265958,0.25094826873401904,53,39
10.075757575757576,0.07427346306905491,1.6875887701937224,1.6133153071246675,0.05727579908107338,0.01946182766009714,0.007694414390392336,57,35
10.186868686868687,0.03694612088956384,1.3881298231355725,1.3511837022460087,0.05988357000420753,0.04536522879222141,-0.05702344582416086,66,26
10.308080808080808,0.046042000728171883,1.7727173080262593,1.7266753072980874,0.06385665176469663,0.08552856407270046,0.13499696937462363,57,35
9.742424242424242,0.0805394727037525,1.8438671469571244,1.763327674253372,0.07463655867468273,0.09244517323904532,0.15355851217825867,54,38
10.328282828282829,0.15800276947960623,1.5783107331915283,1.420307963711922,0.05199063683740362,0.07520099939618816,0.231890714454194,75,17
10.176767676767676,0.2369666079727053,2.4871555994244705,2.250188991451765,0.040982624690315786,0.04281913903778745,-0.22823039740153836,58,34
10.075757575757576,0.08129971884177967,1.8968302278901175,1.8155305090483378,0.058177110002860216,0.0436237752504351,-0.044922234087795075,60,32
10.237373737373737,0.0568817787381215,1.7931520176116436,1.736270238873522,0.04915006821706041,0.03908056957351811,-0.07562831594083982,64,28
9.722222222222221,0.08902967578879051,1.7279588489094901,1.6389291731206996,0.0959500848287455,0.09093156348316199,0.2070468488837025,57,35
10.308080808080808,0.058140034160724774,1.6166049205949258,1.558464886434201,0.06946948615017834,0.06851415012136018,0.2598729325087541,75,17
10.3989898989899,0.2214479275466983,1.9035999393012866,1.6821520117545883,0.04796379385063662,0.04226446867788324,0.6230829813083545,74,18
10.3989898989899,0.1620053100729315,1.8312391957978,1.6692338857248685,0.05995939023493862,0.09096567499631257,0.19506148333020062,73,19
10.3989898989899,0.1841875246087359,2.078166722307861,1.8939791976991251,0.04800470450101968,0.07028860995604483,0.40726393040476666,69,23
10.3989898989899,0.08995590064545289,1.7698438144900803,1.6798879138446274,0.06055948895735626,0.08730523819476521,0.13217614698519262,67,25
10.035353535353535,0.1409997901593676,1.986662251458002,1.8456624612986343,0.03951939817452158,-0.014628270135567927,-0.03973797152246327,51,41
10.308080808080808,0.04661928201199084,2.3190392067588865,2.2724199247468957,0.043644189865051926,0.05062561140354907,0.22484316532162063,66,26
10.186868686868687,0.04306195854824235,1.1958958557864436,1.1528338972382013,0.025031042614896314,0.01169425203996398,-0.077860598669976,60,32
9.5,0.11605345645830134,2.0779838904451235,1.9619304339868222,0.061829693665446536,-0.018786429585777302,0.03270065889388822,44,48
10.075757575757576,0.05126864150428889,1.6422981554901868,1.5910295139858979,0.0532888600483728,0.03762541390640497,-0.03557684564993252,53,39
10.035353535353535,0.07399393315805525,1.8860917603089065,1.8120978271508512,0.06418332954507014,0.017670782444064018,0.07786791893926008,60,32
10.035353535353535,0.1416810487957958,1.4751588243396312,1.3334777755438354,0.03806043564582832,-0.034079953829651566,0.07017721422926765,60,32
9.5,0.04015763279696638,1.9357240471700685,1.8955664143731021,0.06996384182998068,0.01993929193067841,0.06998619002608131,45,47
9.5,0.07595138253886091,2.095810630178584,2.0198592476397232,0.05121286863064162,-0.01394432184539821,0.04839740519497864,44,48
9.762626262626263,0.249083083723578,2.314946328664015,2.065863244940437,0.06609126120227342,-0.03355128450300017,0.1307933568974367,53,39
10.3989898989899,0.13833010703774584,1.38830054456605,1.249970437528304,0.062197372300631985,0.0925228515375235,0.1465821321716876,76,16
9.5,0.044675774271142554,1.6557832815502964,1.6111075072791539,0.09287853233319492,0.04160576056416716,0.09224360085516768,44,48
9.722222222222221,0.12831142461152534,1.7729737495339497,1.6446623249224244,0.05433144987269432,0.09790542221857576,0.13118607092050366,50,42
10.3989898989899,0.14311774675134759,1.6813993269289167,1.538281580177569,0.05980588053319141,0.057963814937266364,0.4258465498764504,71,21
10.3989898989899,0.3124600845257235,1.7560865060447608,1.4436264215190373,0.0926657911080113,0.1492663129885082,0.02851964593933149,67,25
10.075757575757576,0.0322406279911327,1.7434122913940697,1.711171663402937,0.06105840662858694,0.04627591189827941,-0.010728524400347649,60,32
10.3989898989899,0.06768830860413355,1.6437513431759194,1.5760630345717859,0.09097752253355622,0.11011167820854215,0.18041042814698635,72,20
10.3989898989899,0.07858447452476391,1.5506768061498037,1.4720923316250398,0.045724123984577224,0.07638498239416988,0.07287900691631558,64,28
9.5,0.10866504872978733,1.4024556896532678,1.2937906409234805,0.042628391048544996,-0.04539876993142874,0.01667338424319112,39,53
10.237373737373737,0.025174747205974013,1.4359552933469828,1.4107805461410088,0.061890101083545666,0.05280380209971218,-0.017510837543310554,62,30
10.176767676767676,0.3391764740307188,2.379890527032887,2.0407140530021683,0.07671917400944178,0.09846579253600207,-0.19422902848407372,59,33
10.3989898989899,0.2575915718384172,2.034893181607577,1.7773016097691596,0.04929993745026234,0.09463402424259978,0.08947263590379552,68,24
10.308080808080808,0.0663285259709967,1.5123104470317719,1.4459819210607752,0.08061979952237538,0.0741148093100778,0.26209780846187386,69,23
10.186868686868687,0.13817490804815868,2.173199239665116,2.0350243316169574,0.04607636071821911,0.016910369548889883,-0.06280094337802236,60,32
9.5,0.08699308639794046,1.3903291174767234,1.303336031078783,0.08312508841084368,0.1113973132046309,0.1645600574327132,51,41
9.782828282828284,0.039071057549913135,1.5980165002229152,1.558945442673002,0.04922173867280762,0.06580238125394794,0.1213772061727518,53,39
9.782828282828284,0.033674597220644475,1.8587412136817156,1.8250666164610712,0.061024239536494655,0.08912701276765034,0.0947660521462315,52,40
10.287878787878787,0.040390345674067074,2.3464081668671906,2.3060178211931235,0.05705805252595022,0.07413567557348798,0.1469566470990896,68,24
9.762626262626263,0.07453701094723364,1.5850485987274558,1.5105115877802222,0.03595538378027174,-0.009631664565208658,0.019148462882228604,57,35
10.186868686868687,0.27328550797711015,2.0725726939181324,1.7992871859410222,0.05102126884419544,0.004152040788245829,0.1252232901077032,72,20
10.3989898989899,0.1889556482507031,1.725559131194062,1.5366034829433588,0.06125253435419058,0.10729185687321963,-0.0029244324163501005,68,24
10.186868686868687,0.1619156188437325,1.7976422867053024,1.6357266678615698,0.06792015197563674,0.06234625154717051,-0.1102809779670056,54,38
9.51010101010101,0.11296937256525386,1.4223110488359427,1.3093416762706889,0.05037693523941064,0.043515636611725514,0.17969407970259488,52,40
10.186868686868687,0.17596171506753078,2.0442525973321226,1.8682908822645918,0.05775786095055054,0.03819156992520677,-0.12101748086479892,64,28
10.3989898989899,0.14615028867163016,1.953837899823201,1.807687611151571,0.07067471735196497,0.06291548102085655,0.4167566704455349,68,24
9.722222222222221,0.09730732141149767,2.301215734830189,2.2039084134186915,0.05455764695986675,0.12626843682125707,0.06511534797237968,38,54
9.742424242424242,0.028007267008481218,1.4204216086237085,1.3924143416152273,0.04791821858826505,0.06644888907605154,0.09093870401290362,56,36
9.5,0.04826770931313806,1.9320088379915048,1.8837411286783667,0.049053982680611445,0.013508415367709959,0.018580178944261887,55,37
10.308080808080808,0.023375615780564685,1.3842179273957245,1.3608423116151598,0.05957473688880633,0.06746506620267355,0.15047257168530628,68,24
10.186868686868687,0.13616417384847068,1.8286359135848445,1.6924717397363738,0.04578973958394729,0.042624610269064035,-0.1329067930697396,61,31
10.186868686868687,0.125965782799772,2.0596650666406813,1.9336992838409093,0.08665740792284914,0.05618531795563081,-0.036415884802072515,55,37
10.075757575757576,0.04677625183826328,1.4963496676884251,1.4495734158501619,0.046205817107640386,0.04069707593059252,-0.06764888348247383,64,28
10.3989898989899,0.11156126317453396,1.8957785645710026,1.7842173013964686,0.06436357911523834,0.07083961736223725,0.4032980370609804,64,28
10.035353535353535,0.09972692477787515,1.638172339306633,1.5384454145287578,0.052696939294204645,0.04328768344635489,-0.09331985361012357,57,35
10.186868686868687,0.28948083041561645,2.1107939716256174,1.821313141210001,0.07461244442408681,0.03654083207587329,-0.11175383410910052,61,31
9.742424242424242,0.08508915833890307,1.5995521759722202,1.5144630176333171,0.07147799015179955,0.05975520708753178,0.1661942215713354,49,43
9.742424242424242,0.0402752156715962,1.967300942236413,1.9270257265648167,0.055394782260599615,0.08117866507115724,0.09269237430926167,54,38
10.3989898989899,0.12997019037736735,1.5928035998328303,1.462833409455463,0.045846039631193596,0.06472371973323153,0.271350688562953,72,20
9.762626262626263,0.06814735626288249,2.3783136127752393,2.310166256512357,0.055647447019953104,0.015514583104647579,-0.0036301885470109325,55,37
9.742424242424242,0.22374508219472844,2.210703599104619,1.9869585169098904,0.05861770399234319,0.1314451899437443,0.14050757688573917,48,44
10.308080808080808,0.09976792856965266,1.462989361074777,1.3632214325051244,0.060769982367109024,0.07447818408039407,0.29092196743286053,73,19
10.075757575757576,0.026389736081483317,1.8710078288015235,1.8446180927200402,0.05393078406500556,0.03941731421742237,-0.014666684786420817,60,32
9.5,0.05974598680019838,1.655203140715398,1.5954571539151996,0.07277189222037456,0.025096895918545043,0.0442910039254585,48,44
9.5,0.061247653784624045,1.6972549799025392,1.636007326117915,0.05046332588923524,0.10176816127933355,0.0810933229840683,46,46
10.035353535353535,0.016254728091058324,1.6216445001453408,1.6053897720542825,0.04146419223907455,0.02335486025468512,0.025826010622827755,59,33
9.722222222222221,0.13862107997045148,1.7319416262463283,1.5933205462758768,0.0867689641226223,0.15820095567581496,0.09224610719959513,49,43
10.075757575757576,0.11926223451918627,2.1602498793212788,2.0409876448020925,0.05763931720898555,0.0183821961009017,-0.018246600879841514,53,39
10.308080808080808,0.3140550943049285,2.1121839052254416,1.7981288109205131,0.06595123761345979,0.09256236775792973,0.5543445650911473,71,21
9.51010101010101,0.01915241944603574,1.8342576076520392,1.8151051882060034,0.05267954034131337,0.052779353360251455,0.10201006141722815,52,40
10.237373737373737,0.06697658612453572,1.9279815716214082,1.8610049854968724,0.04731237221121841,0.03703252165364164,-0.1207041943013217,70,22
10.166666666666666,0.06596950941054947,1.4700939366394608,1.4041244272289113,0.07594221031488625,0.05483354760994506,-0.025258277531907774,58,34
9.5,0.07065080905202059,2.2059292259996077,2.135278416947587,0.07571010270406385,0.058933834286696817,0.002756543096004835,47,45
10.3989898989899,0.15313660697474663,1.6869733763708294,1.5338367693960828,0.059916339127233195,0.10121791116685613,0.1554909826264274,58,34
10.035353535353535,0.3259352974930194,2.536064885356626,2.2101295878636065,0.08119835740276689,-0.013123742227565504,0.17101390295237082,51,41
10.075757575757576,0.08881457590062602,2.0612686955924837,1.9724541196918577,0.08719416335420418,0.040833705906677224,0.11082704205917658,58,34
10.075757575757576,0.06031414133695234,1.601435757865298,1.5411216165283457,0.044791468109370056,0.03770061057329831,-0.05352509045625196,54,38
9.742424242424242,0.10336978936964858,1.7159356946428488,1.6125659052732002,0.059529198541790465,0.0766249662815917,0.18420002099050242,56,36
10.328282828282829,0.05225218293332223,1.7386567589813413,1.686404576048019,0.038772664930225145,0.0467006760868132,-0.11614513139939922,70,22
10.308080808080808,0.025760536741244344,1.7133682051313528,1.6876076683901085,0.08641958271222058,0.1094754651673616,0.10699427695055864,66,26
10.186868686868687,0.07796946299668206,1.6453428255362161,1.567373362539534,0.048188893228603424,0.04194657062287974,-0.08866228978995663,63,29
10.3989898989899,0.074654649656267,1.6505752321365768,1.5759205824803098,0.06690172042349181,0.09801975277086071,0.0873026663856291,63,29
10.186868686868687,0.15137998112670292,2.1436414661505556,1.9922614850238527,0.05619288607106966,0.04142401121923265,-0.12603116542035955,61,31
9.5,0.022331631490476678,1.4904418502207752,1.4681102187302986,0.05477732504865228,0.017489158052471,0.044528628080032356,45,47
10.075757575757576,0.05487437406284057,2.2795400912887964,2.224665717225956,0.06113111464307996,0.045922957188534654,-0.04015481926693038,61,31
9.742424242424242,0.02292891795993679,1.4894640606299205,1.4665351426699837,0.060669552904487764,0.07977550486316594,0.08756018482312493,54,38
10.176767676767676,0.20641254863350644,1.6326936801817056,1.4262811315481991,0.0767591068943416,0.09012145610487667,-0.24312468881366656,68,24
10.3989898989899,0.044123913707792894,2.187445673343599,2.143321759635806,0.049315556773037506,0.055277732264074994,0.1901880994344055,61,31
10.035353535353535,0.10029910482325755,1.85332981459996,1.7530307097767024,0.02972509835264471,-0.0059191581042391545,-0.06570314793263655,57,35
10.176767676767676,0.06194114282080743,1.3276725677447998,1.2657314249239924,0.07774783581569213,0.05899632639921197,-0.010725131889092214,67,25
10.176767676767676,0.036791491856669634,2.120047070560754,2.0832555787040845,0.045115228763356933,0.06376709555475427,0.10841158363078851,69,23
10.328282828282829,0.0715253006449168,1.5932430057944718,1.521717705149555,0.0639149657085472,0.052095198102514444,-0.08676962681807382,70,22
10.308080808080808,0.018338743659962686,1.3996186938781037,1.381279950218141,0.08567231819640796,0.09247939401062699,0.21490386314000465,71,21
10.237373737373737,0.039281527955855156,1.4147653475351916,1.3754838195793364,0.027926099240624794,0.03930441390705378,-0.0870201887243246,62,30
10.3989898989899,0.0948172165614336,1.881472026882662,1.7866548103212283,0.051371072794162025,0.06856984050823609,0.2334999244041214,68,24
9.5,0.25944018639881006,1.7599340199310485,1.5004938335322384,0.06852458354068808,0.028960404388304075,-0.08108745280690047,51,41
10.075757575757576,0.022704682953151423,1.5786541527811069,1.5559494698279555,0.08707192939693731,0.07733162195460251,0.02536184858159216,59,33
10.3989898989899,0.14628689935171502,1.7191425440735493,1.5728556447218343,0.07162365425900419,0.08355139307479643,0.3775243195570572,71,21
10.186868686868687,0.19199529414076677,2.1837793134394086,1.9917840192986418,0.07185203944832183,0.023047094597539855,0.15402030338827222,63,29
10.075757575757576,0.05517943828584149,1.6331016682014308,1.5779222299155893,0.07514624165363763,0.04561219904214819,0.04327982421247699,61,31
10.3989898989899,0.11633150586233199,1.7574866257056465,1.6411551198433145,0.053211872795733,0.042089055141197464,0.29247632595940887,61,31
10.3989898989899,0.09271476923642119,2.2176058879897598,2.1248911187533386,0.0673754074749262,0.0969714454330795,0.16053582112444353,68,24
10.3989898989899,0.0478172744043488,1.7482833967679983,1.7004661223636495,0.08044206120147733,0.0968997182929135,0.18559334027254368,72,20
10.176767676767676,0.14466944180277674,1.5560171294237353,1.4113476876209585,0.06671469945142053,0.06539812234782695,-0.10123055223250671,58,34
10.176767676767676,0.08066696310124355,2.021029357521936,1.9403623944206925,0.04820511518054597,0.039008565344754456,-0.19080803962800752,62,30
10.045454545454545,0.08167845372292515,2.022202707442814,1.940524253719889,0.0650284371255439,0.029192869866182497,0.009140391671348077,59,33
9.5,0.0559626908777644,1.5818793877215052,1.5259166968437408,0.06201776889536759,0.03549588141051201,0.004108616744814082,49,43
10.3989898989899,0.06606572658535348,1.4736107200343938,1.4075449934490403,0.059376761482660134,0.0744900344150693,0.258177725348171,65,27
10.3989898989899,0.2502921943497962,2.290772736470929,2.040480542121133,0.053350827378974286,0.03798461378041384,0.5255366372974345,73,19
9.722222222222221,0.11228824868465459,2.12343294165377,2.0111446929691152,0.07959705669621588,0.12671541431269268,0.13630231279670466,52,40
10.3989898989899,0.2804390919531732,1.804688210607565,1.5242491186543918,0.07220687046512791,0.08806052250583483,0.42717423860214465,65,27
10.297979797979798,0.05697360676974017,1.6606039953948335,1.6036303886250933,0.06444167514773248,0.054948183401545905,-0.060395206252831624,71,21
9.782828282828284,0.05144011508672852,2.0387674771557713,1.9873273620690428,0.08407296550738647,0.0762893209538686,0.18331320612034488,56,36
9.762626262626263,0.09368459172602761,1.4465528446026445,1.352868252876617,0.04253947602560385,-0.0027320182625104445,0.02744540844944711,62,30
10.186868686868687,0.10191106241574843,2.133127075353893,2.0312160129381445,0.05132745769450785,0.020940353894796107,-0.058179049749599025,62,30
9.742424242424242,0.15805227601235483,1.4825652872416542,1.3245130112292993,0.06217032449112817,0.0878165358655162,0.19692995955696904,54,38
10.308080808080808,0.07319055302465838,1.651806128767043,1.5786155757423845,0.04143619239867877,0.06809202776194913,0.07279149371401852,68,24
10.3989898989899,0.026944314109146994,2.0446625184659295,2.0177182043567825,0.053542040848770026,0.07540485767630623,0.04786854922271691,63,29
9.742424242424242,0.02868475636658463,1.6123289234710199,1.5836441671044352,0.06757592759882215,0.07964425117517478,0.12997282627403212,56,36
10.176767676767676,0.16944358828119066,2.0827605015924515,1.9133169133112609,0.061065420481892355,0.061389035831109544,-0.14654224058345738,64,28
9.732323232323232,0.034076999882744596,1.7286606280218504,1.6945836281391058,0.05394789018249029,0.07570197203821535,0.09831604918891121,57,35
10.308080808080808,0.06297036631062247,1.3566863324725553,1.2937159661619329,0.05824701622910402,0.0837054173368171,0.07876346561923767,68,24
10.186868686868687,0.12191746620163935,1.877714008098233,1.7557965418965937,0.06504026767484326,0.04770263212876226,-0.06067419090439237,60,32
10.3989898989899,0.057406822001466296,1.628895127247914,1.5714883052464477,0.08392146706014834,0.10760813834126857,0.12150730922381285,66,26
9.5,0.15897080368015892,1.951217860226802,1.792247056546643,0.08578689361476612,0.08568004754666804,0.21272505162716393,47,45
10.308080808080808,0.03856452969483204,1.7571457722898691,1.718581242595037,0.05217770074556873,0.04864823029499107,0.1969517852654083,67,25
10.035353535353535,0.055818710754757195,1.4816738847444053,1.4258551739896481,0.06510131236204411,0.016378693088829305,0.10450369491547247,45,47
9.742424242424242,0.07481599732175837,2.0083921099484585,1.9335761126267001,0.057809059465970536,0.09665533122613852,0.10848783125251284,55,37
9.5,0.03846754809863584,1.708779082340339,1.6703115342417032,0.055733090843618945,0.10239525707541267,0.040728680944399076,42,50
10.035353535353535,0.2217272817333571,1.8581431715240055,1.6364158897906484,0.05790903673341759,-0.02205848038125398,-0.003971866036201578,45,47
10.308080808080808,0.22090209366480207,1.950232116326891,1.729330022662089,0.07407552675551204,0.11950905299082308,0.21939786240210196,74,18
10.186868686868687,0.03367463145209326,1.9758171532491753,1.942142521797082,0.07381270182589995,0.07110245295928139,-0.038702737266791104,62,30
10.186868686868687,0.20235957564611384,1.852817176302504,1.6504576006563902,0.04882239886141472,0.05631467295388378,-0.1943063354467985,59,33
10.237373737373737,0.10935917528986039,1.7840248027686547,1.6746656274787943,0.04114149296124899,0.015298162218211673,-0.10238235061343005,54,38
10.3989898989899,0.2268251161697845,1.875655136100749,1.6488300199309645,0.05115187524007532,0.10786008119201905,0.037730830236108605,70,22
10.3989898989899,0.19830643879606447,2.039486892978772,1.8411804541827075,0.0755708205568373,0.10899962049207969,0.3768248483963219,70,22
10.308080808080808,0.026074280713876075,1.8536146417061419,1.8275403609922658,0.08189763878143279,0.09182452999808262,0.15461844460341131,64,28
10.3989898989899,0.08269651441909898,2.000547791487811,1.917851277068712,0.05490348593846579,0.05829691676052857,0.26566004412395405,61,31
9.5,0.07484172939590428,1.7695096467967097,1.6946679174008055,0.05864857015093374,0.0713676776176081,-0.016820039905242064,43,49
10.3989898989899,0.06745375387270647,1.5700821670480285,1.502628413175322,0.08096104649189048,0.10351560392811895,0.17669835761869956,65,27
10.308080808080808,0.1187489030828508,2.1200591407355005,2.0013102376526497,0.04343383727607292,0.05577192181324595,0.33521767255170765,64,28
10.186868686868687,0.10000648506431364,1.9144222623939589,1.8144157773296452,0.07726188769809644,0.0581300207567867,-0.056695700331257246,62,30
10.186868686868687,0.20883465989618744,1.6447285427439664,1.435893882847779,0.09616527192156325,0.035844625738125475,0.07073996999285197,58,34
10.308080808080808,0.1062969753259051,1.793464316214122,1.6871673408882168,0.0681771972982687,0.09796827690843928,0.12560441116282164,65,27
10.3989898989899,0.11480889302428832,1.465342793884116,1.3505339008598276,0.07574481002419159,0.10477962656076355,0.13625126235940832,68,24
10.3989898989899,0.10054190107771555,1.73012664540979,1.6295847443320746,0.07451314713969533,0.07698018608760519,0.39094698735043637,76,16
10.308080808080808,0.0690455929116136,1.7111130809076345,1.6420674879960209,0.058866247116979034,0.08527228524695885,0.13286412150812252,69,23
10.186868686868687,0.16787740424305841,1.9006073432526969,1.7327299390096385,0.05261983882019176,0.05393414864472704,-0.15332581991828093,56,36
10.328282828282829,0.1475078829762162,2.284721873848103,2.137213990871887,0.05672768901046517,0.02219147406063562,-0.0515877235119447,71,21
10.186868686868687,0.23888394109313693,1.9947186402748096,1.7558346991816727,0.051473567618839595,0.030977470462177782,-0.17047454075557913,62,30
10.287878787878787,0.05378427551918641,1.6672895568774044,1.613505281358218,0.06957588035201133,0.08804510755618267,0.18512373264965545,66,26
10.3989898989899,0.11666151547362924,1.3367743889312047,1.2201128734575755,0.05676693449502864,0.0737130311391904,0.2681679983177197,64,28
10.035353535353535,0.07205322942560577,1.6370642453009971,1.5650110158753914,0.04346214704869366,0.004699061314603645,0.010713314810993935,57,35
10.075757575757576,0.20994084867439455,1.8688019802380718,1.6588611315636772,0.04640011673073599,-0.006744427308206331,-0.14067358963080187,54,38
9.742424242424242,0.06369971787651152,1.7442989154939863,1.6805991976174748,0.05339531143012797,0.06373038039226155,0.14141983152421972,54,38
10.3989898989899,0.24882096992414837,1.5442709923857345,1.2954500224615861,0.07731764672190891,0.10162340170046347,0.6074140930713486,68,24
9.782828282828284,0.11510476451085805,1.857985260332963,1.742880495822105,0.04370036881989859,0.03502611612951309,0.21099356048210438,55,37
10.287878787878787,0.06963871548155098,2.002465751372743,1.932827035891192,0.06132652132514522,0.05081146203226463,0.276444457469587,65,27
10.045454545454545,0.10801383912774565,2.2157288975589147,2.107715058431169,0.05902457803344116,0.054179898366096976,-0.09607913061515604,56,36
10.075757575757576,0.16496740305670188,1.79139750981558,1.6264301067588782,0.06957024431597741,0.049092695271456696,-0.12749586661230772,56,36
10.237373737373737,0.08857996078793451,1.3797277388086313,1.2911477780206968,0.08542250120892038,0.06701778301290547,-0.046072973726596626,57,35
10.035353535353535,0.12801039689956806,1.6006088917439925,1.4725984948444244,0.09314289072703251,0.034157530741970824,0.09967743950787677,53,39
10.186868686868687,0.06775234924405638,2.0058052921662557,1.9380529429221993,0.07441016520364963,0.03875570384160479,0.08022109644176993,65,27
10.328282828282829,0.13556380671820034,1.5134380001819052,1.3778741934637049,0.0632413255850194,0.04574468288637034,-0.16034333924565383,72,20
10.186868686868687,0.08283280890139699,1.4561597799616333,1.3733269710602363,0.06069908741008396,0.035787223299531816,-0.08124472142710137,67,25
9.5,0.07803506139388183,2.185581371843524,2.107546310449642,0.05578747923073992,-0.0033952859327347736,0.049226954927950775,55,37
10.3989898989899,0.08196363404760065,2.2439706593473194,2.1620070252997188,0.020711966591935423,0.039374612147861865,0.13481522927997813,73,19
10.308080808080808,0.18697112006979788,2.178304605840563,1.991333485770765,0.0656598068254393,0.1077270944858868,0.1282306930688994,67,25
10.308080808080808,0.13293275106994917,2.248736378769573,2.115803627699624,0.062065190929560705,0.058957733747592535,0.328505352106547,68,24
10.186868686868687,0.1290477059465749,1.3143650306914343,1.1853173247448594,0.07454911758712822,0.05750012070197721,-0.1090612279039769,56,36
9.742424242424242,0.09421376063127473,1.7617171423028237,1.667503381671549,0.0839580556151139,0.12315516028363367,0.15565941662061353,52,40
10.075757575757576,0.07788424543804306,1.364858432064068,1.286974186626025,0.0648479958680539,0.0371071133322299,-0.02062816266838726,54,38
10.3989898989899,0.04326006499054347,1.7880398847780101,1.7447798197874667,0.05047705006876341,0.06659934196015524,0.11666629662295827,72,20
9.5,0.16883860628434944,1.9562091243438888,1.7873705180595394,0.05994524390305052,0.013184861471286476,-0.035226855974258946,44,48
10.186868686868687,0.08727797469567666,1.9380323907318535,1.8507544160361769,0.07316963920507315,0.04878115870869928,-0.04045853096837786,59,33
10.3989898989899,0.09286782221870671,1.8950480794492441,1.8021802572305374,0.06052978268325086,0.056916645855196825,0.2611759145065837,67,25
10.308080808080808,0.08327353685054262,1.5444020019059341,1.4611284650553915,0.04325734769649562,0.0743246971437093,0.05544836516571436,68,24
9.742424242424242,0.04705883291633661,1.9643746127062622,1.9173157797899256,0.09869530559173874,0.09845697780247864,0.19508088150039324,48,44
10.186868686868687,0.22078677732256424,1.6243628920997064,1.4035761147771422,0.051649995270013564,0.04324638552959243,-0.17119405627079542,67,25
10.176767676767676,0.28442493065884267,1.9701089710750224,1.6856840404161797,0.060644135202463735,0.07541889784090873,-0.2131230474507635,60,32
