n_galaxies,n_radial_points,chi2_reduced_median,chi2_reduced_mean,upsilon_disk_median,upsilon_disk_mean,Vflat_kms_median,log_g_bar_median,log_g_obs_median
175,3500,0.9955996608718642,1.0250023608938075,4.9999965123700685,4.999995812982606,161.8181818181818,-6.988273184900583,-6.915934606702651
